delivery_start_utc,delivery_end_utc,local_time,local_date,duration_hours,period_role,capacity_hour_start_utc,da_price_eur_per_mwh,da_contract_id,da_native_resolution_minutes,da_source_key,fx_fixing_date,fx_ron_per_eur,fx_source_key,fcr_capacity_price_ron_per_mw_h_candidate,fcr_accepted_capacity_mw,fcr_capacity_order_id,fcr_capacity_source_key,fcr_capacity_price_eur_per_mw_h_proxy,fcr_capacity_status,afrr_up_capacity_price_ron_per_mw_h_candidate,afrr_up_accepted_capacity_mw,afrr_up_capacity_order_id,afrr_up_capacity_source_key,afrr_up_capacity_price_eur_per_mw_h_proxy,afrr_up_capacity_status,afrr_down_capacity_price_ron_per_mw_h_candidate,afrr_down_accepted_capacity_mw,afrr_down_capacity_order_id,afrr_down_capacity_source_key,afrr_down_capacity_price_eur_per_mw_h_proxy,afrr_down_capacity_status,fcr_activation_price_ron_per_mwh_candidate,fcr_activation_price_eur_per_mwh_proxy,fcr_activation_price_status,fcr_system_activation_energy_mwh,afrr_up_activation_price_ron_per_mwh_candidate,afrr_up_activation_price_eur_per_mwh_proxy,afrr_up_activation_price_status,afrr_up_system_activation_energy_mwh,afrr_down_activation_price_ron_per_mwh_candidate,afrr_down_activation_price_eur_per_mwh_proxy,afrr_down_activation_price_status,afrr_down_system_activation_energy_mwh,activation_price_source_key,activation_energy_source_key,da_price_status,alpha_up_raw,alpha_down_raw,alpha_sum_raw,alpha_computable,alpha_strict_valid,afrr_price_inputs_valid,afrr_qh_data_valid,afrr_hour_data_valid,fcr_qh_data_valid,fcr_hour_data_valid,da_contract_data_valid,afrr_qh_failure_reason,afrr_order_gate_reason
2026-08-31T21:00:00Z,2026-08-31T21:15:00Z,2026-09-01T00:00:00+03:00,2026-09-01,0.25,LOOKAHEAD_ONLY,2026-08-31T21:00:00Z,227.53,2026-08-31_93,15,DA_2026-08-31@509c99187dbc,2026-08-31,5.2586,BNR_FX_2026@9bb4cfc29e8f,346.67,132.992,FCR_2026-08-31T21:00:00Z,tenderStatistics_2026-09-01_OBSERVATION@d34bef071ceb,65.92439052219221,PUBLISHED_PROXY,37.04,175.0,aFRRUp_2026-08-31T21:00:00Z,tenderStatistics_2026-09-01_OBSERVATION@d34bef071ceb,7.043699844064959,PUBLISHED_PROXY,2.71,175.0,aFRRDown_2026-08-31T21:00:00Z,tenderStatistics_2026-09-01_OBSERVATION@d34bef071ceb,0.5153462898870421,PUBLISHED_PROXY,,,SOURCE_NULL_NOT_MODELED,,1086.848,206.68010497090478,PUBLISHED_PROXY,4.314,500.0,95.08234130757235,PUBLISHED_PROXY,0.04,marginalPricesOverview_2026-09-01_OBSERVATION@56ccc1059e7c,activatedBalancingEnergyOverview_2026-09-01_OBSERVATION@92253bfac7de,PUBLISHED_NATIVE,0.09860571428571428,0.0009142857142857143,0.09952,True,True,True,True,True,True,True,True,OK,OK
2026-08-31T21:15:00Z,2026-08-31T21:30:00Z,2026-09-01T00:15:00+03:00,2026-09-01,0.25,LOOKAHEAD_ONLY,2026-08-31T21:00:00Z,222.94,2026-08-31_94,15,DA_2026-08-31@509c99187dbc,2026-08-31,5.2586,BNR_FX_2026@9bb4cfc29e8f,346.67,132.992,FCR_2026-08-31T21:00:00Z,tenderStatistics_2026-09-01_OBSERVATION@d34bef071ceb,65.92439052219221,PUBLISHED_PROXY,37.04,175.0,aFRRUp_2026-08-31T21:00:00Z,tenderStatistics_2026-09-01_OBSERVATION@d34bef071ceb,7.043699844064959,PUBLISHED_PROXY,2.71,175.0,aFRRDown_2026-08-31T21:00:00Z,tenderStatistics_2026-09-01_OBSERVATION@d34bef071ceb,0.5153462898870421,PUBLISHED_PROXY,,,SOURCE_NULL_NOT_MODELED,,999.0,189.97451793252955,PUBLISHED_PROXY,0.118,500.0,95.08234130757235,PUBLISHED_PROXY,0.258,marginalPricesOverview_2026-09-01_OBSERVATION@56ccc1059e7c,activatedBalancingEnergyOverview_2026-09-01_OBSERVATION@92253bfac7de,PUBLISHED_NATIVE,0.002697142857142857,0.005897142857142857,0.008594285714285714,True,True,True,True,True,True,True,True,OK,OK
2026-08-31T21:30:00Z,2026-08-31T21:45:00Z,2026-09-01T00:30:00+03:00,2026-09-01,0.25,LOOKAHEAD_ONLY,2026-08-31T21:00:00Z,217.36,2026-08-31_95,15,DA_2026-08-31@509c99187dbc,2026-08-31,5.2586,BNR_FX_2026@9bb4cfc29e8f,346.67,132.992,FCR_2026-08-31T21:00:00Z,tenderStatistics_2026-09-01_OBSERVATION@d34bef071ceb,65.92439052219221,PUBLISHED_PROXY,37.04,175.0,aFRRUp_2026-08-31T21:00:00Z,tenderStatistics_2026-09-01_OBSERVATION@d34bef071ceb,7.043699844064959,PUBLISHED_PROXY,2.71,175.0,aFRRDown_2026-08-31T21:00:00Z,tenderStatistics_2026-09-01_OBSERVATION@d34bef071ceb,0.5153462898870421,PUBLISHED_PROXY,,,SOURCE_NULL_NOT_MODELED,,999.0,189.97451793252955,PUBLISHED_PROXY,0.084,500.0,95.08234130757235,PUBLISHED_PROXY,0.49,marginalPricesOverview_2026-09-01_OBSERVATION@56ccc1059e7c,activatedBalancingEnergyOverview_2026-09-01_OBSERVATION@92253bfac7de,PUBLISHED_NATIVE,0.00192,0.0112,0.01312,True,True,True,True,True,True,True,True,OK,OK
2026-08-31T21:45:00Z,2026-08-31T22:00:00Z,2026-09-01T00:45:00+03:00,2026-09-01,0.25,LOOKAHEAD_ONLY,2026-08-31T21:00:00Z,192.68,2026-08-31_96,15,DA_2026-08-31@509c99187dbc,2026-08-31,5.2586,BNR_FX_2026@9bb4cfc29e8f,346.67,132.992,FCR_2026-08-31T21:00:00Z,tenderStatistics_2026-09-01_OBSERVATION@d34bef071ceb,65.92439052219221,PUBLISHED_PROXY,37.04,175.0,aFRRUp_2026-08-31T21:00:00Z,tenderStatistics_2026-09-01_OBSERVATION@d34bef071ceb,7.043699844064959,PUBLISHED_PROXY,2.71,175.0,aFRRDown_2026-08-31T21:00:00Z,tenderStatistics_2026-09-01_OBSERVATION@d34bef071ceb,0.5153462898870421,PUBLISHED_PROXY,,,SOURCE_NULL_NOT_MODELED,,1174.543,223.35659681283988,PUBLISHED_PROXY,7.317,0.0,0.0,PUBLISHED_PROXY,0.0,marginalPricesOverview_2026-09-01_OBSERVATION@56ccc1059e7c,activatedBalancingEnergyOverview_2026-09-01_OBSERVATION@92253bfac7de,PUBLISHED_NATIVE,0.1672457142857143,0.0,0.1672457142857143,True,True,True,True,True,True,True,True,OK,OK
2026-08-31T22:00:00Z,2026-08-31T22:15:00Z,2026-09-01T01:00:00+03:00,2026-09-01,0.25,LOOKAHEAD_ONLY,2026-08-31T22:00:00Z,202.98,2026-09-01_1,15,DA_2026-09-01_OBSERVATION@67b078a36199,2026-08-31,5.2586,BNR_FX_2026@9bb4cfc29e8f,346.67,130.944,FCR_2026-08-31T22:00:00Z,tenderStatistics_2026-09-01_OBSERVATION@d34bef071ceb,65.92439052219221,PUBLISHED_PROXY,37.04,175.0,aFRRUp_2026-08-31T22:00:00Z,tenderStatistics_2026-09-01_OBSERVATION@d34bef071ceb,7.043699844064959,PUBLISHED_PROXY,2.71,175.0,aFRRDown_2026-08-31T22:00:00Z,tenderStatistics_2026-09-01_OBSERVATION@d34bef071ceb,0.5153462898870421,PUBLISHED_PROXY,,,SOURCE_NULL_NOT_MODELED,,1589.132,302.19678241357013,PUBLISHED_PROXY,23.578,0.0,0.0,PUBLISHED_PROXY,0.0,marginalPricesOverview_2026-09-01_OBSERVATION@56ccc1059e7c,activatedBalancingEnergyOverview_2026-09-01_OBSERVATION@92253bfac7de,PUBLISHED_NATIVE,0.5389257142857142,0.0,0.5389257142857142,True,True,True,True,True,True,True,True,OK,OK
2026-08-31T22:15:00Z,2026-08-31T22:30:00Z,2026-09-01T01:15:00+03:00,2026-09-01,0.25,LOOKAHEAD_ONLY,2026-08-31T22:00:00Z,194.03,2026-09-01_2,15,DA_2026-09-01_OBSERVATION@67b078a36199,2026-08-31,5.2586,BNR_FX_2026@9bb4cfc29e8f,346.67,130.944,FCR_2026-08-31T22:00:00Z,tenderStatistics_2026-09-01_OBSERVATION@d34bef071ceb,65.92439052219221,PUBLISHED_PROXY,37.04,175.0,aFRRUp_2026-08-31T22:00:00Z,tenderStatistics_2026-09-01_OBSERVATION@d34bef071ceb,7.043699844064959,PUBLISHED_PROXY,2.71,175.0,aFRRDown_2026-08-31T22:00:00Z,tenderStatistics_2026-09-01_OBSERVATION@d34bef071ceb,0.5153462898870421,PUBLISHED_PROXY,,,SOURCE_NULL_NOT_MODELED,,1473.885,280.28087323622253,PUBLISHED_PROXY,19.436,0.0,0.0,PUBLISHED_PROXY,0.0,marginalPricesOverview_2026-09-01_OBSERVATION@56ccc1059e7c,activatedBalancingEnergyOverview_2026-09-01_OBSERVATION@92253bfac7de,PUBLISHED_NATIVE,0.4442514285714286,0.0,0.4442514285714286,True,True,True,True,True,True,True,True,OK,OK
2026-08-31T22:30:00Z,2026-08-31T22:45:00Z,2026-09-01T01:30:00+03:00,2026-09-01,0.25,LOOKAHEAD_ONLY,2026-08-31T22:00:00Z,186.12,2026-09-01_3,15,DA_2026-09-01_OBSERVATION@67b078a36199,2026-08-31,5.2586,BNR_FX_2026@9bb4cfc29e8f,346.67,130.944,FCR_2026-08-31T22:00:00Z,tenderStatistics_2026-09-01_OBSERVATION@d34bef071ceb,65.92439052219221,PUBLISHED_PROXY,37.04,175.0,aFRRUp_2026-08-31T22:00:00Z,tenderStatistics_2026-09-01_OBSERVATION@d34bef071ceb,7.043699844064959,PUBLISHED_PROXY,2.71,175.0,aFRRDown_2026-08-31T22:00:00Z,tenderStatistics_2026-09-01_OBSERVATION@d34bef071ceb,0.5153462898870421,PUBLISHED_PROXY,,,SOURCE_NULL_NOT_MODELED,,1602.183,304.6786216863804,PUBLISHED_PROXY,25.986,0.0,0.0,PUBLISHED_PROXY,0.0,marginalPricesOverview_2026-09-01_OBSERVATION@56ccc1059e7c,activatedBalancingEnergyOverview_2026-09-01_OBSERVATION@92253bfac7de,PUBLISHED_NATIVE,0.5939657142857143,0.0,0.5939657142857143,True,True,True,True,True,True,True,True,OK,OK
2026-08-31T22:45:00Z,2026-08-31T23:00:00Z,2026-09-01T01:45:00+03:00,2026-09-01,0.25,LOOKAHEAD_ONLY,2026-08-31T22:00:00Z,176.56,2026-09-01_4,15,DA_2026-09-01_OBSERVATION@67b078a36199,2026-08-31,5.2586,BNR_FX_2026@9bb4cfc29e8f,346.67,130.944,FCR_2026-08-31T22:00:00Z,tenderStatistics_2026-09-01_OBSERVATION@d34bef071ceb,65.92439052219221,PUBLISHED_PROXY,37.04,175.0,aFRRUp_2026-08-31T22:00:00Z,tenderStatistics_2026-09-01_OBSERVATION@d34bef071ceb,7.043699844064959,PUBLISHED_PROXY,2.71,175.0,aFRRDown_2026-08-31T22:00:00Z,tenderStatistics_2026-09-01_OBSERVATION@d34bef071ceb,0.5153462898870421,PUBLISHED_PROXY,,,SOURCE_NULL_NOT_MODELED,,1244.135,236.59053740539306,PUBLISHED_PROXY,3.185,500.0,95.08234130757235,PUBLISHED_PROXY,0.004,marginalPricesOverview_2026-09-01_OBSERVATION@56ccc1059e7c,activatedBalancingEnergyOverview_2026-09-01_OBSERVATION@92253bfac7de,PUBLISHED_NATIVE,0.0728,9.142857142857143e-05,0.07289142857142858,True,True,True,True,True,True,True,True,OK,OK
2026-08-31T23:00:00Z,2026-08-31T23:15:00Z,2026-09-01T02:00:00+03:00,2026-09-01,0.25,LOOKAHEAD_ONLY,2026-08-31T23:00:00Z,167.26,2026-09-01_5,15,DA_2026-09-01_OBSERVATION@67b078a36199,2026-08-31,5.2586,BNR_FX_2026@9bb4cfc29e8f,346.67,130.944,FCR_2026-08-31T23:00:00Z,tenderStatistics_2026-09-01_OBSERVATION@d34bef071ceb,65.92439052219221,PUBLISHED_PROXY,37.04,175.0,aFRRUp_2026-08-31T23:00:00Z,tenderStatistics_2026-09-01_OBSERVATION@d34bef071ceb,7.043699844064959,PUBLISHED_PROXY,2.71,175.0,aFRRDown_2026-08-31T23:00:00Z,tenderStatistics_2026-09-01_OBSERVATION@d34bef071ceb,0.5153462898870421,PUBLISHED_PROXY,,,SOURCE_NULL_NOT_MODELED,,3622.741,688.9173924618719,PUBLISHED_PROXY,34.442,0.0,0.0,PUBLISHED_PROXY,0.0,marginalPricesOverview_2026-09-01_OBSERVATION@56ccc1059e7c,activatedBalancingEnergyOverview_2026-09-01_OBSERVATION@92253bfac7de,PUBLISHED_NATIVE,0.7872457142857143,0.0,0.7872457142857143,True,True,True,True,False,True,True,True,OK,OTHER_QH_IN_SAME_HOUR_INVALID
2026-08-31T23:15:00Z,2026-08-31T23:30:00Z,2026-09-01T02:15:00+03:00,2026-09-01,0.25,LOOKAHEAD_ONLY,2026-08-31T23:00:00Z,165.23,2026-09-01_6,15,DA_2026-09-01_OBSERVATION@67b078a36199,2026-08-31,5.2586,BNR_FX_2026@9bb4cfc29e8f,346.67,130.944,FCR_2026-08-31T23:00:00Z,tenderStatistics_2026-09-01_OBSERVATION@d34bef071ceb,65.92439052219221,PUBLISHED_PROXY,37.04,175.0,aFRRUp_2026-08-31T23:00:00Z,tenderStatistics_2026-09-01_OBSERVATION@d34bef071ceb,7.043699844064959,PUBLISHED_PROXY,2.71,175.0,aFRRDown_2026-08-31T23:00:00Z,tenderStatistics_2026-09-01_OBSERVATION@d34bef071ceb,0.5153462898870421,PUBLISHED_PROXY,,,SOURCE_NULL_NOT_MODELED,,4539.651,863.2812915985243,PUBLISHED_PROXY,49.308,0.0,0.0,PUBLISHED_PROXY,0.0,marginalPricesOverview_2026-09-01_OBSERVATION@56ccc1059e7c,activatedBalancingEnergyOverview_2026-09-01_OBSERVATION@92253bfac7de,PUBLISHED_NATIVE,1.12704,0.0,1.12704,True,False,True,False,False,True,True,True,ALPHA_OUTSIDE_SIMPLEX,ALPHA_OUTSIDE_SIMPLEX
2026-08-31T23:30:00Z,2026-08-31T23:45:00Z,2026-09-01T02:30:00+03:00,2026-09-01,0.25,LOOKAHEAD_ONLY,2026-08-31T23:00:00Z,159.22,2026-09-01_7,15,DA_2026-09-01_OBSERVATION@67b078a36199,2026-08-31,5.2586,BNR_FX_2026@9bb4cfc29e8f,346.67,130.944,FCR_2026-08-31T23:00:00Z,tenderStatistics_2026-09-01_OBSERVATION@d34bef071ceb,65.92439052219221,PUBLISHED_PROXY,37.04,175.0,aFRRUp_2026-08-31T23:00:00Z,tenderStatistics_2026-09-01_OBSERVATION@d34bef071ceb,7.043699844064959,PUBLISHED_PROXY,2.71,175.0,aFRRDown_2026-08-31T23:00:00Z,tenderStatistics_2026-09-01_OBSERVATION@d34bef071ceb,0.5153462898870421,PUBLISHED_PROXY,,,SOURCE_NULL_NOT_MODELED,,1315.306,250.12474803179552,PUBLISHED_PROXY,14.023,0.0,0.0,PUBLISHED_PROXY,0.0,marginalPricesOverview_2026-09-01_OBSERVATION@56ccc1059e7c,activatedBalancingEnergyOverview_2026-09-01_OBSERVATION@92253bfac7de,PUBLISHED_NATIVE,0.3205257142857143,0.0,0.3205257142857143,True,True,True,True,False,True,True,True,OK,OTHER_QH_IN_SAME_HOUR_INVALID
2026-08-31T23:45:00Z,2026-09-01T00:00:00Z,2026-09-01T02:45:00+03:00,2026-09-01,0.25,LOOKAHEAD_ONLY,2026-08-31T23:00:00Z,157.74,2026-09-01_8,15,DA_2026-09-01_OBSERVATION@67b078a36199,2026-08-31,5.2586,BNR_FX_2026@9bb4cfc29e8f,346.67,130.944,FCR_2026-08-31T23:00:00Z,tenderStatistics_2026-09-01_OBSERVATION@d34bef071ceb,65.92439052219221,PUBLISHED_PROXY,37.04,175.0,aFRRUp_2026-08-31T23:00:00Z,tenderStatistics_2026-09-01_OBSERVATION@d34bef071ceb,7.043699844064959,PUBLISHED_PROXY,2.71,175.0,aFRRDown_2026-08-31T23:00:00Z,tenderStatistics_2026-09-01_OBSERVATION@d34bef071ceb,0.5153462898870421,PUBLISHED_PROXY,,,SOURCE_NULL_NOT_MODELED,,1106.17,210.35446696839463,PUBLISHED_PROXY,3.138,461.063,87.67789906058645,PUBLISHED_PROXY,0.048,marginalPricesOverview_2026-09-01_OBSERVATION@56ccc1059e7c,activatedBalancingEnergyOverview_2026-09-01_OBSERVATION@92253bfac7de,PUBLISHED_NATIVE,0.07172571428571428,0.001097142857142857,0.07282285714285713,True,True,True,True,False,True,True,True,OK,OTHER_QH_IN_SAME_HOUR_INVALID
2026-09-01T00:00:00Z,2026-09-01T00:15:00Z,2026-09-01T03:00:00+03:00,2026-09-01,0.25,LOOKAHEAD_ONLY,2026-09-01T00:00:00Z,167.05,2026-09-01_9,15,DA_2026-09-01_OBSERVATION@67b078a36199,2026-08-31,5.2586,BNR_FX_2026@9bb4cfc29e8f,346.67,130.944,FCR_2026-09-01T00:00:00Z,tenderStatistics_2026-09-01_OBSERVATION@d34bef071ceb,65.92439052219221,PUBLISHED_PROXY,37.04,175.0,aFRRUp_2026-09-01T00:00:00Z,tenderStatistics_2026-09-01_OBSERVATION@d34bef071ceb,7.043699844064959,PUBLISHED_PROXY,4.16,175.0,aFRRDown_2026-09-01T00:00:00Z,tenderStatistics_2026-09-01_OBSERVATION@d34bef071ceb,0.791085079679002,PUBLISHED_PROXY,,,SOURCE_NULL_NOT_MODELED,,1184.303,225.21260411516374,PUBLISHED_PROXY,10.543,0.0,0.0,PUBLISHED_PROXY,0.0,marginalPricesOverview_2026-09-01_OBSERVATION@56ccc1059e7c,activatedBalancingEnergyOverview_2026-09-01_OBSERVATION@92253bfac7de,PUBLISHED_NATIVE,0.24098285714285714,0.0,0.24098285714285714,True,True,True,True,True,True,True,True,OK,OK
2026-09-01T00:15:00Z,2026-09-01T00:30:00Z,2026-09-01T03:15:00+03:00,2026-09-01,0.25,LOOKAHEAD_ONLY,2026-09-01T00:00:00Z,163.8,2026-09-01_10,15,DA_2026-09-01_OBSERVATION@67b078a36199,2026-08-31,5.2586,BNR_FX_2026@9bb4cfc29e8f,346.67,130.944,FCR_2026-09-01T00:00:00Z,tenderStatistics_2026-09-01_OBSERVATION@d34bef071ceb,65.92439052219221,PUBLISHED_PROXY,37.04,175.0,aFRRUp_2026-09-01T00:00:00Z,tenderStatistics_2026-09-01_OBSERVATION@d34bef071ceb,7.043699844064959,PUBLISHED_PROXY,4.16,175.0,aFRRDown_2026-09-01T00:00:00Z,tenderStatistics_2026-09-01_OBSERVATION@d34bef071ceb,0.791085079679002,PUBLISHED_PROXY,,,SOURCE_NULL_NOT_MODELED,,1481.632,281.75407903244206,PUBLISHED_PROXY,27.565,0.0,0.0,PUBLISHED_PROXY,0.0,marginalPricesOverview_2026-09-01_OBSERVATION@56ccc1059e7c,activatedBalancingEnergyOverview_2026-09-01_OBSERVATION@92253bfac7de,PUBLISHED_NATIVE,0.6300571428571429,0.0,0.6300571428571429,True,True,True,True,True,True,True,True,OK,OK
2026-09-01T00:30:00Z,2026-09-01T00:45:00Z,2026-09-01T03:30:00+03:00,2026-09-01,0.25,LOOKAHEAD_ONLY,2026-09-01T00:00:00Z,162.68,2026-09-01_11,15,DA_2026-09-01_OBSERVATION@67b078a36199,2026-08-31,5.2586,BNR_FX_2026@9bb4cfc29e8f,346.67,130.944,FCR_2026-09-01T00:00:00Z,tenderStatistics_2026-09-01_OBSERVATION@d34bef071ceb,65.92439052219221,PUBLISHED_PROXY,37.04,175.0,aFRRUp_2026-09-01T00:00:00Z,tenderStatistics_2026-09-01_OBSERVATION@d34bef071ceb,7.043699844064959,PUBLISHED_PROXY,4.16,175.0,aFRRDown_2026-09-01T00:00:00Z,tenderStatistics_2026-09-01_OBSERVATION@d34bef071ceb,0.791085079679002,PUBLISHED_PROXY,,,SOURCE_NULL_NOT_MODELED,,1182.097,224.7931008253147,PUBLISHED_PROXY,16.254,0.0,0.0,PUBLISHED_PROXY,0.0,marginalPricesOverview_2026-09-01_OBSERVATION@56ccc1059e7c,activatedBalancingEnergyOverview_2026-09-01_OBSERVATION@92253bfac7de,PUBLISHED_NATIVE,0.37152,0.0,0.37152,True,True,True,True,True,True,True,True,OK,OK
2026-09-01T00:45:00Z,2026-09-01T01:00:00Z,2026-09-01T03:45:00+03:00,2026-09-01,0.25,LOOKAHEAD_ONLY,2026-09-01T00:00:00Z,162.09,2026-09-01_12,15,DA_2026-09-01_OBSERVATION@67b078a36199,2026-08-31,5.2586,BNR_FX_2026@9bb4cfc29e8f,346.67,130.944,FCR_2026-09-01T00:00:00Z,tenderStatistics_2026-09-01_OBSERVATION@d34bef071ceb,65.92439052219221,PUBLISHED_PROXY,37.04,175.0,aFRRUp_2026-09-01T00:00:00Z,tenderStatistics_2026-09-01_OBSERVATION@d34bef071ceb,7.043699844064959,PUBLISHED_PROXY,4.16,175.0,aFRRDown_2026-09-01T00:00:00Z,tenderStatistics_2026-09-01_OBSERVATION@d34bef071ceb,0.791085079679002,PUBLISHED_PROXY,,,SOURCE_NULL_NOT_MODELED,,1469.226,279.3948959799186,PUBLISHED_PROXY,19.919,0.0,0.0,PUBLISHED_PROXY,0.0,marginalPricesOverview_2026-09-01_OBSERVATION@56ccc1059e7c,activatedBalancingEnergyOverview_2026-09-01_OBSERVATION@92253bfac7de,PUBLISHED_NATIVE,0.45529142857142857,0.0,0.45529142857142857,True,True,True,True,True,True,True,True,OK,OK
2026-09-01T01:00:00Z,2026-09-01T01:15:00Z,2026-09-01T04:00:00+03:00,2026-09-01,0.25,LOOKAHEAD_ONLY,2026-09-01T01:00:00Z,166.98,2026-09-01_13,15,DA_2026-09-01_OBSERVATION@67b078a36199,2026-08-31,5.2586,BNR_FX_2026@9bb4cfc29e8f,346.67,130.944,FCR_2026-09-01T01:00:00Z,tenderStatistics_2026-09-01_OBSERVATION@d34bef071ceb,65.92439052219221,PUBLISHED_PROXY,37.04,175.0,aFRRUp_2026-09-01T01:00:00Z,tenderStatistics_2026-09-01_OBSERVATION@d34bef071ceb,7.043699844064959,PUBLISHED_PROXY,4.21,175.0,aFRRDown_2026-09-01T01:00:00Z,tenderStatistics_2026-09-01_OBSERVATION@d34bef071ceb,0.8005933138097592,PUBLISHED_PROXY,,,SOURCE_NULL_NOT_MODELED,,1168.02,222.11615258814132,PUBLISHED_PROXY,8.92,0.0,0.0,PUBLISHED_PROXY,0.0,marginalPricesOverview_2026-09-01_OBSERVATION@56ccc1059e7c,activatedBalancingEnergyOverview_2026-09-01_OBSERVATION@92253bfac7de,PUBLISHED_NATIVE,0.20388571428571428,0.0,0.20388571428571428,True,True,True,True,True,True,True,True,OK,OK
2026-09-01T01:15:00Z,2026-09-01T01:30:00Z,2026-09-01T04:15:00+03:00,2026-09-01,0.25,LOOKAHEAD_ONLY,2026-09-01T01:00:00Z,162.2,2026-09-01_14,15,DA_2026-09-01_OBSERVATION@67b078a36199,2026-08-31,5.2586,BNR_FX_2026@9bb4cfc29e8f,346.67,130.944,FCR_2026-09-01T01:00:00Z,tenderStatistics_2026-09-01_OBSERVATION@d34bef071ceb,65.92439052219221,PUBLISHED_PROXY,37.04,175.0,aFRRUp_2026-09-01T01:00:00Z,tenderStatistics_2026-09-01_OBSERVATION@d34bef071ceb,7.043699844064959,PUBLISHED_PROXY,4.21,175.0,aFRRDown_2026-09-01T01:00:00Z,tenderStatistics_2026-09-01_OBSERVATION@d34bef071ceb,0.8005933138097592,PUBLISHED_PROXY,,,SOURCE_NULL_NOT_MODELED,,999.0,189.97451793252955,PUBLISHED_PROXY,0.828,0.0,0.0,PUBLISHED_PROXY,0.0,marginalPricesOverview_2026-09-01_OBSERVATION@56ccc1059e7c,activatedBalancingEnergyOverview_2026-09-01_OBSERVATION@92253bfac7de,PUBLISHED_NATIVE,0.018925714285714285,0.0,0.018925714285714285,True,True,True,True,True,True,True,True,OK,OK
2026-09-01T01:30:00Z,2026-09-01T01:45:00Z,2026-09-01T04:30:00+03:00,2026-09-01,0.25,LOOKAHEAD_ONLY,2026-09-01T01:00:00Z,161.41,2026-09-01_15,15,DA_2026-09-01_OBSERVATION@67b078a36199,2026-08-31,5.2586,BNR_FX_2026@9bb4cfc29e8f,346.67,130.944,FCR_2026-09-01T01:00:00Z,tenderStatistics_2026-09-01_OBSERVATION@d34bef071ceb,65.92439052219221,PUBLISHED_PROXY,37.04,175.0,aFRRUp_2026-09-01T01:00:00Z,tenderStatistics_2026-09-01_OBSERVATION@d34bef071ceb,7.043699844064959,PUBLISHED_PROXY,4.21,175.0,aFRRDown_2026-09-01T01:00:00Z,tenderStatistics_2026-09-01_OBSERVATION@d34bef071ceb,0.8005933138097592,PUBLISHED_PROXY,,,SOURCE_NULL_NOT_MODELED,,999.0,189.97451793252955,PUBLISHED_PROXY,0.132,438.955,83.47373825733084,PUBLISHED_PROXY,0.111,marginalPricesOverview_2026-09-01_OBSERVATION@56ccc1059e7c,activatedBalancingEnergyOverview_2026-09-01_OBSERVATION@92253bfac7de,PUBLISHED_NATIVE,0.003017142857142857,0.002537142857142857,0.005554285714285715,True,True,True,True,True,True,True,True,OK,OK
2026-09-01T01:45:00Z,2026-09-01T02:00:00Z,2026-09-01T04:45:00+03:00,2026-09-01,0.25,LOOKAHEAD_ONLY,2026-09-01T01:00:00Z,160.07,2026-09-01_16,15,DA_2026-09-01_OBSERVATION@67b078a36199,2026-08-31,5.2586,BNR_FX_2026@9bb4cfc29e8f,346.67,130.944,FCR_2026-09-01T01:00:00Z,tenderStatistics_2026-09-01_OBSERVATION@d34bef071ceb,65.92439052219221,PUBLISHED_PROXY,37.04,175.0,aFRRUp_2026-09-01T01:00:00Z,tenderStatistics_2026-09-01_OBSERVATION@d34bef071ceb,7.043699844064959,PUBLISHED_PROXY,4.21,175.0,aFRRDown_2026-09-01T01:00:00Z,tenderStatistics_2026-09-01_OBSERVATION@d34bef071ceb,0.8005933138097592,PUBLISHED_PROXY,,,SOURCE_NULL_NOT_MODELED,,0.0,0.0,PUBLISHED_PROXY,0.0,378.526,71.98227665158026,PUBLISHED_PROXY,2.473,marginalPricesOverview_2026-09-01_OBSERVATION@56ccc1059e7c,activatedBalancingEnergyOverview_2026-09-01_OBSERVATION@92253bfac7de,PUBLISHED_NATIVE,0.0,0.05652571428571428,0.05652571428571428,True,True,True,True,True,True,True,True,OK,OK
2026-09-01T02:00:00Z,2026-09-01T02:15:00Z,2026-09-01T05:00:00+03:00,2026-09-01,0.25,LOOKAHEAD_ONLY,2026-09-01T02:00:00Z,162.38,2026-09-01_17,15,DA_2026-09-01_OBSERVATION@67b078a36199,2026-08-31,5.2586,BNR_FX_2026@9bb4cfc29e8f,346.67,130.944,FCR_2026-09-01T02:00:00Z,tenderStatistics_2026-09-01_OBSERVATION@d34bef071ceb,65.92439052219221,PUBLISHED_PROXY,37.04,175.0,aFRRUp_2026-09-01T02:00:00Z,tenderStatistics_2026-09-01_OBSERVATION@d34bef071ceb,7.043699844064959,PUBLISHED_PROXY,4.32,175.0,aFRRDown_2026-09-01T02:00:00Z,tenderStatistics_2026-09-01_OBSERVATION@d34bef071ceb,0.8215114288974251,PUBLISHED_PROXY,,,SOURCE_NULL_NOT_MODELED,,999.0,189.97451793252955,PUBLISHED_PROXY,0.007,394.564,75.03213783136196,PUBLISHED_PROXY,2.885,marginalPricesOverview_2026-09-01_OBSERVATION@56ccc1059e7c,activatedBalancingEnergyOverview_2026-09-01_OBSERVATION@92253bfac7de,PUBLISHED_NATIVE,0.00016,0.06594285714285714,0.06610285714285713,True,True,True,True,True,True,True,True,OK,OK
2026-09-01T02:15:00Z,2026-09-01T02:30:00Z,2026-09-01T05:15:00+03:00,2026-09-01,0.25,LOOKAHEAD_ONLY,2026-09-01T02:00:00Z,154.96,2026-09-01_18,15,DA_2026-09-01_OBSERVATION@67b078a36199,2026-08-31,5.2586,BNR_FX_2026@9bb4cfc29e8f,346.67,130.944,FCR_2026-09-01T02:00:00Z,tenderStatistics_2026-09-01_OBSERVATION@d34bef071ceb,65.92439052219221,PUBLISHED_PROXY,37.04,175.0,aFRRUp_2026-09-01T02:00:00Z,tenderStatistics_2026-09-01_OBSERVATION@d34bef071ceb,7.043699844064959,PUBLISHED_PROXY,4.32,175.0,aFRRDown_2026-09-01T02:00:00Z,tenderStatistics_2026-09-01_OBSERVATION@d34bef071ceb,0.8215114288974251,PUBLISHED_PROXY,,,SOURCE_NULL_NOT_MODELED,,1055.394,200.69866504392803,PUBLISHED_PROXY,1.035,448.288,85.24854524017799,PUBLISHED_PROXY,0.066,marginalPricesOverview_2026-09-01_OBSERVATION@56ccc1059e7c,activatedBalancingEnergyOverview_2026-09-01_OBSERVATION@92253bfac7de,PUBLISHED_NATIVE,0.023657142857142856,0.0015085714285714286,0.025165714285714284,True,True,True,True,True,True,True,True,OK,OK
2026-09-01T02:30:00Z,2026-09-01T02:45:00Z,2026-09-01T05:30:00+03:00,2026-09-01,0.25,LOOKAHEAD_ONLY,2026-09-01T02:00:00Z,161.03,2026-09-01_19,15,DA_2026-09-01_OBSERVATION@67b078a36199,2026-08-31,5.2586,BNR_FX_2026@9bb4cfc29e8f,346.67,130.944,FCR_2026-09-01T02:00:00Z,tenderStatistics_2026-09-01_OBSERVATION@d34bef071ceb,65.92439052219221,PUBLISHED_PROXY,37.04,175.0,aFRRUp_2026-09-01T02:00:00Z,tenderStatistics_2026-09-01_OBSERVATION@d34bef071ceb,7.043699844064959,PUBLISHED_PROXY,4.32,175.0,aFRRDown_2026-09-01T02:00:00Z,tenderStatistics_2026-09-01_OBSERVATION@d34bef071ceb,0.8215114288974251,PUBLISHED_PROXY,,,SOURCE_NULL_NOT_MODELED,,1133.44,215.54025786330962,PUBLISHED_PROXY,6.469,0.0,0.0,PUBLISHED_PROXY,0.0,marginalPricesOverview_2026-09-01_OBSERVATION@56ccc1059e7c,activatedBalancingEnergyOverview_2026-09-01_OBSERVATION@92253bfac7de,PUBLISHED_NATIVE,0.14786285714285716,0.0,0.14786285714285716,True,True,True,True,True,True,True,True,OK,OK
2026-09-01T02:45:00Z,2026-09-01T03:00:00Z,2026-09-01T05:45:00+03:00,2026-09-01,0.25,LOOKAHEAD_ONLY,2026-09-01T02:00:00Z,168.21,2026-09-01_20,15,DA_2026-09-01_OBSERVATION@67b078a36199,2026-08-31,5.2586,BNR_FX_2026@9bb4cfc29e8f,346.67,130.944,FCR_2026-09-01T02:00:00Z,tenderStatistics_2026-09-01_OBSERVATION@d34bef071ceb,65.92439052219221,PUBLISHED_PROXY,37.04,175.0,aFRRUp_2026-09-01T02:00:00Z,tenderStatistics_2026-09-01_OBSERVATION@d34bef071ceb,7.043699844064959,PUBLISHED_PROXY,4.32,175.0,aFRRDown_2026-09-01T02:00:00Z,tenderStatistics_2026-09-01_OBSERVATION@d34bef071ceb,0.8215114288974251,PUBLISHED_PROXY,,,SOURCE_NULL_NOT_MODELED,,1062.561,202.06157532423074,PUBLISHED_PROXY,2.782,424.918,80.80439660746205,PUBLISHED_PROXY,0.061,marginalPricesOverview_2026-09-01_OBSERVATION@56ccc1059e7c,activatedBalancingEnergyOverview_2026-09-01_OBSERVATION@92253bfac7de,PUBLISHED_NATIVE,0.06358857142857142,0.0013942857142857142,0.06498285714285713,True,True,True,True,True,True,True,True,OK,OK
2026-09-01T03:00:00Z,2026-09-01T03:15:00Z,2026-09-01T06:00:00+03:00,2026-09-01,0.25,LOOKAHEAD_ONLY,2026-09-01T03:00:00Z,161.96,2026-09-01_21,15,DA_2026-09-01_OBSERVATION@67b078a36199,2026-08-31,5.2586,BNR_FX_2026@9bb4cfc29e8f,346.67,130.944,FCR_2026-09-01T03:00:00Z,tenderStatistics_2026-09-01_OBSERVATION@d34bef071ceb,65.92439052219221,PUBLISHED_PROXY,37.43,175.0,aFRRUp_2026-09-01T03:00:00Z,tenderStatistics_2026-09-01_OBSERVATION@d34bef071ceb,7.117864070284866,PUBLISHED_PROXY,0.92,175.0,aFRRDown_2026-09-01T03:00:00Z,tenderStatistics_2026-09-01_OBSERVATION@d34bef071ceb,0.17495150800593312,PUBLISHED_PROXY,,,SOURCE_NULL_NOT_MODELED,,1413.829,268.8603430570874,PUBLISHED_PROXY,5.781,343.457,65.31339139694975,PUBLISHED_PROXY,3.122,marginalPricesOverview_2026-09-01_OBSERVATION@56ccc1059e7c,activatedBalancingEnergyOverview_2026-09-01_OBSERVATION@92253bfac7de,PUBLISHED_NATIVE,0.13213714285714284,0.07135999999999999,0.20349714285714282,True,True,True,True,True,True,True,True,OK,OK
2026-09-01T03:15:00Z,2026-09-01T03:30:00Z,2026-09-01T06:15:00+03:00,2026-09-01,0.25,LOOKAHEAD_ONLY,2026-09-01T03:00:00Z,168.13,2026-09-01_22,15,DA_2026-09-01_OBSERVATION@67b078a36199,2026-08-31,5.2586,BNR_FX_2026@9bb4cfc29e8f,346.67,130.944,FCR_2026-09-01T03:00:00Z,tenderStatistics_2026-09-01_OBSERVATION@d34bef071ceb,65.92439052219221,PUBLISHED_PROXY,37.43,175.0,aFRRUp_2026-09-01T03:00:00Z,tenderStatistics_2026-09-01_OBSERVATION@d34bef071ceb,7.117864070284866,PUBLISHED_PROXY,0.92,175.0,aFRRDown_2026-09-01T03:00:00Z,tenderStatistics_2026-09-01_OBSERVATION@d34bef071ceb,0.17495150800593312,PUBLISHED_PROXY,,,SOURCE_NULL_NOT_MODELED,,1306.335,248.41878066405505,PUBLISHED_PROXY,8.172,0.0,0.0,PUBLISHED_PROXY,0.0,marginalPricesOverview_2026-09-01_OBSERVATION@56ccc1059e7c,activatedBalancingEnergyOverview_2026-09-01_OBSERVATION@92253bfac7de,PUBLISHED_NATIVE,0.18678857142857144,0.0,0.18678857142857144,True,True,True,True,True,True,True,True,OK,OK
2026-09-01T03:30:00Z,2026-09-01T03:45:00Z,2026-09-01T06:30:00+03:00,2026-09-01,0.25,LOOKAHEAD_ONLY,2026-09-01T03:00:00Z,187.39,2026-09-01_23,15,DA_2026-09-01_OBSERVATION@67b078a36199,2026-08-31,5.2586,BNR_FX_2026@9bb4cfc29e8f,346.67,130.944,FCR_2026-09-01T03:00:00Z,tenderStatistics_2026-09-01_OBSERVATION@d34bef071ceb,65.92439052219221,PUBLISHED_PROXY,37.43,175.0,aFRRUp_2026-09-01T03:00:00Z,tenderStatistics_2026-09-01_OBSERVATION@d34bef071ceb,7.117864070284866,PUBLISHED_PROXY,0.92,175.0,aFRRDown_2026-09-01T03:00:00Z,tenderStatistics_2026-09-01_OBSERVATION@d34bef071ceb,0.17495150800593312,PUBLISHED_PROXY,,,SOURCE_NULL_NOT_MODELED,,1187.958,225.9076560301221,PUBLISHED_PROXY,3.324,0.0,0.0,PUBLISHED_PROXY,0.0,marginalPricesOverview_2026-09-01_OBSERVATION@56ccc1059e7c,activatedBalancingEnergyOverview_2026-09-01_OBSERVATION@92253bfac7de,PUBLISHED_NATIVE,0.07597714285714285,0.0,0.07597714285714285,True,True,True,True,True,True,True,True,OK,OK
2026-09-01T03:45:00Z,2026-09-01T04:00:00Z,2026-09-01T06:45:00+03:00,2026-09-01,0.25,LOOKAHEAD_ONLY,2026-09-01T03:00:00Z,197.8,2026-09-01_24,15,DA_2026-09-01_OBSERVATION@67b078a36199,2026-08-31,5.2586,BNR_FX_2026@9bb4cfc29e8f,346.67,130.944,FCR_2026-09-01T03:00:00Z,tenderStatistics_2026-09-01_OBSERVATION@d34bef071ceb,65.92439052219221,PUBLISHED_PROXY,37.43,175.0,aFRRUp_2026-09-01T03:00:00Z,tenderStatistics_2026-09-01_OBSERVATION@d34bef071ceb,7.117864070284866,PUBLISHED_PROXY,0.92,175.0,aFRRDown_2026-09-01T03:00:00Z,tenderStatistics_2026-09-01_OBSERVATION@d34bef071ceb,0.17495150800593312,PUBLISHED_PROXY,,,SOURCE_NULL_NOT_MODELED,,1352.538,257.2049594949226,PUBLISHED_PROXY,5.058,420.0,79.86916669836077,PUBLISHED_PROXY,0.035,marginalPricesOverview_2026-09-01_OBSERVATION@56ccc1059e7c,activatedBalancingEnergyOverview_2026-09-01_OBSERVATION@92253bfac7de,PUBLISHED_NATIVE,0.11561142857142857,0.0008,0.11641142857142857,True,True,True,True,True,True,True,True,OK,OK
2026-09-01T04:00:00Z,2026-09-01T04:15:00Z,2026-09-01T07:00:00+03:00,2026-09-01,0.25,LOOKAHEAD_ONLY,2026-09-01T04:00:00Z,200.56,2026-09-01_25,15,DA_2026-09-01_OBSERVATION@67b078a36199,2026-08-31,5.2586,BNR_FX_2026@9bb4cfc29e8f,346.67,122.88,FCR_2026-09-01T04:00:00Z,tenderStatistics_2026-09-01_OBSERVATION@d34bef071ceb,65.92439052219221,PUBLISHED_PROXY,36.69,175.0,aFRRUp_2026-09-01T04:00:00Z,tenderStatistics_2026-09-01_OBSERVATION@d34bef071ceb,6.977142205149659,PUBLISHED_PROXY,0.92,175.0,aFRRDown_2026-09-01T04:00:00Z,tenderStatistics_2026-09-01_OBSERVATION@d34bef071ceb,0.17495150800593312,PUBLISHED_PROXY,,,SOURCE_NULL_NOT_MODELED,,1220.637,232.12204769330236,PUBLISHED_PROXY,2.16,413.082,78.5536074240292,PUBLISHED_PROXY,1.144,marginalPricesOverview_2026-09-01_OBSERVATION@56ccc1059e7c,activatedBalancingEnergyOverview_2026-09-01_OBSERVATION@92253bfac7de,PUBLISHED_NATIVE,0.04937142857142857,0.026148571428571427,0.07552,True,True,True,True,True,True,True,True,OK,OK
2026-09-01T04:15:00Z,2026-09-01T04:30:00Z,2026-09-01T07:15:00+03:00,2026-09-01,0.25,LOOKAHEAD_ONLY,2026-09-01T04:00:00Z,205.68,2026-09-01_26,15,DA_2026-09-01_OBSERVATION@67b078a36199,2026-08-31,5.2586,BNR_FX_2026@9bb4cfc29e8f,346.67,122.88,FCR_2026-09-01T04:00:00Z,tenderStatistics_2026-09-01_OBSERVATION@d34bef071ceb,65.92439052219221,PUBLISHED_PROXY,36.69,175.0,aFRRUp_2026-09-01T04:00:00Z,tenderStatistics_2026-09-01_OBSERVATION@d34bef071ceb,6.977142205149659,PUBLISHED_PROXY,0.92,175.0,aFRRDown_2026-09-01T04:00:00Z,tenderStatistics_2026-09-01_OBSERVATION@d34bef071ceb,0.17495150800593312,PUBLISHED_PROXY,,,SOURCE_NULL_NOT_MODELED,,1199.871,228.1730878941163,PUBLISHED_PROXY,9.213,0.0,0.0,PUBLISHED_PROXY,0.0,marginalPricesOverview_2026-09-01_OBSERVATION@56ccc1059e7c,activatedBalancingEnergyOverview_2026-09-01_OBSERVATION@92253bfac7de,PUBLISHED_NATIVE,0.21058285714285713,0.0,0.21058285714285713,True,True,True,True,True,True,True,True,OK,OK
2026-09-01T04:30:00Z,2026-09-01T04:45:00Z,2026-09-01T07:30:00+03:00,2026-09-01,0.25,LOOKAHEAD_ONLY,2026-09-01T04:00:00Z,209.81,2026-09-01_27,15,DA_2026-09-01_OBSERVATION@67b078a36199,2026-08-31,5.2586,BNR_FX_2026@9bb4cfc29e8f,346.67,122.88,FCR_2026-09-01T04:00:00Z,tenderStatistics_2026-09-01_OBSERVATION@d34bef071ceb,65.92439052219221,PUBLISHED_PROXY,36.69,175.0,aFRRUp_2026-09-01T04:00:00Z,tenderStatistics_2026-09-01_OBSERVATION@d34bef071ceb,6.977142205149659,PUBLISHED_PROXY,0.92,175.0,aFRRDown_2026-09-01T04:00:00Z,tenderStatistics_2026-09-01_OBSERVATION@d34bef071ceb,0.17495150800593312,PUBLISHED_PROXY,,,SOURCE_NULL_NOT_MODELED,,1199.647,228.13049100521047,PUBLISHED_PROXY,6.685,0.0,0.0,PUBLISHED_PROXY,0.0,marginalPricesOverview_2026-09-01_OBSERVATION@56ccc1059e7c,activatedBalancingEnergyOverview_2026-09-01_OBSERVATION@92253bfac7de,PUBLISHED_NATIVE,0.1528,0.0,0.1528,True,True,True,True,True,True,True,True,OK,OK
2026-09-01T04:45:00Z,2026-09-01T05:00:00Z,2026-09-01T07:45:00+03:00,2026-09-01,0.25,LOOKAHEAD_ONLY,2026-09-01T04:00:00Z,201.26,2026-09-01_28,15,DA_2026-09-01_OBSERVATION@67b078a36199,2026-08-31,5.2586,BNR_FX_2026@9bb4cfc29e8f,346.67,122.88,FCR_2026-09-01T04:00:00Z,tenderStatistics_2026-09-01_OBSERVATION@d34bef071ceb,65.92439052219221,PUBLISHED_PROXY,36.69,175.0,aFRRUp_2026-09-01T04:00:00Z,tenderStatistics_2026-09-01_OBSERVATION@d34bef071ceb,6.977142205149659,PUBLISHED_PROXY,0.92,175.0,aFRRDown_2026-09-01T04:00:00Z,tenderStatistics_2026-09-01_OBSERVATION@d34bef071ceb,0.17495150800593312,PUBLISHED_PROXY,,,SOURCE_NULL_NOT_MODELED,,1295.512,246.36062830411134,PUBLISHED_PROXY,12.332,0.0,0.0,PUBLISHED_PROXY,0.0,marginalPricesOverview_2026-09-01_OBSERVATION@56ccc1059e7c,activatedBalancingEnergyOverview_2026-09-01_OBSERVATION@92253bfac7de,PUBLISHED_NATIVE,0.28187428571428574,0.0,0.28187428571428574,True,True,True,True,True,True,True,True,OK,OK
2026-09-01T05:00:00Z,2026-09-01T05:15:00Z,2026-09-01T08:00:00+03:00,2026-09-01,0.25,LOOKAHEAD_ONLY,2026-09-01T05:00:00Z,211.0,2026-09-01_29,15,DA_2026-09-01_OBSERVATION@67b078a36199,2026-08-31,5.2586,BNR_FX_2026@9bb4cfc29e8f,346.67,122.88,FCR_2026-09-01T05:00:00Z,tenderStatistics_2026-09-01_OBSERVATION@d34bef071ceb,65.92439052219221,PUBLISHED_PROXY,36.59,175.0,aFRRUp_2026-09-01T05:00:00Z,tenderStatistics_2026-09-01_OBSERVATION@d34bef071ceb,6.958125736888145,PUBLISHED_PROXY,0.92,175.0,aFRRDown_2026-09-01T05:00:00Z,tenderStatistics_2026-09-01_OBSERVATION@d34bef071ceb,0.17495150800593312,PUBLISHED_PROXY,,,SOURCE_NULL_NOT_MODELED,,1229.927,233.88867759479706,PUBLISHED_PROXY,7.28,420.0,79.86916669836077,PUBLISHED_PROXY,0.01,marginalPricesOverview_2026-09-01_OBSERVATION@56ccc1059e7c,activatedBalancingEnergyOverview_2026-09-01_OBSERVATION@92253bfac7de,PUBLISHED_NATIVE,0.1664,0.00022857142857142857,0.16662857142857143,True,True,True,True,True,True,True,True,OK,OK
2026-09-01T05:15:00Z,2026-09-01T05:30:00Z,2026-09-01T08:15:00+03:00,2026-09-01,0.25,LOOKAHEAD_ONLY,2026-09-01T05:00:00Z,215.16,2026-09-01_30,15,DA_2026-09-01_OBSERVATION@67b078a36199,2026-08-31,5.2586,BNR_FX_2026@9bb4cfc29e8f,346.67,122.88,FCR_2026-09-01T05:00:00Z,tenderStatistics_2026-09-01_OBSERVATION@d34bef071ceb,65.92439052219221,PUBLISHED_PROXY,36.59,175.0,aFRRUp_2026-09-01T05:00:00Z,tenderStatistics_2026-09-01_OBSERVATION@d34bef071ceb,6.958125736888145,PUBLISHED_PROXY,0.92,175.0,aFRRDown_2026-09-01T05:00:00Z,tenderStatistics_2026-09-01_OBSERVATION@d34bef071ceb,0.17495150800593312,PUBLISHED_PROXY,,,SOURCE_NULL_NOT_MODELED,,1450.112,275.76008823641274,PUBLISHED_PROXY,26.126,0.0,0.0,PUBLISHED_PROXY,0.0,marginalPricesOverview_2026-09-01_OBSERVATION@56ccc1059e7c,activatedBalancingEnergyOverview_2026-09-01_OBSERVATION@92253bfac7de,PUBLISHED_NATIVE,0.5971657142857143,0.0,0.5971657142857143,True,True,True,True,True,True,True,True,OK,OK
2026-09-01T05:30:00Z,2026-09-01T05:45:00Z,2026-09-01T08:30:00+03:00,2026-09-01,0.25,LOOKAHEAD_ONLY,2026-09-01T05:00:00Z,211.12,2026-09-01_31,15,DA_2026-09-01_OBSERVATION@67b078a36199,2026-08-31,5.2586,BNR_FX_2026@9bb4cfc29e8f,346.67,122.88,FCR_2026-09-01T05:00:00Z,tenderStatistics_2026-09-01_OBSERVATION@d34bef071ceb,65.92439052219221,PUBLISHED_PROXY,36.59,175.0,aFRRUp_2026-09-01T05:00:00Z,tenderStatistics_2026-09-01_OBSERVATION@d34bef071ceb,6.958125736888145,PUBLISHED_PROXY,0.92,175.0,aFRRDown_2026-09-01T05:00:00Z,tenderStatistics_2026-09-01_OBSERVATION@d34bef071ceb,0.17495150800593312,PUBLISHED_PROXY,,,SOURCE_NULL_NOT_MODELED,,1483.128,282.03856539763433,PUBLISHED_PROXY,17.914,0.0,0.0,PUBLISHED_PROXY,0.0,marginalPricesOverview_2026-09-01_OBSERVATION@56ccc1059e7c,activatedBalancingEnergyOverview_2026-09-01_OBSERVATION@92253bfac7de,PUBLISHED_NATIVE,0.4094628571428572,0.0,0.4094628571428572,True,True,True,True,True,True,True,True,OK,OK
2026-09-01T05:45:00Z,2026-09-01T06:00:00Z,2026-09-01T08:45:00+03:00,2026-09-01,0.25,LOOKAHEAD_ONLY,2026-09-01T05:00:00Z,200.12,2026-09-01_32,15,DA_2026-09-01_OBSERVATION@67b078a36199,2026-08-31,5.2586,BNR_FX_2026@9bb4cfc29e8f,346.67,122.88,FCR_2026-09-01T05:00:00Z,tenderStatistics_2026-09-01_OBSERVATION@d34bef071ceb,65.92439052219221,PUBLISHED_PROXY,36.59,175.0,aFRRUp_2026-09-01T05:00:00Z,tenderStatistics_2026-09-01_OBSERVATION@d34bef071ceb,6.958125736888145,PUBLISHED_PROXY,0.92,175.0,aFRRDown_2026-09-01T05:00:00Z,tenderStatistics_2026-09-01_OBSERVATION@d34bef071ceb,0.17495150800593312,PUBLISHED_PROXY,,,SOURCE_NULL_NOT_MODELED,,1183.625,225.08367246035064,PUBLISHED_PROXY,1.419,429.114,81.6023276157152,PUBLISHED_PROXY,0.079,marginalPricesOverview_2026-09-01_OBSERVATION@56ccc1059e7c,activatedBalancingEnergyOverview_2026-09-01_OBSERVATION@92253bfac7de,PUBLISHED_NATIVE,0.032434285714285714,0.0018057142857142857,0.03424,True,True,True,True,True,True,True,True,OK,OK
2026-09-01T06:00:00Z,2026-09-01T06:15:00Z,2026-09-01T09:00:00+03:00,2026-09-01,0.25,LOOKAHEAD_ONLY,2026-09-01T06:00:00Z,219.14,2026-09-01_33,15,DA_2026-09-01_OBSERVATION@67b078a36199,2026-08-31,5.2586,BNR_FX_2026@9bb4cfc29e8f,346.67,94.976,FCR_2026-09-01T06:00:00Z,tenderStatistics_2026-09-01_OBSERVATION@d34bef071ceb,65.92439052219221,PUBLISHED_PROXY,37.43,175.0,aFRRUp_2026-09-01T06:00:00Z,tenderStatistics_2026-09-01_OBSERVATION@d34bef071ceb,7.117864070284866,PUBLISHED_PROXY,0.93,175.0,aFRRDown_2026-09-01T06:00:00Z,tenderStatistics_2026-09-01_OBSERVATION@d34bef071ceb,0.17685315483208458,PUBLISHED_PROXY,,,SOURCE_NULL_NOT_MODELED,,1173.398,223.13885825124555,PUBLISHED_PROXY,0.206,427.568,81.30833301639218,PUBLISHED_PROXY,0.37,marginalPricesOverview_2026-09-01_OBSERVATION@56ccc1059e7c,activatedBalancingEnergyOverview_2026-09-01_OBSERVATION@92253bfac7de,PUBLISHED_NATIVE,0.004708571428571428,0.008457142857142858,0.013165714285714286,True,True,True,True,True,True,True,True,OK,OK
2026-09-01T06:15:00Z,2026-09-01T06:30:00Z,2026-09-01T09:15:00+03:00,2026-09-01,0.25,LOOKAHEAD_ONLY,2026-09-01T06:00:00Z,207.41,2026-09-01_34,15,DA_2026-09-01_OBSERVATION@67b078a36199,2026-08-31,5.2586,BNR_FX_2026@9bb4cfc29e8f,346.67,94.976,FCR_2026-09-01T06:00:00Z,tenderStatistics_2026-09-01_OBSERVATION@d34bef071ceb,65.92439052219221,PUBLISHED_PROXY,37.43,175.0,aFRRUp_2026-09-01T06:00:00Z,tenderStatistics_2026-09-01_OBSERVATION@d34bef071ceb,7.117864070284866,PUBLISHED_PROXY,0.93,175.0,aFRRDown_2026-09-01T06:00:00Z,tenderStatistics_2026-09-01_OBSERVATION@d34bef071ceb,0.17685315483208458,PUBLISHED_PROXY,,,SOURCE_NULL_NOT_MODELED,,1219.022,231.81493173087893,PUBLISHED_PROXY,5.477,411.896,78.32807211044765,PUBLISHED_PROXY,0.27,marginalPricesOverview_2026-09-01_OBSERVATION@56ccc1059e7c,activatedBalancingEnergyOverview_2026-09-01_OBSERVATION@92253bfac7de,PUBLISHED_NATIVE,0.12518857142857143,0.006171428571428572,0.13136,True,True,True,True,True,True,True,True,OK,OK
2026-09-01T06:30:00Z,2026-09-01T06:45:00Z,2026-09-01T09:30:00+03:00,2026-09-01,0.25,LOOKAHEAD_ONLY,2026-09-01T06:00:00Z,187.87,2026-09-01_35,15,DA_2026-09-01_OBSERVATION@67b078a36199,2026-08-31,5.2586,BNR_FX_2026@9bb4cfc29e8f,346.67,94.976,FCR_2026-09-01T06:00:00Z,tenderStatistics_2026-09-01_OBSERVATION@d34bef071ceb,65.92439052219221,PUBLISHED_PROXY,37.43,175.0,aFRRUp_2026-09-01T06:00:00Z,tenderStatistics_2026-09-01_OBSERVATION@d34bef071ceb,7.117864070284866,PUBLISHED_PROXY,0.93,175.0,aFRRDown_2026-09-01T06:00:00Z,tenderStatistics_2026-09-01_OBSERVATION@d34bef071ceb,0.17685315483208458,PUBLISHED_PROXY,,,SOURCE_NULL_NOT_MODELED,,991.667,188.5800403149127,PUBLISHED_PROXY,0.006,324.144,61.64074088160346,PUBLISHED_PROXY,4.357,marginalPricesOverview_2026-09-01_OBSERVATION@56ccc1059e7c,activatedBalancingEnergyOverview_2026-09-01_OBSERVATION@92253bfac7de,PUBLISHED_NATIVE,0.00013714285714285713,0.09958857142857143,0.09972571428571429,True,True,True,True,True,True,True,True,OK,OK
2026-09-01T06:45:00Z,2026-09-01T07:00:00Z,2026-09-01T09:45:00+03:00,2026-09-01,0.25,LOOKAHEAD_ONLY,2026-09-01T06:00:00Z,166.12,2026-09-01_36,15,DA_2026-09-01_OBSERVATION@67b078a36199,2026-08-31,5.2586,BNR_FX_2026@9bb4cfc29e8f,346.67,94.976,FCR_2026-09-01T06:00:00Z,tenderStatistics_2026-09-01_OBSERVATION@d34bef071ceb,65.92439052219221,PUBLISHED_PROXY,37.43,175.0,aFRRUp_2026-09-01T06:00:00Z,tenderStatistics_2026-09-01_OBSERVATION@d34bef071ceb,7.117864070284866,PUBLISHED_PROXY,0.93,175.0,aFRRDown_2026-09-01T06:00:00Z,tenderStatistics_2026-09-01_OBSERVATION@d34bef071ceb,0.17685315483208458,PUBLISHED_PROXY,,,SOURCE_NULL_NOT_MODELED,,0.0,0.0,PUBLISHED_PROXY,0.0,-1720.093,-327.1009394135321,PUBLISHED_PROXY,40.042,marginalPricesOverview_2026-09-01_OBSERVATION@56ccc1059e7c,activatedBalancingEnergyOverview_2026-09-01_OBSERVATION@92253bfac7de,PUBLISHED_NATIVE,0.0,0.9152457142857143,0.9152457142857143,True,True,True,True,True,True,True,True,OK,OK
2026-09-01T07:00:00Z,2026-09-01T07:15:00Z,2026-09-01T10:00:00+03:00,2026-09-01,0.25,LOOKAHEAD_ONLY,2026-09-01T07:00:00Z,193.69,2026-09-01_37,15,DA_2026-09-01_OBSERVATION@67b078a36199,2026-08-31,5.2586,BNR_FX_2026@9bb4cfc29e8f,346.67,94.976,FCR_2026-09-01T07:00:00Z,tenderStatistics_2026-09-01_OBSERVATION@d34bef071ceb,65.92439052219221,PUBLISHED_PROXY,37.14,175.0,aFRRUp_2026-09-01T07:00:00Z,tenderStatistics_2026-09-01_OBSERVATION@d34bef071ceb,7.062716312326474,PUBLISHED_PROXY,0.93,175.0,aFRRDown_2026-09-01T07:00:00Z,tenderStatistics_2026-09-01_OBSERVATION@d34bef071ceb,0.17685315483208458,PUBLISHED_PROXY,,,SOURCE_NULL_NOT_MODELED,,0.0,0.0,PUBLISHED_PROXY,0.0,-1224.503,-232.8572243562925,PUBLISHED_PROXY,18.68,marginalPricesOverview_2026-09-01_OBSERVATION@56ccc1059e7c,activatedBalancingEnergyOverview_2026-09-01_OBSERVATION@92253bfac7de,PUBLISHED_NATIVE,0.0,0.42697142857142856,0.42697142857142856,True,True,True,True,True,True,True,True,OK,OK
2026-09-01T07:15:00Z,2026-09-01T07:30:00Z,2026-09-01T10:15:00+03:00,2026-09-01,0.25,LOOKAHEAD_ONLY,2026-09-01T07:00:00Z,171.24,2026-09-01_38,15,DA_2026-09-01_OBSERVATION@67b078a36199,2026-08-31,5.2586,BNR_FX_2026@9bb4cfc29e8f,346.67,94.976,FCR_2026-09-01T07:00:00Z,tenderStatistics_2026-09-01_OBSERVATION@d34bef071ceb,65.92439052219221,PUBLISHED_PROXY,37.14,175.0,aFRRUp_2026-09-01T07:00:00Z,tenderStatistics_2026-09-01_OBSERVATION@d34bef071ceb,7.062716312326474,PUBLISHED_PROXY,0.93,175.0,aFRRDown_2026-09-01T07:00:00Z,tenderStatistics_2026-09-01_OBSERVATION@d34bef071ceb,0.17685315483208458,PUBLISHED_PROXY,,,SOURCE_NULL_NOT_MODELED,,0.0,0.0,PUBLISHED_PROXY,0.0,217.143,41.29292967710037,PUBLISHED_PROXY,18.996,marginalPricesOverview_2026-09-01_OBSERVATION@56ccc1059e7c,activatedBalancingEnergyOverview_2026-09-01_OBSERVATION@92253bfac7de,PUBLISHED_NATIVE,0.0,0.4341942857142857,0.4341942857142857,True,True,True,True,True,True,True,True,OK,OK
2026-09-01T07:30:00Z,2026-09-01T07:45:00Z,2026-09-01T10:30:00+03:00,2026-09-01,0.25,LOOKAHEAD_ONLY,2026-09-01T07:00:00Z,142.67,2026-09-01_39,15,DA_2026-09-01_OBSERVATION@67b078a36199,2026-08-31,5.2586,BNR_FX_2026@9bb4cfc29e8f,346.67,94.976,FCR_2026-09-01T07:00:00Z,tenderStatistics_2026-09-01_OBSERVATION@d34bef071ceb,65.92439052219221,PUBLISHED_PROXY,37.14,175.0,aFRRUp_2026-09-01T07:00:00Z,tenderStatistics_2026-09-01_OBSERVATION@d34bef071ceb,7.062716312326474,PUBLISHED_PROXY,0.93,175.0,aFRRDown_2026-09-01T07:00:00Z,tenderStatistics_2026-09-01_OBSERVATION@d34bef071ceb,0.17685315483208458,PUBLISHED_PROXY,,,SOURCE_NULL_NOT_MODELED,,899.0,170.9580496710151,PUBLISHED_PROXY,0.142,328.99,62.562278933556456,PUBLISHED_PROXY,2.299,marginalPricesOverview_2026-09-01_OBSERVATION@56ccc1059e7c,activatedBalancingEnergyOverview_2026-09-01_OBSERVATION@92253bfac7de,PUBLISHED_NATIVE,0.0032457142857142854,0.052548571428571424,0.055794285714285706,True,True,True,True,True,True,True,True,OK,OK
2026-09-01T07:45:00Z,2026-09-01T08:00:00Z,2026-09-01T10:45:00+03:00,2026-09-01,0.25,LOOKAHEAD_ONLY,2026-09-01T07:00:00Z,117.91,2026-09-01_40,15,DA_2026-09-01_OBSERVATION@67b078a36199,2026-08-31,5.2586,BNR_FX_2026@9bb4cfc29e8f,346.67,94.976,FCR_2026-09-01T07:00:00Z,tenderStatistics_2026-09-01_OBSERVATION@d34bef071ceb,65.92439052219221,PUBLISHED_PROXY,37.14,175.0,aFRRUp_2026-09-01T07:00:00Z,tenderStatistics_2026-09-01_OBSERVATION@d34bef071ceb,7.062716312326474,PUBLISHED_PROXY,0.93,175.0,aFRRDown_2026-09-01T07:00:00Z,tenderStatistics_2026-09-01_OBSERVATION@d34bef071ceb,0.17685315483208458,PUBLISHED_PROXY,,,SOURCE_NULL_NOT_MODELED,,899.0,170.9580496710151,PUBLISHED_PROXY,0.213,329.094,62.58205606054843,PUBLISHED_PROXY,1.526,marginalPricesOverview_2026-09-01_OBSERVATION@56ccc1059e7c,activatedBalancingEnergyOverview_2026-09-01_OBSERVATION@92253bfac7de,PUBLISHED_NATIVE,0.004868571428571429,0.03488,0.03974857142857143,True,True,True,True,True,True,True,True,OK,OK
2026-09-01T08:00:00Z,2026-09-01T08:15:00Z,2026-09-01T11:00:00+03:00,2026-09-01,0.25,LOOKAHEAD_ONLY,2026-09-01T08:00:00Z,139.87,2026-09-01_41,15,DA_2026-09-01_OBSERVATION@67b078a36199,2026-08-31,5.2586,BNR_FX_2026@9bb4cfc29e8f,346.67,94.976,FCR_2026-09-01T08:00:00Z,tenderStatistics_2026-09-01_OBSERVATION@d34bef071ceb,65.92439052219221,PUBLISHED_PROXY,36.62,175.0,aFRRUp_2026-09-01T08:00:00Z,tenderStatistics_2026-09-01_OBSERVATION@d34bef071ceb,6.963830677366598,PUBLISHED_PROXY,0.93,175.0,aFRRDown_2026-09-01T08:00:00Z,tenderStatistics_2026-09-01_OBSERVATION@d34bef071ceb,0.17685315483208458,PUBLISHED_PROXY,,,SOURCE_NULL_NOT_MODELED,,899.0,170.9580496710151,PUBLISHED_PROXY,0.483,263.088,50.030046019853195,PUBLISHED_PROXY,1.55,marginalPricesOverview_2026-09-01_OBSERVATION@56ccc1059e7c,activatedBalancingEnergyOverview_2026-09-01_OBSERVATION@92253bfac7de,PUBLISHED_NATIVE,0.01104,0.03542857142857143,0.04646857142857143,True,True,True,True,True,True,True,True,OK,OK
2026-09-01T08:15:00Z,2026-09-01T08:30:00Z,2026-09-01T11:15:00+03:00,2026-09-01,0.25,LOOKAHEAD_ONLY,2026-09-01T08:00:00Z,121.59,2026-09-01_42,15,DA_2026-09-01_OBSERVATION@67b078a36199,2026-08-31,5.2586,BNR_FX_2026@9bb4cfc29e8f,346.67,94.976,FCR_2026-09-01T08:00:00Z,tenderStatistics_2026-09-01_OBSERVATION@d34bef071ceb,65.92439052219221,PUBLISHED_PROXY,36.62,175.0,aFRRUp_2026-09-01T08:00:00Z,tenderStatistics_2026-09-01_OBSERVATION@d34bef071ceb,6.963830677366598,PUBLISHED_PROXY,0.93,175.0,aFRRDown_2026-09-01T08:00:00Z,tenderStatistics_2026-09-01_OBSERVATION@d34bef071ceb,0.17685315483208458,PUBLISHED_PROXY,,,SOURCE_NULL_NOT_MODELED,,899.0,170.9580496710151,PUBLISHED_PROXY,0.002,230.249,43.78522800745445,PUBLISHED_PROXY,7.435,marginalPricesOverview_2026-09-01_OBSERVATION@56ccc1059e7c,activatedBalancingEnergyOverview_2026-09-01_OBSERVATION@92253bfac7de,PUBLISHED_NATIVE,4.5714285714285716e-05,0.16994285714285715,0.16998857142857143,True,True,True,True,True,True,True,True,OK,OK
2026-09-01T08:30:00Z,2026-09-01T08:45:00Z,2026-09-01T11:30:00+03:00,2026-09-01,0.25,LOOKAHEAD_ONLY,2026-09-01T08:00:00Z,116.86,2026-09-01_43,15,DA_2026-09-01_OBSERVATION@67b078a36199,2026-08-31,5.2586,BNR_FX_2026@9bb4cfc29e8f,346.67,94.976,FCR_2026-09-01T08:00:00Z,tenderStatistics_2026-09-01_OBSERVATION@d34bef071ceb,65.92439052219221,PUBLISHED_PROXY,36.62,175.0,aFRRUp_2026-09-01T08:00:00Z,tenderStatistics_2026-09-01_OBSERVATION@d34bef071ceb,6.963830677366598,PUBLISHED_PROXY,0.93,175.0,aFRRDown_2026-09-01T08:00:00Z,tenderStatistics_2026-09-01_OBSERVATION@d34bef071ceb,0.17685315483208458,PUBLISHED_PROXY,,,SOURCE_NULL_NOT_MODELED,,2292.101,435.8766591868558,PUBLISHED_PROXY,22.192,0.0,0.0,PUBLISHED_PROXY,0.0,marginalPricesOverview_2026-09-01_OBSERVATION@56ccc1059e7c,activatedBalancingEnergyOverview_2026-09-01_OBSERVATION@92253bfac7de,PUBLISHED_NATIVE,0.5072457142857143,0.0,0.5072457142857143,True,True,True,True,True,True,True,True,OK,OK
2026-09-01T08:45:00Z,2026-09-01T09:00:00Z,2026-09-01T11:45:00+03:00,2026-09-01,0.25,LOOKAHEAD_ONLY,2026-09-01T08:00:00Z,105.77,2026-09-01_44,15,DA_2026-09-01_OBSERVATION@67b078a36199,2026-08-31,5.2586,BNR_FX_2026@9bb4cfc29e8f,346.67,94.976,FCR_2026-09-01T08:00:00Z,tenderStatistics_2026-09-01_OBSERVATION@d34bef071ceb,65.92439052219221,PUBLISHED_PROXY,36.62,175.0,aFRRUp_2026-09-01T08:00:00Z,tenderStatistics_2026-09-01_OBSERVATION@d34bef071ceb,6.963830677366598,PUBLISHED_PROXY,0.93,175.0,aFRRDown_2026-09-01T08:00:00Z,tenderStatistics_2026-09-01_OBSERVATION@d34bef071ceb,0.17685315483208458,PUBLISHED_PROXY,,,SOURCE_NULL_NOT_MODELED,,4097.309,779.1634655611759,PUBLISHED_PROXY,32.388,0.0,0.0,PUBLISHED_PROXY,0.0,marginalPricesOverview_2026-09-01_OBSERVATION@56ccc1059e7c,activatedBalancingEnergyOverview_2026-09-01_OBSERVATION@92253bfac7de,PUBLISHED_NATIVE,0.7402971428571428,0.0,0.7402971428571428,True,True,True,True,True,True,True,True,OK,OK
2026-09-01T09:00:00Z,2026-09-01T09:15:00Z,2026-09-01T12:00:00+03:00,2026-09-01,0.25,LOOKAHEAD_ONLY,2026-09-01T09:00:00Z,111.31,2026-09-01_45,15,DA_2026-09-01_OBSERVATION@67b078a36199,2026-08-31,5.2586,BNR_FX_2026@9bb4cfc29e8f,346.67,94.976,FCR_2026-09-01T09:00:00Z,tenderStatistics_2026-09-01_OBSERVATION@d34bef071ceb,65.92439052219221,PUBLISHED_PROXY,36.76,175.0,aFRRUp_2026-09-01T09:00:00Z,tenderStatistics_2026-09-01_OBSERVATION@d34bef071ceb,6.9904537329327185,PUBLISHED_PROXY,4.27,175.0,aFRRDown_2026-09-01T09:00:00Z,tenderStatistics_2026-09-01_OBSERVATION@d34bef071ceb,0.8120031947666678,PUBLISHED_PROXY,,,SOURCE_NULL_NOT_MODELED,,899.0,170.9580496710151,PUBLISHED_PROXY,0.134,195.751,37.224926786597194,PUBLISHED_PROXY,3.227,marginalPricesOverview_2026-09-01_OBSERVATION@56ccc1059e7c,activatedBalancingEnergyOverview_2026-09-01_OBSERVATION@92253bfac7de,PUBLISHED_NATIVE,0.003062857142857143,0.07375999999999999,0.07682285714285714,True,True,True,True,True,True,True,True,OK,OK
2026-09-01T09:15:00Z,2026-09-01T09:30:00Z,2026-09-01T12:15:00+03:00,2026-09-01,0.25,LOOKAHEAD_ONLY,2026-09-01T09:00:00Z,96.33,2026-09-01_46,15,DA_2026-09-01_OBSERVATION@67b078a36199,2026-08-31,5.2586,BNR_FX_2026@9bb4cfc29e8f,346.67,94.976,FCR_2026-09-01T09:00:00Z,tenderStatistics_2026-09-01_OBSERVATION@d34bef071ceb,65.92439052219221,PUBLISHED_PROXY,36.76,175.0,aFRRUp_2026-09-01T09:00:00Z,tenderStatistics_2026-09-01_OBSERVATION@d34bef071ceb,6.9904537329327185,PUBLISHED_PROXY,4.27,175.0,aFRRDown_2026-09-01T09:00:00Z,tenderStatistics_2026-09-01_OBSERVATION@d34bef071ceb,0.8120031947666678,PUBLISHED_PROXY,,,SOURCE_NULL_NOT_MODELED,,0.0,0.0,PUBLISHED_PROXY,0.0,-379.682,-72.20210702468337,PUBLISHED_PROXY,40.038,marginalPricesOverview_2026-09-01_OBSERVATION@56ccc1059e7c,activatedBalancingEnergyOverview_2026-09-01_OBSERVATION@92253bfac7de,PUBLISHED_NATIVE,0.0,0.9151542857142856,0.9151542857142856,True,True,True,True,True,True,True,True,OK,OK
2026-09-01T09:30:00Z,2026-09-01T09:45:00Z,2026-09-01T12:30:00+03:00,2026-09-01,0.25,LOOKAHEAD_ONLY,2026-09-01T09:00:00Z,81.06,2026-09-01_47,15,DA_2026-09-01_OBSERVATION@67b078a36199,2026-08-31,5.2586,BNR_FX_2026@9bb4cfc29e8f,346.67,94.976,FCR_2026-09-01T09:00:00Z,tenderStatistics_2026-09-01_OBSERVATION@d34bef071ceb,65.92439052219221,PUBLISHED_PROXY,36.76,175.0,aFRRUp_2026-09-01T09:00:00Z,tenderStatistics_2026-09-01_OBSERVATION@d34bef071ceb,6.9904537329327185,PUBLISHED_PROXY,4.27,175.0,aFRRDown_2026-09-01T09:00:00Z,tenderStatistics_2026-09-01_OBSERVATION@d34bef071ceb,0.8120031947666678,PUBLISHED_PROXY,,,SOURCE_NULL_NOT_MODELED,,919.545,174.86498307534322,PUBLISHED_PROXY,2.132,103.881,19.754497394743847,PUBLISHED_PROXY,11.586,marginalPricesOverview_2026-09-01_OBSERVATION@56ccc1059e7c,activatedBalancingEnergyOverview_2026-09-01_OBSERVATION@92253bfac7de,PUBLISHED_NATIVE,0.04873142857142857,0.26482285714285714,0.31355428571428573,True,True,True,True,True,True,True,True,OK,OK
2026-09-01T09:45:00Z,2026-09-01T10:00:00Z,2026-09-01T12:45:00+03:00,2026-09-01,0.25,LOOKAHEAD_ONLY,2026-09-01T09:00:00Z,71.29,2026-09-01_48,15,DA_2026-09-01_OBSERVATION@67b078a36199,2026-08-31,5.2586,BNR_FX_2026@9bb4cfc29e8f,346.67,94.976,FCR_2026-09-01T09:00:00Z,tenderStatistics_2026-09-01_OBSERVATION@d34bef071ceb,65.92439052219221,PUBLISHED_PROXY,36.76,175.0,aFRRUp_2026-09-01T09:00:00Z,tenderStatistics_2026-09-01_OBSERVATION@d34bef071ceb,6.9904537329327185,PUBLISHED_PROXY,4.27,175.0,aFRRDown_2026-09-01T09:00:00Z,tenderStatistics_2026-09-01_OBSERVATION@d34bef071ceb,0.8120031947666678,PUBLISHED_PROXY,,,SOURCE_NULL_NOT_MODELED,,899.0,170.9580496710151,PUBLISHED_PROXY,0.357,292.873,55.69410109154527,PUBLISHED_PROXY,3.893,marginalPricesOverview_2026-09-01_OBSERVATION@56ccc1059e7c,activatedBalancingEnergyOverview_2026-09-01_OBSERVATION@92253bfac7de,PUBLISHED_NATIVE,0.008159999999999999,0.08898285714285714,0.09714285714285714,True,True,True,True,True,True,True,True,OK,OK
2026-09-01T10:00:00Z,2026-09-01T10:15:00Z,2026-09-01T13:00:00+03:00,2026-09-01,0.25,LOOKAHEAD_ONLY,2026-09-01T10:00:00Z,82.54,2026-09-01_49,15,DA_2026-09-01_OBSERVATION@67b078a36199,2026-08-31,5.2586,BNR_FX_2026@9bb4cfc29e8f,346.67,94.976,FCR_2026-09-01T10:00:00Z,tenderStatistics_2026-09-01_OBSERVATION@d34bef071ceb,65.92439052219221,PUBLISHED_PROXY,36.77,175.0,aFRRUp_2026-09-01T10:00:00Z,tenderStatistics_2026-09-01_OBSERVATION@d34bef071ceb,6.992355379758871,PUBLISHED_PROXY,4.46,175.0,aFRRDown_2026-09-01T10:00:00Z,tenderStatistics_2026-09-01_OBSERVATION@d34bef071ceb,0.8481344844635453,PUBLISHED_PROXY,,,SOURCE_NULL_NOT_MODELED,,884.0,168.1055794317879,PUBLISHED_PROXY,0.049,241.162,45.860495188833525,PUBLISHED_PROXY,6.08,marginalPricesOverview_2026-09-01_OBSERVATION@56ccc1059e7c,activatedBalancingEnergyOverview_2026-09-01_OBSERVATION@92253bfac7de,PUBLISHED_NATIVE,0.0011200000000000001,0.13897142857142858,0.1400914285714286,True,True,True,True,True,True,True,True,OK,OK
2026-09-01T10:15:00Z,2026-09-01T10:30:00Z,2026-09-01T13:15:00+03:00,2026-09-01,0.25,LOOKAHEAD_ONLY,2026-09-01T10:00:00Z,77.98,2026-09-01_50,15,DA_2026-09-01_OBSERVATION@67b078a36199,2026-08-31,5.2586,BNR_FX_2026@9bb4cfc29e8f,346.67,94.976,FCR_2026-09-01T10:00:00Z,tenderStatistics_2026-09-01_OBSERVATION@d34bef071ceb,65.92439052219221,PUBLISHED_PROXY,36.77,175.0,aFRRUp_2026-09-01T10:00:00Z,tenderStatistics_2026-09-01_OBSERVATION@d34bef071ceb,6.992355379758871,PUBLISHED_PROXY,4.46,175.0,aFRRDown_2026-09-01T10:00:00Z,tenderStatistics_2026-09-01_OBSERVATION@d34bef071ceb,0.8481344844635453,PUBLISHED_PROXY,,,SOURCE_NULL_NOT_MODELED,,0.0,0.0,PUBLISHED_PROXY,0.0,-3.901,-0.7418324268816795,PUBLISHED_PROXY,20.667,marginalPricesOverview_2026-09-01_OBSERVATION@56ccc1059e7c,activatedBalancingEnergyOverview_2026-09-01_OBSERVATION@92253bfac7de,PUBLISHED_NATIVE,0.0,0.4723885714285715,0.4723885714285715,True,True,True,True,True,True,True,True,OK,OK
2026-09-01T10:30:00Z,2026-09-01T10:45:00Z,2026-09-01T13:30:00+03:00,2026-09-01,0.25,LOOKAHEAD_ONLY,2026-09-01T10:00:00Z,77.78,2026-09-01_51,15,DA_2026-09-01_OBSERVATION@67b078a36199,2026-08-31,5.2586,BNR_FX_2026@9bb4cfc29e8f,346.67,94.976,FCR_2026-09-01T10:00:00Z,tenderStatistics_2026-09-01_OBSERVATION@d34bef071ceb,65.92439052219221,PUBLISHED_PROXY,36.77,175.0,aFRRUp_2026-09-01T10:00:00Z,tenderStatistics_2026-09-01_OBSERVATION@d34bef071ceb,6.992355379758871,PUBLISHED_PROXY,4.46,175.0,aFRRDown_2026-09-01T10:00:00Z,tenderStatistics_2026-09-01_OBSERVATION@d34bef071ceb,0.8481344844635453,PUBLISHED_PROXY,,,SOURCE_NULL_NOT_MODELED,,0.0,0.0,PUBLISHED_PROXY,0.0,256.29,48.73730650743544,PUBLISHED_PROXY,11.887,marginalPricesOverview_2026-09-01_OBSERVATION@56ccc1059e7c,activatedBalancingEnergyOverview_2026-09-01_OBSERVATION@92253bfac7de,PUBLISHED_NATIVE,0.0,0.27170285714285713,0.27170285714285713,True,True,True,True,True,True,True,True,OK,OK
2026-09-01T10:45:00Z,2026-09-01T11:00:00Z,2026-09-01T13:45:00+03:00,2026-09-01,0.25,LOOKAHEAD_ONLY,2026-09-01T10:00:00Z,80.88,2026-09-01_52,15,DA_2026-09-01_OBSERVATION@67b078a36199,2026-08-31,5.2586,BNR_FX_2026@9bb4cfc29e8f,346.67,94.976,FCR_2026-09-01T10:00:00Z,tenderStatistics_2026-09-01_OBSERVATION@d34bef071ceb,65.92439052219221,PUBLISHED_PROXY,36.77,175.0,aFRRUp_2026-09-01T10:00:00Z,tenderStatistics_2026-09-01_OBSERVATION@d34bef071ceb,6.992355379758871,PUBLISHED_PROXY,4.46,175.0,aFRRDown_2026-09-01T10:00:00Z,tenderStatistics_2026-09-01_OBSERVATION@d34bef071ceb,0.8481344844635453,PUBLISHED_PROXY,,,SOURCE_NULL_NOT_MODELED,,887.433,168.7584147872057,PUBLISHED_PROXY,0.183,269.214,51.19499486555357,PUBLISHED_PROXY,4.543,marginalPricesOverview_2026-09-01_OBSERVATION@56ccc1059e7c,activatedBalancingEnergyOverview_2026-09-01_OBSERVATION@92253bfac7de,PUBLISHED_NATIVE,0.004182857142857143,0.10384,0.10802285714285714,True,True,True,True,True,True,True,True,OK,OK
2026-09-01T11:00:00Z,2026-09-01T11:15:00Z,2026-09-01T14:00:00+03:00,2026-09-01,0.25,LOOKAHEAD_ONLY,2026-09-01T11:00:00Z,87.64,2026-09-01_53,15,DA_2026-09-01_OBSERVATION@67b078a36199,2026-08-31,5.2586,BNR_FX_2026@9bb4cfc29e8f,346.67,94.976,FCR_2026-09-01T11:00:00Z,tenderStatistics_2026-09-01_OBSERVATION@d34bef071ceb,65.92439052219221,PUBLISHED_PROXY,36.77,175.0,aFRRUp_2026-09-01T11:00:00Z,tenderStatistics_2026-09-01_OBSERVATION@d34bef071ceb,6.992355379758871,PUBLISHED_PROXY,4.46,175.0,aFRRDown_2026-09-01T11:00:00Z,tenderStatistics_2026-09-01_OBSERVATION@d34bef071ceb,0.8481344844635453,PUBLISHED_PROXY,,,SOURCE_NULL_NOT_MODELED,,898.441,170.85174761343322,PUBLISHED_PROXY,0.944,255.465,48.58042064427794,PUBLISHED_PROXY,0.226,marginalPricesOverview_2026-09-01_OBSERVATION@56ccc1059e7c,activatedBalancingEnergyOverview_2026-09-01_OBSERVATION@92253bfac7de,PUBLISHED_NATIVE,0.021577142857142857,0.005165714285714286,0.026742857142857145,True,True,True,True,True,True,True,True,OK,OK
2026-09-01T11:15:00Z,2026-09-01T11:30:00Z,2026-09-01T14:15:00+03:00,2026-09-01,0.25,LOOKAHEAD_ONLY,2026-09-01T11:00:00Z,86.53,2026-09-01_54,15,DA_2026-09-01_OBSERVATION@67b078a36199,2026-08-31,5.2586,BNR_FX_2026@9bb4cfc29e8f,346.67,94.976,FCR_2026-09-01T11:00:00Z,tenderStatistics_2026-09-01_OBSERVATION@d34bef071ceb,65.92439052219221,PUBLISHED_PROXY,36.77,175.0,aFRRUp_2026-09-01T11:00:00Z,tenderStatistics_2026-09-01_OBSERVATION@d34bef071ceb,6.992355379758871,PUBLISHED_PROXY,4.46,175.0,aFRRDown_2026-09-01T11:00:00Z,tenderStatistics_2026-09-01_OBSERVATION@d34bef071ceb,0.8481344844635453,PUBLISHED_PROXY,,,SOURCE_NULL_NOT_MODELED,,0.0,0.0,PUBLISHED_PROXY,0.0,251.74,47.87205720153653,PUBLISHED_PROXY,4.49,marginalPricesOverview_2026-09-01_OBSERVATION@56ccc1059e7c,activatedBalancingEnergyOverview_2026-09-01_OBSERVATION@92253bfac7de,PUBLISHED_NATIVE,0.0,0.10262857142857143,0.10262857142857143,True,True,True,True,True,True,True,True,OK,OK
2026-09-01T11:30:00Z,2026-09-01T11:45:00Z,2026-09-01T14:30:00+03:00,2026-09-01,0.25,LOOKAHEAD_ONLY,2026-09-01T11:00:00Z,83.01,2026-09-01_55,15,DA_2026-09-01_OBSERVATION@67b078a36199,2026-08-31,5.2586,BNR_FX_2026@9bb4cfc29e8f,346.67,94.976,FCR_2026-09-01T11:00:00Z,tenderStatistics_2026-09-01_OBSERVATION@d34bef071ceb,65.92439052219221,PUBLISHED_PROXY,36.77,175.0,aFRRUp_2026-09-01T11:00:00Z,tenderStatistics_2026-09-01_OBSERVATION@d34bef071ceb,6.992355379758871,PUBLISHED_PROXY,4.46,175.0,aFRRDown_2026-09-01T11:00:00Z,tenderStatistics_2026-09-01_OBSERVATION@d34bef071ceb,0.8481344844635453,PUBLISHED_PROXY,,,SOURCE_NULL_NOT_MODELED,,0.0,0.0,PUBLISHED_PROXY,0.0,244.22,46.44201878827064,PUBLISHED_PROXY,6.197,marginalPricesOverview_2026-09-01_OBSERVATION@56ccc1059e7c,activatedBalancingEnergyOverview_2026-09-01_OBSERVATION@92253bfac7de,PUBLISHED_NATIVE,0.0,0.1416457142857143,0.1416457142857143,True,True,True,True,True,True,True,True,OK,OK
2026-09-01T11:45:00Z,2026-09-01T12:00:00Z,2026-09-01T14:45:00+03:00,2026-09-01,0.25,LOOKAHEAD_ONLY,2026-09-01T11:00:00Z,80.31,2026-09-01_56,15,DA_2026-09-01_OBSERVATION@67b078a36199,2026-08-31,5.2586,BNR_FX_2026@9bb4cfc29e8f,346.67,94.976,FCR_2026-09-01T11:00:00Z,tenderStatistics_2026-09-01_OBSERVATION@d34bef071ceb,65.92439052219221,PUBLISHED_PROXY,36.77,175.0,aFRRUp_2026-09-01T11:00:00Z,tenderStatistics_2026-09-01_OBSERVATION@d34bef071ceb,6.992355379758871,PUBLISHED_PROXY,4.46,175.0,aFRRDown_2026-09-01T11:00:00Z,tenderStatistics_2026-09-01_OBSERVATION@d34bef071ceb,0.8481344844635453,PUBLISHED_PROXY,,,SOURCE_NULL_NOT_MODELED,,898.898,170.93865287338835,PUBLISHED_PROXY,1.258,260.505,49.53885064465827,PUBLISHED_PROXY,0.289,marginalPricesOverview_2026-09-01_OBSERVATION@56ccc1059e7c,activatedBalancingEnergyOverview_2026-09-01_OBSERVATION@92253bfac7de,PUBLISHED_NATIVE,0.028754285714285715,0.006605714285714285,0.03536,True,True,True,True,True,True,True,True,OK,OK
2026-09-01T12:00:00Z,2026-09-01T12:15:00Z,2026-09-01T15:00:00+03:00,2026-09-01,0.25,LOOKAHEAD_ONLY,2026-09-01T12:00:00Z,88.96,2026-09-01_57,15,DA_2026-09-01_OBSERVATION@67b078a36199,2026-08-31,5.2586,BNR_FX_2026@9bb4cfc29e8f,346.67,94.976,FCR_2026-09-01T12:00:00Z,tenderStatistics_2026-09-01_OBSERVATION@d34bef071ceb,65.92439052219221,PUBLISHED_PROXY,36.68,175.0,aFRRUp_2026-09-01T12:00:00Z,tenderStatistics_2026-09-01_OBSERVATION@d34bef071ceb,6.975240558323508,PUBLISHED_PROXY,4.27,175.0,aFRRDown_2026-09-01T12:00:00Z,tenderStatistics_2026-09-01_OBSERVATION@d34bef071ceb,0.8120031947666678,PUBLISHED_PROXY,,,SOURCE_NULL_NOT_MODELED,,899.0,170.9580496710151,PUBLISHED_PROXY,0.649,252.762,48.06640550716921,PUBLISHED_PROXY,0.572,marginalPricesOverview_2026-09-01_OBSERVATION@56ccc1059e7c,activatedBalancingEnergyOverview_2026-09-01_OBSERVATION@92253bfac7de,PUBLISHED_NATIVE,0.014834285714285715,0.013074285714285714,0.02790857142857143,True,True,True,True,True,True,True,True,OK,OK
2026-09-01T12:15:00Z,2026-09-01T12:30:00Z,2026-09-01T15:15:00+03:00,2026-09-01,0.25,LOOKAHEAD_ONLY,2026-09-01T12:00:00Z,77.27,2026-09-01_58,15,DA_2026-09-01_OBSERVATION@67b078a36199,2026-08-31,5.2586,BNR_FX_2026@9bb4cfc29e8f,346.67,94.976,FCR_2026-09-01T12:00:00Z,tenderStatistics_2026-09-01_OBSERVATION@d34bef071ceb,65.92439052219221,PUBLISHED_PROXY,36.68,175.0,aFRRUp_2026-09-01T12:00:00Z,tenderStatistics_2026-09-01_OBSERVATION@d34bef071ceb,6.975240558323508,PUBLISHED_PROXY,4.27,175.0,aFRRDown_2026-09-01T12:00:00Z,tenderStatistics_2026-09-01_OBSERVATION@d34bef071ceb,0.8120031947666678,PUBLISHED_PROXY,,,SOURCE_NULL_NOT_MODELED,,0.0,0.0,PUBLISHED_PROXY,0.0,254.587,48.41345605294184,PUBLISHED_PROXY,4.551,marginalPricesOverview_2026-09-01_OBSERVATION@56ccc1059e7c,activatedBalancingEnergyOverview_2026-09-01_OBSERVATION@92253bfac7de,PUBLISHED_NATIVE,0.0,0.10402285714285715,0.10402285714285715,True,True,True,True,True,True,True,True,OK,OK
2026-09-01T12:30:00Z,2026-09-01T12:45:00Z,2026-09-01T15:30:00+03:00,2026-09-01,0.25,LOOKAHEAD_ONLY,2026-09-01T12:00:00Z,80.49,2026-09-01_59,15,DA_2026-09-01_OBSERVATION@67b078a36199,2026-08-31,5.2586,BNR_FX_2026@9bb4cfc29e8f,346.67,94.976,FCR_2026-09-01T12:00:00Z,tenderStatistics_2026-09-01_OBSERVATION@d34bef071ceb,65.92439052219221,PUBLISHED_PROXY,36.68,175.0,aFRRUp_2026-09-01T12:00:00Z,tenderStatistics_2026-09-01_OBSERVATION@d34bef071ceb,6.975240558323508,PUBLISHED_PROXY,4.27,175.0,aFRRDown_2026-09-01T12:00:00Z,tenderStatistics_2026-09-01_OBSERVATION@d34bef071ceb,0.8120031947666678,PUBLISHED_PROXY,,,SOURCE_NULL_NOT_MODELED,,899.0,170.9580496710151,PUBLISHED_PROXY,0.01,235.595,44.801848400715016,PUBLISHED_PROXY,5.823,marginalPricesOverview_2026-09-01_OBSERVATION@56ccc1059e7c,activatedBalancingEnergyOverview_2026-09-01_OBSERVATION@92253bfac7de,PUBLISHED_NATIVE,0.00022857142857142857,0.13309714285714286,0.1333257142857143,True,True,True,True,True,True,True,True,OK,OK
2026-09-01T12:45:00Z,2026-09-01T13:00:00Z,2026-09-01T15:45:00+03:00,2026-09-01,0.25,LOOKAHEAD_ONLY,2026-09-01T12:00:00Z,98.14,2026-09-01_60,15,DA_2026-09-01_OBSERVATION@67b078a36199,2026-08-31,5.2586,BNR_FX_2026@9bb4cfc29e8f,346.67,94.976,FCR_2026-09-01T12:00:00Z,tenderStatistics_2026-09-01_OBSERVATION@d34bef071ceb,65.92439052219221,PUBLISHED_PROXY,36.68,175.0,aFRRUp_2026-09-01T12:00:00Z,tenderStatistics_2026-09-01_OBSERVATION@d34bef071ceb,6.975240558323508,PUBLISHED_PROXY,4.27,175.0,aFRRDown_2026-09-01T12:00:00Z,tenderStatistics_2026-09-01_OBSERVATION@d34bef071ceb,0.8120031947666678,PUBLISHED_PROXY,,,SOURCE_NULL_NOT_MODELED,,0.0,0.0,PUBLISHED_PROXY,0.0,88.199,16.772334841973148,PUBLISHED_PROXY,17.443,marginalPricesOverview_2026-09-01_OBSERVATION@56ccc1059e7c,activatedBalancingEnergyOverview_2026-09-01_OBSERVATION@92253bfac7de,PUBLISHED_NATIVE,0.0,0.3986971428571429,0.3986971428571429,True,True,True,True,True,True,True,True,OK,OK
2026-09-01T13:00:00Z,2026-09-01T13:15:00Z,2026-09-01T16:00:00+03:00,2026-09-01,0.25,LOOKAHEAD_ONLY,2026-09-01T13:00:00Z,72.43,2026-09-01_61,15,DA_2026-09-01_OBSERVATION@67b078a36199,2026-08-31,5.2586,BNR_FX_2026@9bb4cfc29e8f,346.67,94.976,FCR_2026-09-01T13:00:00Z,tenderStatistics_2026-09-01_OBSERVATION@d34bef071ceb,65.92439052219221,PUBLISHED_PROXY,36.67,175.0,aFRRUp_2026-09-01T13:00:00Z,tenderStatistics_2026-09-01_OBSERVATION@d34bef071ceb,6.973338911497357,PUBLISHED_PROXY,2.97,175.0,aFRRDown_2026-09-01T13:00:00Z,tenderStatistics_2026-09-01_OBSERVATION@d34bef071ceb,0.5647891073669798,PUBLISHED_PROXY,,,SOURCE_NULL_NOT_MODELED,,0.0,0.0,PUBLISHED_PROXY,0.0,17.425,3.3136195945688964,PUBLISHED_PROXY,22.158,marginalPricesOverview_2026-09-01_OBSERVATION@56ccc1059e7c,activatedBalancingEnergyOverview_2026-09-01_OBSERVATION@92253bfac7de,PUBLISHED_NATIVE,0.0,0.5064685714285715,0.5064685714285715,True,True,True,True,True,True,True,True,OK,OK
2026-09-01T13:15:00Z,2026-09-01T13:30:00Z,2026-09-01T16:15:00+03:00,2026-09-01,0.25,LOOKAHEAD_ONLY,2026-09-01T13:00:00Z,80.16,2026-09-01_62,15,DA_2026-09-01_OBSERVATION@67b078a36199,2026-08-31,5.2586,BNR_FX_2026@9bb4cfc29e8f,346.67,94.976,FCR_2026-09-01T13:00:00Z,tenderStatistics_2026-09-01_OBSERVATION@d34bef071ceb,65.92439052219221,PUBLISHED_PROXY,36.67,175.0,aFRRUp_2026-09-01T13:00:00Z,tenderStatistics_2026-09-01_OBSERVATION@d34bef071ceb,6.973338911497357,PUBLISHED_PROXY,2.97,175.0,aFRRDown_2026-09-01T13:00:00Z,tenderStatistics_2026-09-01_OBSERVATION@d34bef071ceb,0.5647891073669798,PUBLISHED_PROXY,,,SOURCE_NULL_NOT_MODELED,,899.0,170.9580496710151,PUBLISHED_PROXY,0.069,99.04,18.833910166203932,PUBLISHED_PROXY,8.658,marginalPricesOverview_2026-09-01_OBSERVATION@56ccc1059e7c,activatedBalancingEnergyOverview_2026-09-01_OBSERVATION@92253bfac7de,PUBLISHED_NATIVE,0.0015771428571428573,0.19789714285714285,0.19947428571428572,True,True,True,True,True,True,True,True,OK,OK
2026-09-01T13:30:00Z,2026-09-01T13:45:00Z,2026-09-01T16:30:00+03:00,2026-09-01,0.25,LOOKAHEAD_ONLY,2026-09-01T13:00:00Z,115.32,2026-09-01_63,15,DA_2026-09-01_OBSERVATION@67b078a36199,2026-08-31,5.2586,BNR_FX_2026@9bb4cfc29e8f,346.67,94.976,FCR_2026-09-01T13:00:00Z,tenderStatistics_2026-09-01_OBSERVATION@d34bef071ceb,65.92439052219221,PUBLISHED_PROXY,36.67,175.0,aFRRUp_2026-09-01T13:00:00Z,tenderStatistics_2026-09-01_OBSERVATION@d34bef071ceb,6.973338911497357,PUBLISHED_PROXY,2.97,175.0,aFRRDown_2026-09-01T13:00:00Z,tenderStatistics_2026-09-01_OBSERVATION@d34bef071ceb,0.5647891073669798,PUBLISHED_PROXY,,,SOURCE_NULL_NOT_MODELED,,958.515,182.27570075685543,PUBLISHED_PROXY,3.168,251.062,47.74312554672346,PUBLISHED_PROXY,4.195,marginalPricesOverview_2026-09-01_OBSERVATION@56ccc1059e7c,activatedBalancingEnergyOverview_2026-09-01_OBSERVATION@92253bfac7de,PUBLISHED_NATIVE,0.07241142857142857,0.0958857142857143,0.16829714285714287,True,True,True,True,True,True,True,True,OK,OK
2026-09-01T13:45:00Z,2026-09-01T14:00:00Z,2026-09-01T16:45:00+03:00,2026-09-01,0.25,LOOKAHEAD_ONLY,2026-09-01T13:00:00Z,138.14,2026-09-01_64,15,DA_2026-09-01_OBSERVATION@67b078a36199,2026-08-31,5.2586,BNR_FX_2026@9bb4cfc29e8f,346.67,94.976,FCR_2026-09-01T13:00:00Z,tenderStatistics_2026-09-01_OBSERVATION@d34bef071ceb,65.92439052219221,PUBLISHED_PROXY,36.67,175.0,aFRRUp_2026-09-01T13:00:00Z,tenderStatistics_2026-09-01_OBSERVATION@d34bef071ceb,6.973338911497357,PUBLISHED_PROXY,2.97,175.0,aFRRDown_2026-09-01T13:00:00Z,tenderStatistics_2026-09-01_OBSERVATION@d34bef071ceb,0.5647891073669798,PUBLISHED_PROXY,,,SOURCE_NULL_NOT_MODELED,,911.756,173.38379036245388,PUBLISHED_PROXY,5.798,251.78,47.879663788841135,PUBLISHED_PROXY,0.445,marginalPricesOverview_2026-09-01_OBSERVATION@56ccc1059e7c,activatedBalancingEnergyOverview_2026-09-01_OBSERVATION@92253bfac7de,PUBLISHED_NATIVE,0.13252571428571427,0.01017142857142857,0.14269714285714286,True,True,True,True,True,True,True,True,OK,OK
2026-09-01T14:00:00Z,2026-09-01T14:15:00Z,2026-09-01T17:00:00+03:00,2026-09-01,0.25,LOOKAHEAD_ONLY,2026-09-01T14:00:00Z,92.01,2026-09-01_65,15,DA_2026-09-01_OBSERVATION@67b078a36199,2026-08-31,5.2586,BNR_FX_2026@9bb4cfc29e8f,346.67,94.976,FCR_2026-09-01T14:00:00Z,tenderStatistics_2026-09-01_OBSERVATION@d34bef071ceb,65.92439052219221,PUBLISHED_PROXY,36.89,175.0,aFRRUp_2026-09-01T14:00:00Z,tenderStatistics_2026-09-01_OBSERVATION@d34bef071ceb,7.015175141672688,PUBLISHED_PROXY,0.98,175.0,aFRRDown_2026-09-01T14:00:00Z,tenderStatistics_2026-09-01_OBSERVATION@d34bef071ceb,0.1863613889628418,PUBLISHED_PROXY,,,SOURCE_NULL_NOT_MODELED,,900.0,171.14821435363024,PUBLISHED_PROXY,4.077,-6160.078,-1171.4292777545354,PUBLISHED_PROXY,21.359,marginalPricesOverview_2026-09-01_OBSERVATION@56ccc1059e7c,activatedBalancingEnergyOverview_2026-09-01_OBSERVATION@92253bfac7de,PUBLISHED_NATIVE,0.09318857142857143,0.4882057142857143,0.5813942857142858,True,True,True,True,True,True,True,True,OK,OK
2026-09-01T14:15:00Z,2026-09-01T14:30:00Z,2026-09-01T17:15:00+03:00,2026-09-01,0.25,LOOKAHEAD_ONLY,2026-09-01T14:00:00Z,140.38,2026-09-01_66,15,DA_2026-09-01_OBSERVATION@67b078a36199,2026-08-31,5.2586,BNR_FX_2026@9bb4cfc29e8f,346.67,94.976,FCR_2026-09-01T14:00:00Z,tenderStatistics_2026-09-01_OBSERVATION@d34bef071ceb,65.92439052219221,PUBLISHED_PROXY,36.89,175.0,aFRRUp_2026-09-01T14:00:00Z,tenderStatistics_2026-09-01_OBSERVATION@d34bef071ceb,7.015175141672688,PUBLISHED_PROXY,0.98,175.0,aFRRDown_2026-09-01T14:00:00Z,tenderStatistics_2026-09-01_OBSERVATION@d34bef071ceb,0.1863613889628418,PUBLISHED_PROXY,,,SOURCE_NULL_NOT_MODELED,,0.0,0.0,PUBLISHED_PROXY,0.0,-249.804,-47.50389837599361,PUBLISHED_PROXY,38.468,marginalPricesOverview_2026-09-01_OBSERVATION@56ccc1059e7c,activatedBalancingEnergyOverview_2026-09-01_OBSERVATION@92253bfac7de,PUBLISHED_NATIVE,0.0,0.8792685714285715,0.8792685714285715,True,True,True,True,True,True,True,True,OK,OK
2026-09-01T14:30:00Z,2026-09-01T14:45:00Z,2026-09-01T17:30:00+03:00,2026-09-01,0.25,LOOKAHEAD_ONLY,2026-09-01T14:00:00Z,166.22,2026-09-01_67,15,DA_2026-09-01_OBSERVATION@67b078a36199,2026-08-31,5.2586,BNR_FX_2026@9bb4cfc29e8f,346.67,94.976,FCR_2026-09-01T14:00:00Z,tenderStatistics_2026-09-01_OBSERVATION@d34bef071ceb,65.92439052219221,PUBLISHED_PROXY,36.89,175.0,aFRRUp_2026-09-01T14:00:00Z,tenderStatistics_2026-09-01_OBSERVATION@d34bef071ceb,7.015175141672688,PUBLISHED_PROXY,0.98,175.0,aFRRDown_2026-09-01T14:00:00Z,tenderStatistics_2026-09-01_OBSERVATION@d34bef071ceb,0.1863613889628418,PUBLISHED_PROXY,,,SOURCE_NULL_NOT_MODELED,,1383.036,263.00460198531925,PUBLISHED_PROXY,12.925,253.162,48.14247138021526,PUBLISHED_PROXY,2.983,marginalPricesOverview_2026-09-01_OBSERVATION@56ccc1059e7c,activatedBalancingEnergyOverview_2026-09-01_OBSERVATION@92253bfac7de,PUBLISHED_NATIVE,0.29542857142857143,0.06818285714285714,0.3636114285714286,True,True,True,True,True,True,True,True,OK,OK
2026-09-01T14:45:00Z,2026-09-01T15:00:00Z,2026-09-01T17:45:00+03:00,2026-09-01,0.25,LOOKAHEAD_ONLY,2026-09-01T14:00:00Z,217.64,2026-09-01_68,15,DA_2026-09-01_OBSERVATION@67b078a36199,2026-08-31,5.2586,BNR_FX_2026@9bb4cfc29e8f,346.67,94.976,FCR_2026-09-01T14:00:00Z,tenderStatistics_2026-09-01_OBSERVATION@d34bef071ceb,65.92439052219221,PUBLISHED_PROXY,36.89,175.0,aFRRUp_2026-09-01T14:00:00Z,tenderStatistics_2026-09-01_OBSERVATION@d34bef071ceb,7.015175141672688,PUBLISHED_PROXY,0.98,175.0,aFRRDown_2026-09-01T14:00:00Z,tenderStatistics_2026-09-01_OBSERVATION@d34bef071ceb,0.1863613889628418,PUBLISHED_PROXY,,,SOURCE_NULL_NOT_MODELED,,1561.469,296.9362567983874,PUBLISHED_PROXY,18.441,401.057,76.26687711558209,PUBLISHED_PROXY,0.088,marginalPricesOverview_2026-09-01_OBSERVATION@56ccc1059e7c,activatedBalancingEnergyOverview_2026-09-01_OBSERVATION@92253bfac7de,PUBLISHED_NATIVE,0.4215085714285714,0.002011428571428571,0.42351999999999995,True,True,True,True,True,True,True,True,OK,OK
2026-09-01T15:00:00Z,2026-09-01T15:15:00Z,2026-09-01T18:00:00+03:00,2026-09-01,0.25,LOOKAHEAD_ONLY,2026-09-01T15:00:00Z,179.27,2026-09-01_69,15,DA_2026-09-01_OBSERVATION@67b078a36199,2026-08-31,5.2586,BNR_FX_2026@9bb4cfc29e8f,346.67,132.992,FCR_2026-09-01T15:00:00Z,tenderStatistics_2026-09-01_OBSERVATION@d34bef071ceb,65.92439052219221,PUBLISHED_PROXY,37.41,175.0,aFRRUp_2026-09-01T15:00:00Z,tenderStatistics_2026-09-01_OBSERVATION@d34bef071ceb,7.114060776632563,PUBLISHED_PROXY,0.98,175.0,aFRRDown_2026-09-01T15:00:00Z,tenderStatistics_2026-09-01_OBSERVATION@d34bef071ceb,0.1863613889628418,PUBLISHED_PROXY,,,SOURCE_NULL_NOT_MODELED,,1402.543,266.7141444490929,PUBLISHED_PROXY,4.26,404.333,76.8898566158293,PUBLISHED_PROXY,0.003,marginalPricesOverview_2026-09-01_OBSERVATION@56ccc1059e7c,activatedBalancingEnergyOverview_2026-09-01_OBSERVATION@92253bfac7de,PUBLISHED_NATIVE,0.09737142857142857,6.857142857142857e-05,0.09744,True,True,True,True,True,True,True,True,OK,OK
2026-09-01T15:15:00Z,2026-09-01T15:30:00Z,2026-09-01T18:15:00+03:00,2026-09-01,0.25,LOOKAHEAD_ONLY,2026-09-01T15:00:00Z,222.96,2026-09-01_70,15,DA_2026-09-01_OBSERVATION@67b078a36199,2026-08-31,5.2586,BNR_FX_2026@9bb4cfc29e8f,346.67,132.992,FCR_2026-09-01T15:00:00Z,tenderStatistics_2026-09-01_OBSERVATION@d34bef071ceb,65.92439052219221,PUBLISHED_PROXY,37.41,175.0,aFRRUp_2026-09-01T15:00:00Z,tenderStatistics_2026-09-01_OBSERVATION@d34bef071ceb,7.114060776632563,PUBLISHED_PROXY,0.98,175.0,aFRRDown_2026-09-01T15:00:00Z,tenderStatistics_2026-09-01_OBSERVATION@d34bef071ceb,0.1863613889628418,PUBLISHED_PROXY,,,SOURCE_NULL_NOT_MODELED,,1947.742,370.39173924618717,PUBLISHED_PROXY,26.275,0.0,0.0,PUBLISHED_PROXY,0.0,marginalPricesOverview_2026-09-01_OBSERVATION@56ccc1059e7c,activatedBalancingEnergyOverview_2026-09-01_OBSERVATION@92253bfac7de,PUBLISHED_NATIVE,0.6005714285714285,0.0,0.6005714285714285,True,True,True,True,True,True,True,True,OK,OK
2026-09-01T15:30:00Z,2026-09-01T15:45:00Z,2026-09-01T18:30:00+03:00,2026-09-01,0.25,LOOKAHEAD_ONLY,2026-09-01T15:00:00Z,247.74,2026-09-01_71,15,DA_2026-09-01_OBSERVATION@67b078a36199,2026-08-31,5.2586,BNR_FX_2026@9bb4cfc29e8f,346.67,132.992,FCR_2026-09-01T15:00:00Z,tenderStatistics_2026-09-01_OBSERVATION@d34bef071ceb,65.92439052219221,PUBLISHED_PROXY,37.41,175.0,aFRRUp_2026-09-01T15:00:00Z,tenderStatistics_2026-09-01_OBSERVATION@d34bef071ceb,7.114060776632563,PUBLISHED_PROXY,0.98,175.0,aFRRDown_2026-09-01T15:00:00Z,tenderStatistics_2026-09-01_OBSERVATION@d34bef071ceb,0.1863613889628418,PUBLISHED_PROXY,,,SOURCE_NULL_NOT_MODELED,,2349.704,446.830715399536,PUBLISHED_PROXY,30.746,0.0,0.0,PUBLISHED_PROXY,0.0,marginalPricesOverview_2026-09-01_OBSERVATION@56ccc1059e7c,activatedBalancingEnergyOverview_2026-09-01_OBSERVATION@92253bfac7de,PUBLISHED_NATIVE,0.7027657142857142,0.0,0.7027657142857142,True,True,True,True,True,True,True,True,OK,OK
2026-09-01T15:45:00Z,2026-09-01T16:00:00Z,2026-09-01T18:45:00+03:00,2026-09-01,0.25,LOOKAHEAD_ONLY,2026-09-01T15:00:00Z,263.6,2026-09-01_72,15,DA_2026-09-01_OBSERVATION@67b078a36199,2026-08-31,5.2586,BNR_FX_2026@9bb4cfc29e8f,346.67,132.992,FCR_2026-09-01T15:00:00Z,tenderStatistics_2026-09-01_OBSERVATION@d34bef071ceb,65.92439052219221,PUBLISHED_PROXY,37.41,175.0,aFRRUp_2026-09-01T15:00:00Z,tenderStatistics_2026-09-01_OBSERVATION@d34bef071ceb,7.114060776632563,PUBLISHED_PROXY,0.98,175.0,aFRRDown_2026-09-01T15:00:00Z,tenderStatistics_2026-09-01_OBSERVATION@d34bef071ceb,0.1863613889628418,PUBLISHED_PROXY,,,SOURCE_NULL_NOT_MODELED,,1833.275,348.6241585212794,PUBLISHED_PROXY,29.82,0.0,0.0,PUBLISHED_PROXY,0.0,marginalPricesOverview_2026-09-01_OBSERVATION@56ccc1059e7c,activatedBalancingEnergyOverview_2026-09-01_OBSERVATION@92253bfac7de,PUBLISHED_NATIVE,0.6816,0.0,0.6816,True,True,True,True,True,True,True,True,OK,OK
2026-09-01T16:00:00Z,2026-09-01T16:15:00Z,2026-09-01T19:00:00+03:00,2026-09-01,0.25,LOOKAHEAD_ONLY,2026-09-01T16:00:00Z,274.05,2026-09-01_73,15,DA_2026-09-01_OBSERVATION@67b078a36199,2026-08-31,5.2586,BNR_FX_2026@9bb4cfc29e8f,346.67,132.992,FCR_2026-09-01T16:00:00Z,tenderStatistics_2026-09-01_OBSERVATION@d34bef071ceb,65.92439052219221,PUBLISHED_PROXY,37.3,175.0,aFRRUp_2026-09-01T16:00:00Z,tenderStatistics_2026-09-01_OBSERVATION@d34bef071ceb,7.0931426615448965,PUBLISHED_PROXY,0.98,175.0,aFRRDown_2026-09-01T16:00:00Z,tenderStatistics_2026-09-01_OBSERVATION@d34bef071ceb,0.1863613889628418,PUBLISHED_PROXY,,,SOURCE_NULL_NOT_MODELED,,1290.023,245.3168143612368,PUBLISHED_PROXY,1.069,421.0,80.05933138097592,PUBLISHED_PROXY,0.06,marginalPricesOverview_2026-09-01_OBSERVATION@56ccc1059e7c,activatedBalancingEnergyOverview_2026-09-01_OBSERVATION@92253bfac7de,PUBLISHED_NATIVE,0.024434285714285714,0.0013714285714285714,0.025805714285714286,True,True,True,True,True,True,True,True,OK,OK
2026-09-01T16:15:00Z,2026-09-01T16:30:00Z,2026-09-01T19:15:00+03:00,2026-09-01,0.25,LOOKAHEAD_ONLY,2026-09-01T16:00:00Z,279.23,2026-09-01_74,15,DA_2026-09-01_OBSERVATION@67b078a36199,2026-08-31,5.2586,BNR_FX_2026@9bb4cfc29e8f,346.67,132.992,FCR_2026-09-01T16:00:00Z,tenderStatistics_2026-09-01_OBSERVATION@d34bef071ceb,65.92439052219221,PUBLISHED_PROXY,37.3,175.0,aFRRUp_2026-09-01T16:00:00Z,tenderStatistics_2026-09-01_OBSERVATION@d34bef071ceb,7.0931426615448965,PUBLISHED_PROXY,0.98,175.0,aFRRDown_2026-09-01T16:00:00Z,tenderStatistics_2026-09-01_OBSERVATION@d34bef071ceb,0.1863613889628418,PUBLISHED_PROXY,,,SOURCE_NULL_NOT_MODELED,,1555.875,295.87247556383824,PUBLISHED_PROXY,2.597,421.0,80.05933138097592,PUBLISHED_PROXY,0.167,marginalPricesOverview_2026-09-01_OBSERVATION@56ccc1059e7c,activatedBalancingEnergyOverview_2026-09-01_OBSERVATION@92253bfac7de,PUBLISHED_NATIVE,0.059359999999999996,0.0038171428571428575,0.06317714285714285,True,True,True,True,True,True,True,True,OK,OK
2026-09-01T16:30:00Z,2026-09-01T16:45:00Z,2026-09-01T19:30:00+03:00,2026-09-01,0.25,LOOKAHEAD_ONLY,2026-09-01T16:00:00Z,269.09,2026-09-01_75,15,DA_2026-09-01_OBSERVATION@67b078a36199,2026-08-31,5.2586,BNR_FX_2026@9bb4cfc29e8f,346.67,132.992,FCR_2026-09-01T16:00:00Z,tenderStatistics_2026-09-01_OBSERVATION@d34bef071ceb,65.92439052219221,PUBLISHED_PROXY,37.3,175.0,aFRRUp_2026-09-01T16:00:00Z,tenderStatistics_2026-09-01_OBSERVATION@d34bef071ceb,7.0931426615448965,PUBLISHED_PROXY,0.98,175.0,aFRRDown_2026-09-01T16:00:00Z,tenderStatistics_2026-09-01_OBSERVATION@d34bef071ceb,0.1863613889628418,PUBLISHED_PROXY,,,SOURCE_NULL_NOT_MODELED,,1576.798,299.85129121819494,PUBLISHED_PROXY,1.583,421.0,80.05933138097592,PUBLISHED_PROXY,0.013,marginalPricesOverview_2026-09-01_OBSERVATION@56ccc1059e7c,activatedBalancingEnergyOverview_2026-09-01_OBSERVATION@92253bfac7de,PUBLISHED_NATIVE,0.03618285714285714,0.00029714285714285715,0.03648,True,True,True,True,True,True,True,True,OK,OK
2026-09-01T16:45:00Z,2026-09-01T17:00:00Z,2026-09-01T19:45:00+03:00,2026-09-01,0.25,LOOKAHEAD_ONLY,2026-09-01T16:00:00Z,276.85,2026-09-01_76,15,DA_2026-09-01_OBSERVATION@67b078a36199,2026-08-31,5.2586,BNR_FX_2026@9bb4cfc29e8f,346.67,132.992,FCR_2026-09-01T16:00:00Z,tenderStatistics_2026-09-01_OBSERVATION@d34bef071ceb,65.92439052219221,PUBLISHED_PROXY,37.3,175.0,aFRRUp_2026-09-01T16:00:00Z,tenderStatistics_2026-09-01_OBSERVATION@d34bef071ceb,7.0931426615448965,PUBLISHED_PROXY,0.98,175.0,aFRRDown_2026-09-01T16:00:00Z,tenderStatistics_2026-09-01_OBSERVATION@d34bef071ceb,0.1863613889628418,PUBLISHED_PROXY,,,SOURCE_NULL_NOT_MODELED,,1657.53,315.2036663750808,PUBLISHED_PROXY,3.241,421.0,80.05933138097592,PUBLISHED_PROXY,0.069,marginalPricesOverview_2026-09-01_OBSERVATION@56ccc1059e7c,activatedBalancingEnergyOverview_2026-09-01_OBSERVATION@92253bfac7de,PUBLISHED_NATIVE,0.07408000000000001,0.0015771428571428573,0.07565714285714287,True,True,True,True,True,True,True,True,OK,OK
2026-09-01T17:00:00Z,2026-09-01T17:15:00Z,2026-09-01T20:00:00+03:00,2026-09-01,0.25,LOOKAHEAD_ONLY,2026-09-01T17:00:00Z,283.49,2026-09-01_77,15,DA_2026-09-01_OBSERVATION@67b078a36199,2026-08-31,5.2586,BNR_FX_2026@9bb4cfc29e8f,346.67,132.992,FCR_2026-09-01T17:00:00Z,tenderStatistics_2026-09-01_OBSERVATION@d34bef071ceb,65.92439052219221,PUBLISHED_PROXY,34.81,175.0,aFRRUp_2026-09-01T17:00:00Z,tenderStatistics_2026-09-01_OBSERVATION@d34bef071ceb,6.619632601833188,PUBLISHED_PROXY,0.98,175.0,aFRRDown_2026-09-01T17:00:00Z,tenderStatistics_2026-09-01_OBSERVATION@d34bef071ceb,0.1863613889628418,PUBLISHED_PROXY,,,SOURCE_NULL_NOT_MODELED,,1123.783,213.70383752329514,PUBLISHED_PROXY,0.267,421.0,80.05933138097592,PUBLISHED_PROXY,0.12,marginalPricesOverview_2026-09-01_OBSERVATION@56ccc1059e7c,activatedBalancingEnergyOverview_2026-09-01_OBSERVATION@92253bfac7de,PUBLISHED_NATIVE,0.006102857142857143,0.002742857142857143,0.008845714285714287,True,True,True,True,True,True,True,True,OK,OK
2026-09-01T17:15:00Z,2026-09-01T17:30:00Z,2026-09-01T20:15:00+03:00,2026-09-01,0.25,LOOKAHEAD_ONLY,2026-09-01T17:00:00Z,289.67,2026-09-01_78,15,DA_2026-09-01_OBSERVATION@67b078a36199,2026-08-31,5.2586,BNR_FX_2026@9bb4cfc29e8f,346.67,132.992,FCR_2026-09-01T17:00:00Z,tenderStatistics_2026-09-01_OBSERVATION@d34bef071ceb,65.92439052219221,PUBLISHED_PROXY,34.81,175.0,aFRRUp_2026-09-01T17:00:00Z,tenderStatistics_2026-09-01_OBSERVATION@d34bef071ceb,6.619632601833188,PUBLISHED_PROXY,0.98,175.0,aFRRDown_2026-09-01T17:00:00Z,tenderStatistics_2026-09-01_OBSERVATION@d34bef071ceb,0.1863613889628418,PUBLISHED_PROXY,,,SOURCE_NULL_NOT_MODELED,,1504.213,286.0481877305746,PUBLISHED_PROXY,4.986,421.0,80.05933138097592,PUBLISHED_PROXY,0.014,marginalPricesOverview_2026-09-01_OBSERVATION@56ccc1059e7c,activatedBalancingEnergyOverview_2026-09-01_OBSERVATION@92253bfac7de,PUBLISHED_NATIVE,0.11396571428571428,0.00032,0.11428571428571428,True,True,True,True,True,True,True,True,OK,OK
2026-09-01T17:30:00Z,2026-09-01T17:45:00Z,2026-09-01T20:30:00+03:00,2026-09-01,0.25,LOOKAHEAD_ONLY,2026-09-01T17:00:00Z,288.94,2026-09-01_79,15,DA_2026-09-01_OBSERVATION@67b078a36199,2026-08-31,5.2586,BNR_FX_2026@9bb4cfc29e8f,346.67,132.992,FCR_2026-09-01T17:00:00Z,tenderStatistics_2026-09-01_OBSERVATION@d34bef071ceb,65.92439052219221,PUBLISHED_PROXY,34.81,175.0,aFRRUp_2026-09-01T17:00:00Z,tenderStatistics_2026-09-01_OBSERVATION@d34bef071ceb,6.619632601833188,PUBLISHED_PROXY,0.98,175.0,aFRRDown_2026-09-01T17:00:00Z,tenderStatistics_2026-09-01_OBSERVATION@d34bef071ceb,0.1863613889628418,PUBLISHED_PROXY,,,SOURCE_NULL_NOT_MODELED,,1692.488,321.85144334994106,PUBLISHED_PROXY,16.479,0.0,0.0,PUBLISHED_PROXY,0.0,marginalPricesOverview_2026-09-01_OBSERVATION@56ccc1059e7c,activatedBalancingEnergyOverview_2026-09-01_OBSERVATION@92253bfac7de,PUBLISHED_NATIVE,0.37666285714285713,0.0,0.37666285714285713,True,True,True,True,True,True,True,True,OK,OK
2026-09-01T17:45:00Z,2026-09-01T18:00:00Z,2026-09-01T20:45:00+03:00,2026-09-01,0.25,LOOKAHEAD_ONLY,2026-09-01T17:00:00Z,270.52,2026-09-01_80,15,DA_2026-09-01_OBSERVATION@67b078a36199,2026-08-31,5.2586,BNR_FX_2026@9bb4cfc29e8f,346.67,132.992,FCR_2026-09-01T17:00:00Z,tenderStatistics_2026-09-01_OBSERVATION@d34bef071ceb,65.92439052219221,PUBLISHED_PROXY,34.81,175.0,aFRRUp_2026-09-01T17:00:00Z,tenderStatistics_2026-09-01_OBSERVATION@d34bef071ceb,6.619632601833188,PUBLISHED_PROXY,0.98,175.0,aFRRDown_2026-09-01T17:00:00Z,tenderStatistics_2026-09-01_OBSERVATION@d34bef071ceb,0.1863613889628418,PUBLISHED_PROXY,,,SOURCE_NULL_NOT_MODELED,,1499.789,285.20689917468525,PUBLISHED_PROXY,13.573,0.0,0.0,PUBLISHED_PROXY,0.0,marginalPricesOverview_2026-09-01_OBSERVATION@56ccc1059e7c,activatedBalancingEnergyOverview_2026-09-01_OBSERVATION@92253bfac7de,PUBLISHED_NATIVE,0.31024,0.0,0.31024,True,True,True,True,True,True,True,True,OK,OK
2026-09-01T18:00:00Z,2026-09-01T18:15:00Z,2026-09-01T21:00:00+03:00,2026-09-01,0.25,LOOKAHEAD_ONLY,2026-09-01T18:00:00Z,271.66,2026-09-01_81,15,DA_2026-09-01_OBSERVATION@67b078a36199,2026-08-31,5.2586,BNR_FX_2026@9bb4cfc29e8f,346.67,132.992,FCR_2026-09-01T18:00:00Z,tenderStatistics_2026-09-01_OBSERVATION@d34bef071ceb,65.92439052219221,PUBLISHED_PROXY,36.97,175.0,aFRRUp_2026-09-01T18:00:00Z,tenderStatistics_2026-09-01_OBSERVATION@d34bef071ceb,7.0303883162819,PUBLISHED_PROXY,0.98,175.0,aFRRDown_2026-09-01T18:00:00Z,tenderStatistics_2026-09-01_OBSERVATION@d34bef071ceb,0.1863613889628418,PUBLISHED_PROXY,,,SOURCE_NULL_NOT_MODELED,,1446.31,275.03708211310993,PUBLISHED_PROXY,2.545,0.0,0.0,PUBLISHED_PROXY,0.0,marginalPricesOverview_2026-09-01_OBSERVATION@56ccc1059e7c,activatedBalancingEnergyOverview_2026-09-01_OBSERVATION@92253bfac7de,PUBLISHED_NATIVE,0.05817142857142857,0.0,0.05817142857142857,True,True,True,True,True,True,True,True,OK,OK
2026-09-01T18:15:00Z,2026-09-01T18:30:00Z,2026-09-01T21:15:00+03:00,2026-09-01,0.25,LOOKAHEAD_ONLY,2026-09-01T18:00:00Z,253.64,2026-09-01_82,15,DA_2026-09-01_OBSERVATION@67b078a36199,2026-08-31,5.2586,BNR_FX_2026@9bb4cfc29e8f,346.67,132.992,FCR_2026-09-01T18:00:00Z,tenderStatistics_2026-09-01_OBSERVATION@d34bef071ceb,65.92439052219221,PUBLISHED_PROXY,36.97,175.0,aFRRUp_2026-09-01T18:00:00Z,tenderStatistics_2026-09-01_OBSERVATION@d34bef071ceb,7.0303883162819,PUBLISHED_PROXY,0.98,175.0,aFRRDown_2026-09-01T18:00:00Z,tenderStatistics_2026-09-01_OBSERVATION@d34bef071ceb,0.1863613889628418,PUBLISHED_PROXY,,,SOURCE_NULL_NOT_MODELED,,1273.643,242.20191686000075,PUBLISHED_PROXY,0.734,430.0,81.77081352451222,PUBLISHED_PROXY,0.005,marginalPricesOverview_2026-09-01_OBSERVATION@56ccc1059e7c,activatedBalancingEnergyOverview_2026-09-01_OBSERVATION@92253bfac7de,PUBLISHED_NATIVE,0.01677714285714286,0.00011428571428571428,0.01689142857142857,True,True,True,True,True,True,True,True,OK,OK
2026-09-01T18:30:00Z,2026-09-01T18:45:00Z,2026-09-01T21:30:00+03:00,2026-09-01,0.25,LOOKAHEAD_ONLY,2026-09-01T18:00:00Z,249.54,2026-09-01_83,15,DA_2026-09-01_OBSERVATION@67b078a36199,2026-08-31,5.2586,BNR_FX_2026@9bb4cfc29e8f,346.67,132.992,FCR_2026-09-01T18:00:00Z,tenderStatistics_2026-09-01_OBSERVATION@d34bef071ceb,65.92439052219221,PUBLISHED_PROXY,36.97,175.0,aFRRUp_2026-09-01T18:00:00Z,tenderStatistics_2026-09-01_OBSERVATION@d34bef071ceb,7.0303883162819,PUBLISHED_PROXY,0.98,175.0,aFRRDown_2026-09-01T18:00:00Z,tenderStatistics_2026-09-01_OBSERVATION@d34bef071ceb,0.1863613889628418,PUBLISHED_PROXY,,,SOURCE_NULL_NOT_MODELED,,1486.923,282.7602403681588,PUBLISHED_PROXY,3.693,430.0,81.77081352451222,PUBLISHED_PROXY,0.017,marginalPricesOverview_2026-09-01_OBSERVATION@56ccc1059e7c,activatedBalancingEnergyOverview_2026-09-01_OBSERVATION@92253bfac7de,PUBLISHED_NATIVE,0.08441142857142857,0.0003885714285714286,0.0848,True,True,True,True,True,True,True,True,OK,OK
2026-09-01T18:45:00Z,2026-09-01T19:00:00Z,2026-09-01T21:45:00+03:00,2026-09-01,0.25,LOOKAHEAD_ONLY,2026-09-01T18:00:00Z,242.53,2026-09-01_84,15,DA_2026-09-01_OBSERVATION@67b078a36199,2026-08-31,5.2586,BNR_FX_2026@9bb4cfc29e8f,346.67,132.992,FCR_2026-09-01T18:00:00Z,tenderStatistics_2026-09-01_OBSERVATION@d34bef071ceb,65.92439052219221,PUBLISHED_PROXY,36.97,175.0,aFRRUp_2026-09-01T18:00:00Z,tenderStatistics_2026-09-01_OBSERVATION@d34bef071ceb,7.0303883162819,PUBLISHED_PROXY,0.98,175.0,aFRRDown_2026-09-01T18:00:00Z,tenderStatistics_2026-09-01_OBSERVATION@d34bef071ceb,0.1863613889628418,PUBLISHED_PROXY,,,SOURCE_NULL_NOT_MODELED,,1133.637,215.5777203057848,PUBLISHED_PROXY,0.314,430.0,81.77081352451222,PUBLISHED_PROXY,0.099,marginalPricesOverview_2026-09-01_OBSERVATION@56ccc1059e7c,activatedBalancingEnergyOverview_2026-09-01_OBSERVATION@92253bfac7de,PUBLISHED_NATIVE,0.007177142857142857,0.002262857142857143,0.00944,True,True,True,True,True,True,True,True,OK,OK
2026-09-01T19:00:00Z,2026-09-01T19:15:00Z,2026-09-01T22:00:00+03:00,2026-09-01,0.25,LOOKAHEAD_ONLY,2026-09-01T19:00:00Z,260.23,2026-09-01_85,15,DA_2026-09-01_OBSERVATION@67b078a36199,2026-08-31,5.2586,BNR_FX_2026@9bb4cfc29e8f,346.67,132.992,FCR_2026-09-01T19:00:00Z,tenderStatistics_2026-09-01_OBSERVATION@d34bef071ceb,65.92439052219221,PUBLISHED_PROXY,36.61,175.0,aFRRUp_2026-09-01T19:00:00Z,tenderStatistics_2026-09-01_OBSERVATION@d34bef071ceb,6.961929030540447,PUBLISHED_PROXY,0.98,175.0,aFRRDown_2026-09-01T19:00:00Z,tenderStatistics_2026-09-01_OBSERVATION@d34bef071ceb,0.1863613889628418,PUBLISHED_PROXY,,,SOURCE_NULL_NOT_MODELED,,1472.192,279.9589244285551,PUBLISHED_PROXY,18.284,430.0,81.77081352451222,PUBLISHED_PROXY,0.026,marginalPricesOverview_2026-09-01_OBSERVATION@56ccc1059e7c,activatedBalancingEnergyOverview_2026-09-01_OBSERVATION@92253bfac7de,PUBLISHED_NATIVE,0.41791999999999996,0.0005942857142857143,0.41851428571428567,True,True,True,True,True,True,True,True,OK,OK
2026-09-01T19:15:00Z,2026-09-01T19:30:00Z,2026-09-01T22:15:00+03:00,2026-09-01,0.25,LOOKAHEAD_ONLY,2026-09-01T19:00:00Z,234.93,2026-09-01_86,15,DA_2026-09-01_OBSERVATION@67b078a36199,2026-08-31,5.2586,BNR_FX_2026@9bb4cfc29e8f,346.67,132.992,FCR_2026-09-01T19:00:00Z,tenderStatistics_2026-09-01_OBSERVATION@d34bef071ceb,65.92439052219221,PUBLISHED_PROXY,36.61,175.0,aFRRUp_2026-09-01T19:00:00Z,tenderStatistics_2026-09-01_OBSERVATION@d34bef071ceb,6.961929030540447,PUBLISHED_PROXY,0.98,175.0,aFRRDown_2026-09-01T19:00:00Z,tenderStatistics_2026-09-01_OBSERVATION@d34bef071ceb,0.1863613889628418,PUBLISHED_PROXY,,,SOURCE_NULL_NOT_MODELED,,1426.611,271.2910280302742,PUBLISHED_PROXY,13.721,0.0,0.0,PUBLISHED_PROXY,0.0,marginalPricesOverview_2026-09-01_OBSERVATION@56ccc1059e7c,activatedBalancingEnergyOverview_2026-09-01_OBSERVATION@92253bfac7de,PUBLISHED_NATIVE,0.31362285714285715,0.0,0.31362285714285715,True,True,True,True,True,True,True,True,OK,OK
2026-09-01T19:30:00Z,2026-09-01T19:45:00Z,2026-09-01T22:30:00+03:00,2026-09-01,0.25,LOOKAHEAD_ONLY,2026-09-01T19:00:00Z,249.03,2026-09-01_87,15,DA_2026-09-01_OBSERVATION@67b078a36199,2026-08-31,5.2586,BNR_FX_2026@9bb4cfc29e8f,346.67,132.992,FCR_2026-09-01T19:00:00Z,tenderStatistics_2026-09-01_OBSERVATION@d34bef071ceb,65.92439052219221,PUBLISHED_PROXY,36.61,175.0,aFRRUp_2026-09-01T19:00:00Z,tenderStatistics_2026-09-01_OBSERVATION@d34bef071ceb,6.961929030540447,PUBLISHED_PROXY,0.98,175.0,aFRRDown_2026-09-01T19:00:00Z,tenderStatistics_2026-09-01_OBSERVATION@d34bef071ceb,0.1863613889628418,PUBLISHED_PROXY,,,SOURCE_NULL_NOT_MODELED,,1087.301,206.76624957212942,PUBLISHED_PROXY,0.595,461.404,87.74274521735822,PUBLISHED_PROXY,0.057,marginalPricesOverview_2026-09-01_OBSERVATION@56ccc1059e7c,activatedBalancingEnergyOverview_2026-09-01_OBSERVATION@92253bfac7de,PUBLISHED_NATIVE,0.0136,0.001302857142857143,0.014902857142857141,True,True,True,True,True,True,True,True,OK,OK
2026-09-01T19:45:00Z,2026-09-01T20:00:00Z,2026-09-01T22:45:00+03:00,2026-09-01,0.25,LOOKAHEAD_ONLY,2026-09-01T19:00:00Z,250.44,2026-09-01_88,15,DA_2026-09-01_OBSERVATION@67b078a36199,2026-08-31,5.2586,BNR_FX_2026@9bb4cfc29e8f,346.67,132.992,FCR_2026-09-01T19:00:00Z,tenderStatistics_2026-09-01_OBSERVATION@d34bef071ceb,65.92439052219221,PUBLISHED_PROXY,36.61,175.0,aFRRUp_2026-09-01T19:00:00Z,tenderStatistics_2026-09-01_OBSERVATION@d34bef071ceb,6.961929030540447,PUBLISHED_PROXY,0.98,175.0,aFRRDown_2026-09-01T19:00:00Z,tenderStatistics_2026-09-01_OBSERVATION@d34bef071ceb,0.1863613889628418,PUBLISHED_PROXY,,,SOURCE_NULL_NOT_MODELED,,1298.187,246.86931883010683,PUBLISHED_PROXY,6.802,439.379,83.55436808275967,PUBLISHED_PROXY,0.419,marginalPricesOverview_2026-09-01_OBSERVATION@56ccc1059e7c,activatedBalancingEnergyOverview_2026-09-01_OBSERVATION@92253bfac7de,PUBLISHED_NATIVE,0.1554742857142857,0.009577142857142857,0.16505142857142857,True,True,True,True,True,True,True,True,OK,OK
2026-09-01T20:00:00Z,2026-09-01T20:15:00Z,2026-09-01T23:00:00+03:00,2026-09-01,0.25,LOOKAHEAD_ONLY,2026-09-01T20:00:00Z,235.84,2026-09-01_89,15,DA_2026-09-01_OBSERVATION@67b078a36199,2026-08-31,5.2586,BNR_FX_2026@9bb4cfc29e8f,346.67,132.992,FCR_2026-09-01T20:00:00Z,tenderStatistics_2026-09-01_OBSERVATION@d34bef071ceb,65.92439052219221,PUBLISHED_PROXY,37.45,175.0,aFRRUp_2026-09-01T20:00:00Z,tenderStatistics_2026-09-01_OBSERVATION@d34bef071ceb,7.12166736393717,PUBLISHED_PROXY,0.98,175.0,aFRRDown_2026-09-01T20:00:00Z,tenderStatistics_2026-09-01_OBSERVATION@d34bef071ceb,0.1863613889628418,PUBLISHED_PROXY,,,SOURCE_NULL_NOT_MODELED,,2409.716,458.242878332636,PUBLISHED_PROXY,29.422,445.085,84.63944776176167,PUBLISHED_PROXY,0.118,marginalPricesOverview_2026-09-01_OBSERVATION@56ccc1059e7c,activatedBalancingEnergyOverview_2026-09-01_OBSERVATION@92253bfac7de,PUBLISHED_NATIVE,0.6725028571428572,0.002697142857142857,0.6752,True,True,True,True,False,True,True,True,OK,OTHER_QH_IN_SAME_HOUR_INVALID
2026-09-01T20:15:00Z,2026-09-01T20:30:00Z,2026-09-01T23:15:00+03:00,2026-09-01,0.25,LOOKAHEAD_ONLY,2026-09-01T20:00:00Z,234.14,2026-09-01_90,15,DA_2026-09-01_OBSERVATION@67b078a36199,2026-08-31,5.2586,BNR_FX_2026@9bb4cfc29e8f,346.67,132.992,FCR_2026-09-01T20:00:00Z,tenderStatistics_2026-09-01_OBSERVATION@d34bef071ceb,65.92439052219221,PUBLISHED_PROXY,37.45,175.0,aFRRUp_2026-09-01T20:00:00Z,tenderStatistics_2026-09-01_OBSERVATION@d34bef071ceb,7.12166736393717,PUBLISHED_PROXY,0.98,175.0,aFRRDown_2026-09-01T20:00:00Z,tenderStatistics_2026-09-01_OBSERVATION@d34bef071ceb,0.1863613889628418,PUBLISHED_PROXY,,,SOURCE_NULL_NOT_MODELED,,5728.107,1089.2836496405887,PUBLISHED_PROXY,49.654,0.0,0.0,PUBLISHED_PROXY,0.0,marginalPricesOverview_2026-09-01_OBSERVATION@56ccc1059e7c,activatedBalancingEnergyOverview_2026-09-01_OBSERVATION@92253bfac7de,PUBLISHED_NATIVE,1.1349485714285714,0.0,1.1349485714285714,True,False,True,False,False,True,True,True,ALPHA_OUTSIDE_SIMPLEX,ALPHA_OUTSIDE_SIMPLEX
2026-09-01T20:30:00Z,2026-09-01T20:45:00Z,2026-09-01T23:30:00+03:00,2026-09-01,0.25,LOOKAHEAD_ONLY,2026-09-01T20:00:00Z,234.3,2026-09-01_91,15,DA_2026-09-01_OBSERVATION@67b078a36199,2026-08-31,5.2586,BNR_FX_2026@9bb4cfc29e8f,346.67,132.992,FCR_2026-09-01T20:00:00Z,tenderStatistics_2026-09-01_OBSERVATION@d34bef071ceb,65.92439052219221,PUBLISHED_PROXY,37.45,175.0,aFRRUp_2026-09-01T20:00:00Z,tenderStatistics_2026-09-01_OBSERVATION@d34bef071ceb,7.12166736393717,PUBLISHED_PROXY,0.98,175.0,aFRRDown_2026-09-01T20:00:00Z,tenderStatistics_2026-09-01_OBSERVATION@d34bef071ceb,0.1863613889628418,PUBLISHED_PROXY,,,SOURCE_NULL_NOT_MODELED,,1451.097,275.94740044878864,PUBLISHED_PROXY,1.053,437.465,83.19039288023427,PUBLISHED_PROXY,1.961,marginalPricesOverview_2026-09-01_OBSERVATION@56ccc1059e7c,activatedBalancingEnergyOverview_2026-09-01_OBSERVATION@92253bfac7de,PUBLISHED_NATIVE,0.02406857142857143,0.04482285714285714,0.06889142857142858,True,True,True,True,False,True,True,True,OK,OTHER_QH_IN_SAME_HOUR_INVALID
2026-09-01T20:45:00Z,2026-09-01T21:00:00Z,2026-09-01T23:45:00+03:00,2026-09-01,0.25,LOOKAHEAD_ONLY,2026-09-01T20:00:00Z,232.57,2026-09-01_92,15,DA_2026-09-01_OBSERVATION@67b078a36199,2026-08-31,5.2586,BNR_FX_2026@9bb4cfc29e8f,346.67,132.992,FCR_2026-09-01T20:00:00Z,tenderStatistics_2026-09-01_OBSERVATION@d34bef071ceb,65.92439052219221,PUBLISHED_PROXY,37.45,175.0,aFRRUp_2026-09-01T20:00:00Z,tenderStatistics_2026-09-01_OBSERVATION@d34bef071ceb,7.12166736393717,PUBLISHED_PROXY,0.98,175.0,aFRRDown_2026-09-01T20:00:00Z,tenderStatistics_2026-09-01_OBSERVATION@d34bef071ceb,0.1863613889628418,PUBLISHED_PROXY,,,SOURCE_NULL_NOT_MODELED,,1470.896,279.71247099988585,PUBLISHED_PROXY,1.138,428.423,81.47092382002813,PUBLISHED_PROXY,3.852,marginalPricesOverview_2026-09-01_OBSERVATION@56ccc1059e7c,activatedBalancingEnergyOverview_2026-09-01_OBSERVATION@92253bfac7de,PUBLISHED_NATIVE,0.02601142857142857,0.08804571428571428,0.11405714285714286,True,True,True,True,False,True,True,True,OK,OTHER_QH_IN_SAME_HOUR_INVALID
