month,hour,DA_kEUR_per_MW,FCR_cap_kEUR_per_MW,cap_up_kEUR_per_MW,cap_down_kEUR_per_MW,act_up_kEUR_per_MW,act_down_kEUR_per_MW,total_kEUR_per_MW,sample_hours,afrr_valid_hours,fcr_valid_hours
2025-01,0,-0.00601038347887,0,0.00846175791992,0.00859853967683,0.0313602923634,0.00318811677165,0.0455983232529,31,29,0
2025-01,1,-0.00149366683868,0,0.00932245423745,0.00938549121667,0.0387608765595,0.00537864801818,0.0613538031931,31,29,0
2025-01,2,-0.0150199110115,0,0.00950687522583,0.00841212268073,0.0222114907515,0.0143951046633,0.0395056823098,31,29,0
2025-01,3,-0.0184813783822,0,0.0102301912727,0.00845690012235,0.0151866883764,0.0123341528824,0.0277265542716,31,31,0
2025-01,4,-0.0366867656536,0,0.00991664330648,0.00589985646873,0.0228803176634,0.0101996352739,0.0122096870589,31,30,0
2025-01,5,-0.0137895806756,0,0.00983053622098,0.00852770380143,0.00564108122615,0.0111518255856,0.0213615661586,31,30,0
2025-01,6,-0.00414671454037,0,0.00940931674962,0.00934372488758,0.0542093203011,0.0242774190386,0.0930930664364,31,29,0
2025-01,7,-0.00476764111801,0,0.00861285073145,0.00846855574106,0.0688274743364,0.0246611512695,0.10580239096,31,27,0
2025-01,8,0.0738798194521,0,0.00561626851396,0.0103712012054,0.0454811108485,0.0143854955901,0.14973389561,31,31,0
2025-01,9,0.0687724484452,0,0.00717345215998,0.0103968465764,0.0391319970623,0.0279229269396,0.153397671184,31,30,0
2025-01,10,0.0124096654188,0,0.00837944437156,0.0096659399132,0.0341730399125,0.0436413097353,0.108269399351,31,29,0
2025-01,11,0.000716599246929,0,0.00850152405423,0.00915908878274,0.0205033729814,0.0358253436812,0.0747059287465,31,28,0
2025-01,12,-0.0106344410162,0,0.0098784152952,0.00930781145739,0.0115889950128,0.0287079877265,0.0488487684757,31,30,0
2025-01,13,-0.0281147925409,0,0.0102671826822,0.00823892042464,0.0177879345547,0.00537313611146,0.0135523812321,31,31,0
2025-01,14,-0.0443290583792,0,0.0102671826822,0.00699376637292,0.0251310569404,0.0263286452046,0.0243915928209,31,31,0
2025-01,15,-0.0104501844766,0,0.00951491186528,0.00886106779999,0.0359932689866,0.0276249648555,0.0715440290307,31,29,0
2025-01,16,0.0109205217459,0,0.00918335871061,0.00979659036235,0.0345127592427,0.0183010757512,0.0827143058126,31,30,0
2025-01,17,0.0430548069104,0,0.00727282511565,0.00964188432394,0.0604500601571,0.033763897249,0.154183473756,31,30,0
2025-01,18,0.150699729756,0,0.00311737921009,0.0104371421794,0.00317820278767,9.73539066727e-05,0.16752980784,31,31,0
2025-01,19,0.0500028529802,0,0.00729232071342,0.0104337195044,0.00366411600968,0.0128079772636,0.0842009864712,31,31,0
2025-01,20,0.0207721568497,0,0.00824023917353,0.0101205516381,0.0278272742487,0.0159425332921,0.0829027552021,31,31,0
2025-01,21,0.00846237052126,0,0.00844762305929,0.00919433369996,0.045203976446,0.0229802479788,0.0942885517052,31,29,0
2025-01,22,0.002362327118,0,0.00756197088583,0.00785646483061,0.0137384372669,0.0133503077951,0.0448695078964,31,24,0
2025-01,23,-0.0177724322581,0,0.0101954333524,0.00899354013619,0.0330919066585,0.00758590692341,0.0420943548124,31,31,0
2025-02,0,-0.0395524514681,0,0.00831061637515,0.00716833996735,0.070245974681,-0.000145246705966,0.0460272328495,28,27,0
2025-02,1,-0.00739198512024,0,0.00992766016353,0.00966287264845,0.0412574387318,0.00715397998206,0.0606099664056,28,28,0
2025-02,2,-0.0224879089066,0,0.00990372262635,0.00845863970005,0.0677612969391,0.00559551191101,0.0692312622699,28,28,0
2025-02,3,-0.0562063213982,0,0.00990550228269,0.00548898539027,0.0281328937686,-0.000557388340745,-0.0132363282974,28,28,0
2025-02,4,-0.0701030990371,0,0.00990820062522,0.00425104607932,0.0417774949829,0.00489429175391,-0.00927206559575,28,28,0
2025-02,5,-0.0471601118202,0,0.00960006048821,0.00636529470324,0.0511986037722,0.0056046007613,0.0256084479048,28,27,0
2025-02,6,-0.00623782270493,0,0.00807996950985,0.00759063408285,0.0817176871246,0.0216515005664,0.112801968579,28,23,0
2025-02,7,0.0115556273847,0,0.00852786857892,0.00919550093526,0.0945090771726,0.0257700269247,0.149558100996,28,26,0
2025-02,8,0.134611588818,0,0.00447393133598,0.0101644582606,0.0281056485536,0.00878482562314,0.186140452591,28,28,0
2025-02,9,0.0582012213153,0,0.00673180894686,0.00940995879505,0.0553514699975,0.0346579904527,0.164352449507,28,26,0
2025-02,10,0.0101720330668,0,0.0077361587897,0.00834130261124,0.0616218754844,0.0219994262149,0.109870796167,28,23,0
2025-02,11,-0.00442429398358,0,0.00910420532686,0.00932111101285,0.0194549971517,0.0237503693803,0.0572063888882,28,26,0
2025-02,12,-0.0312704524589,0,0.00953183257994,0.00723369216433,0.0354848886192,0.00887907811931,0.0298590390238,28,27,0
2025-02,13,-0.0433606101471,0,0.00958454635843,0.00684319076151,0.0324474351581,0.032686537112,0.038201099243,28,27,0
2025-02,14,-0.0518034991527,0,0.00957640153853,0.00602687643297,0.0678928458374,0.0420587994232,0.0737514240794,28,27,0
2025-02,15,-0.0348398610256,0,0.00818088147121,0.00606486087886,0.085128836639,0.0387258918231,0.103260609787,28,23,0
2025-02,16,-0.0206859497609,0,0.00890984251276,0.00790093327332,0.134886260905,0.036153453942,0.167164540872,28,25,0
2025-02,17,0.0142775220426,0,0.00753448794841,0.00796569114067,0.131730136256,0.0150464035608,0.176554240949,28,23,0
2025-02,18,0.079381629803,0,0.00668914184072,0.00905850679308,0.0606008323137,0.00370318663595,0.159433297386,28,25,0
2025-02,19,0.0813116679968,0,0.00691802745552,0.00967250602723,0.0592009034937,-0.000588229460269,0.156514875513,28,27,0
2025-02,20,0.044454170011,0,0.00725126396421,0.00937907749228,0.0334779008062,-0.000719658462353,0.0938427538114,28,26,0
2025-02,21,-0.0130474973624,0,0.00950610081381,0.00897351960046,0.0829788337794,0.00190628786472,0.0903172446959,28,27,0
2025-02,22,-0.0303529400267,0,0.00990529411074,0.00836162694395,0.139120296333,0.0235425260331,0.150576803394,28,28,0
2025-02,23,-0.00884392226767,0,0.00963456183855,0.0094007080884,0.138894880547,0.010552591449,0.159638819656,28,28,0
2025-03,0,-0.0297994320944,0,0.0082779633182,0.00797702826136,0.0351264106702,0.000994602891271,0.0225765730467,31,31,0
2025-03,1,-0.00616211020287,0,0.00920847943719,0.00991076887771,0.0408716006887,0.0161407959099,0.0699695347106,31,30,0
2025-03,2,-0.0100475999438,0,0.00890071643437,0.0089291263885,0.0326648125117,0.000826677331458,0.0412737327222,31,29,0
2025-03,3,-0.0298691535235,0,0.00919876533072,0.00743008417092,0.0475661737202,0.0184406201674,0.0527664898658,30,29,0
2025-03,4,-0.0425126064516,0,0.00890043593331,0.00640419120236,0.0522935861479,0.00117999538385,0.0262656022158,31,29,0
2025-03,5,-0.0204184351243,0,0.0092079033394,0.00850343568159,0.0377308629907,0.0126225105291,0.0476462774166,31,30,0
2025-03,6,0.00326605496544,0,0.00753930793351,0.00836003734551,0.03344635981,0.0322483098951,0.0848600699495,31,25,0
2025-03,7,0.068106612528,0,0.00553311207635,0.00863770169678,0.0291802144514,0.0332273707438,0.144685011496,31,27,0
2025-03,8,0.07162462567,0,0.00468639143827,0.00830890155712,0.0209016840924,0.0658985154043,0.171420118162,31,25,0
2025-03,9,0.0171996612277,0,0.00724261836798,0.00842009254785,0.0752174339444,0.0675500238471,0.175629829935,31,28,0
2025-03,10,-0.001058998504,0,0.00859049808201,0.00977802471437,0.0500639616944,0.0873397799075,0.154713265894,31,29,0
2025-03,11,0.00141996841919,0,0.00823884614468,0.00930713173324,0.0148505437635,0.0244814283879,0.0582979184484,31,28,0
2025-03,12,-0.00385699527862,0,0.00866464140361,0.00815215796591,0.0270369165398,0.0382086774087,0.0782053980394,31,29,0
2025-03,13,-0.0222295568795,0,0.00890917244047,0.0054240484102,0.0399291047718,0.010220945486,0.0422537142291,31,29,0
2025-03,14,-0.0158859343825,0,0.00855561443219,0.00606637349683,0.0076710171109,0.0376426459932,0.0440497166506,31,28,0
2025-03,15,-0.00440221480496,0,0.00804173511779,0.00906256008748,0.0291613398171,0.0603848129869,0.102248233204,31,27,0
2025-03,16,-0.00305728015385,0,0.0087648909043,0.0096922890056,0.0905535576385,0.0732919296337,0.179245387028,31,30,0
2025-03,17,0.00478074046062,0,0.00819926300814,0.00973391413693,0.0624931070903,0.126619476508,0.211826501204,31,29,0
2025-03,18,0.0151513727892,0,0.00826699136642,0.00927636604102,0.0922262864777,0.0697693972204,0.194690413895,31,28,0
2025-03,19,0.133829794742,0,0.00319324073273,0.00898271133329,0.0284349112931,0.0213276066731,0.195768264774,31,27,0
2025-03,20,0.0638259250727,0,0.00655568790751,0.0100926658301,0.078466196885,0.00693745977995,0.165877935475,31,31,0
2025-03,21,0.00503436703928,0,0.00874788579811,0.00981655136085,0.0810997392016,0.00968114553886,0.114379688939,31,30,0
2025-03,22,0.00699399979667,0,0.00795372053268,0.00931558242249,0.0516385566875,0.0620724478861,0.137974307326,31,27,0
2025-03,23,0.00816175505113,0,0.00840735289701,0.0103143057209,0.0320927144119,0.0383507444547,0.0973268725356,31,30,0
2025-04,0,-0.0369615177333,0,0.0081084811494,0.00704928534575,0.0776141414942,0.0729931390891,0.128803529345,30,29,0
2025-04,1,-0.00170621125603,0,0.00832332104959,0.010377231728,0.0355337712812,0.0149687763625,0.0674968891652,30,28,0
2025-04,2,-0.0118680087744,0,0.00930702840757,0.00975847177382,0.048055243245,0.00283564791374,0.0580883825658,30,30,0
2025-04,3,-0.0203412273948,0,0.009084698389,0.00854363005754,0.0190410842616,0.000575029233604,0.0169032145469,30,29,0
2025-04,4,-0.0144411533333,0,0.00908609146381,0.00956776473445,0.0229390678165,0.00702225828303,0.0341740289645,30,29,0
2025-04,5,-0.016450965304,0,0.00908609146381,0.00873865789692,0.0609592702146,0.00304604078222,0.0653790950535,30,29,0
2025-04,6,0.00138327494571,0,0.00897374949729,0.0109777629923,0.0903750944733,0.0465042801679,0.158214162077,30,30,0
2025-04,7,0.0186278973296,0,0.00864932619701,0.0107777547543,0.0550714520523,0.0606951480159,0.153821578349,30,29,0
2025-04,8,0.0656398442567,0,0.00551619883018,0.010620794566,0.0657667338933,0.0771325722307,0.224676143777,30,29,0
2025-04,9,0.0240530986378,0,0.00749124556355,0.0100087284118,0.035859605513,0.0940130171404,0.171425695267,30,27,0
2025-04,10,0.00317754518821,0,0.0073392696366,0.00879666643615,0.0566048194939,0.0640708839878,0.139989184743,30,25,0
2025-04,11,-0.00623238564945,0,0.00916710694399,0.00994912177799,0.0591616055123,0.0504774551256,0.12252290371,30,30,0
2025-04,12,-0.000291036613094,0,0.0088354928869,0.0105323879915,0.04692972122,0.0292704612322,0.0952770267174,30,29,0
2025-04,13,-0.00357511858548,0,0.00854710301484,0.00776014310788,0.0448974734923,0.0797930193538,0.137422620383,30,27,0
2025-04,14,-0.00428705932186,0,0.0088721947926,0.0072371098152,0.0236229000069,0.124580187316,0.160025332609,30,28,0
2025-04,15,-0.00267997203312,0,0.00749324922816,0.00689284626534,0.017591060914,0.0573960664932,0.0866932508675,30,25,0
2025-04,16,-0.00402458593297,0,0.00904511223095,0.00982504354068,0.0480492991494,0.0474100280884,0.110304897076,30,29,0
2025-04,17,0.0040294494798,0,0.00761791213033,0.00907730696537,0.0897674922227,0.0811606788699,0.191652839668,30,27,0
2025-04,18,-0.000160327818966,0,0.00774408362684,0.00927118457996,0.0572743982814,0.119418961945,0.193548300615,30,26,0
2025-04,19,0.00571336677241,0,0.00829980280537,0.00908398666288,0.0436128938387,0.0757113017583,0.142421351838,30,25,0
2025-04,20,0.0990881436371,0,0.00472010182435,0.0108619305969,0.0443505013051,0.061726906355,0.220747583718,30,29,0
2025-04,21,0.108009703519,0,0.00380864724479,0.0100892646915,0.0298157780869,0.0437870652275,0.19551045877,30,27,0
2025-04,22,0.0251594709178,0,0.00717878635765,0.00974380433065,0.0727483409262,0.0780663003871,0.192896702919,30,26,0
2025-04,23,0.00744261896125,0,0.00871588228411,0.0110778025156,0.0713304050451,0.032838784216,0.131405493022,30,30,0
2025-05,0,-0.0435177461776,0,0.00770009796093,0.00574437001567,0.110620948147,0.0255874017318,0.106135071678,31,30,0
2025-05,1,-7.02322869311e-05,0,0.00868288710537,0.00929263386675,0.051778684771,0.0132399346794,0.0829239081356,31,31,0
2025-05,2,-0.00885118261272,0,0.00881877013915,0.00853352870798,0.0391119991127,0.0104780155728,0.0580911309199,31,31,0
2025-05,3,-0.0263723367327,0,0.00865848829072,0.00673142865567,0.0818952720694,0.0117698577466,0.0826827100296,31,30,0
2025-05,4,-0.0206404094883,0,0.00893674736105,0.00753185954146,0.0393931766128,0.0102613212277,0.0454826952547,31,30,0
2025-05,5,-0.0137937454145,0,0.00834876730947,0.00844168468059,0.0420773502281,0.00920179379102,0.0542758505947,31,28,0
2025-05,6,0.00794463519025,0,0.00832710462008,0.00951188650387,0.034792549833,0.0224567803018,0.083032956449,31,31,0
2025-05,7,0.037100382901,0,0.00672299890363,0.00896294176859,0.0421043577393,0.0196412683039,0.114531949616,31,30,0
2025-05,8,0.0339034752832,0,0.00682188170851,0.00903833078315,0.0718485954009,0.00851815307366,0.130130436249,31,30,0
2025-05,9,0.0118897355894,0,0.00747315543539,0.00863686883025,0.0512775723143,0.0632096252791,0.142486957448,31,28,0
2025-05,10,0.00849500008069,0,0.00729629825002,0.00810285813305,0.0267563629051,0.043017319434,0.0936678388028,31,28,0
2025-05,11,0.000957468089519,0,0.00727479258637,0.00731536847793,0.0193910942325,0.0210631076539,0.0560018310403,31,25,0
2025-05,12,-0.00340633922405,0,0.00860134253686,0.00773589209672,0.0353903798904,0.0236663520287,0.0719876273286,31,29,0
2025-05,13,-0.0123291556243,0,0.00892172675624,0.00750646538694,0.00832347676166,0.023600834702,0.0360233479826,31,31,0
2025-05,14,-0.0105093122742,0,0.00894163947151,0.00601037563086,0.0550001112908,0.0335411949267,0.0929840090457,31,30,0
2025-05,15,-0.00260705242083,0,0.00834592419248,0.007659714847,0.0160124283067,0.0329645533054,0.0623755682308,31,28,0
2025-05,16,0.000654378059167,0,0.0085831863693,0.00821891440674,0.0725596663685,0.0501998051257,0.140215950329,31,30,0
2025-05,17,0.00335753588886,0,0.00778246674887,0.00840882990557,0.0685856640014,0.0733775331327,0.161512029677,31,29,0
2025-05,18,-0.00605639321026,0,0.0086753165638,0.00797047769283,0.103259565724,0.0420249955506,0.155873962321,31,30,0
2025-05,19,-0.0116040963498,0,0.00854497608472,0.00778609038622,0.0910117183663,0.0172772240942,0.113015912582,31,29,0
2025-05,20,0.0406948595314,0,0.00688895435729,0.0084623646174,0.092078926713,0.00761463868407,0.155739743903,31,27,0
2025-05,21,0.169610602323,0,0.00206867491769,0.00848409053619,0.0872979066555,0.00328585400004,0.270747128433,31,27,0
2025-05,22,0.0161357447352,0,0.00701382355969,0.00828994150292,0.092393699654,0.0262781135474,0.150111322999,31,27,0
2025-05,23,0.0154545093431,0,0.00747145273283,0.00917144923284,0.0619725606409,0.0212405683107,0.11531054026,31,29,0
2025-06,0,-0.030522748969,0.00470374574896,0.00639334899547,0.00444336478729,0.0288926101284,0.0163685787515,0.0302788994426,30,30,24
2025-06,1,-0.00120694647533,0.0185985866536,0.00499417726983,0.00413493068448,0.0418224385006,0.0192350310055,0.0875782176387,30,30,24
2025-06,2,0.00539096759966,0.0236187804763,0.00399730882431,0.00375740078011,0.00326261857591,0.0102416815791,0.0502687578354,30,30,24
2025-06,3,0.00172046735074,0.0173550672061,0.00465128072827,0.00401757183914,0.00930912751295,0.0375047086076,0.0745582232448,30,29,24
2025-06,4,-0.00110371604765,0.0231268859865,0.0045673827966,0.00377496749351,0.00320053828835,0.00874886216968,0.042314920687,30,30,24
2025-06,5,0.00654092288855,0.0200531608275,0.00415516797318,0.00405669349472,0.0066961373937,0.021752772502,0.0632548550796,30,29,24
2025-06,6,0.00354641331047,0.0220157388133,0.00429521044776,0.00382531214846,0.00983703828996,0.015410977323,0.058930690333,30,29,24
2025-06,7,0.0123720508533,0.0228076150754,0.00351695780653,0.00385712013737,0.0116817440871,0.0138945958256,0.0681300837853,30,30,24
2025-06,8,0.0131145666913,0.0196108785037,0.00373794064884,0.00410271450516,0.0162405192539,0.0176933649461,0.0744999845489,30,28,24
2025-06,9,0.0114959120191,0.0167307832808,0.0039954331734,0.00443133198485,0.0183413702834,0.0545090900479,0.109503920789,30,25,24
2025-06,10,0.00726316942937,0.0107467717765,0.00525619259114,0.0050790950188,0.0210732874341,0.049836477042,0.0992549932919,30,28,24
2025-06,11,-0.00420885275864,0.0121843215812,0.00560028927129,0.0037723693705,0.0185150886243,0.0335368609462,0.0694000770348,30,26,24
2025-06,12,-0.00363539350557,0.0141909148869,0.0055553661708,0.00395698288991,0.00545092586803,0.0804804909676,0.105999287278,30,26,24
2025-06,13,-0.00360026930608,0.0132172482123,0.0057557888255,0.00485550951772,0.0331411888915,0.0470701050823,0.100439571223,30,29,24
2025-06,14,-0.00148163371973,0.0132058689651,0.00599161762269,0.0045226811457,0.0429072709421,0.0398529029799,0.104998707936,30,28,24
2025-06,15,-0.00382823321834,0.0139972416885,0.00555752824531,0.00359806031542,0.0444858662973,0.0250937896412,0.0889042529694,30,27,24
2025-06,16,-0.00301862427533,0.00960225507008,0.00625294767213,0.00513486793801,0.0536639551337,0.0186099119204,0.090245313459,30,29,24
2025-06,17,0.00228770227424,0.0117957919865,0.00507365529824,0.00396707175989,0.0465687951827,0.0330484214602,0.102741437962,30,24,24
2025-06,18,0.00158457812615,0.00921943776112,0.00625614961997,0.00518715371762,0.0543083424821,0.0283609455939,0.104916607301,30,27,24
2025-06,19,0.000495136120728,0.013254314929,0.00553691354913,0.00449421061063,0.0936732353261,0.0133928814477,0.130846691983,30,25,24
2025-06,20,0.0406457007365,0.0196553509157,0.00339854966936,0.00410417910225,0.0229225253585,0.00670555655874,0.0974318623412,30,28,24
2025-06,21,0.135919759189,0.0106401776773,0.00134353756315,0.0051313738029,0.0356619004077,0.0413784471565,0.230075195796,30,28,24
2025-06,22,0.0555014029709,0.0146186430164,0.0031611961965,0.00423027326928,0.0339590530511,0.0139967858573,0.125467354362,30,23,24
2025-06,23,0.023601557325,0.00646618575241,0.00574739997681,0.00591678083581,0.0664474932201,0.0159982969171,0.124177714027,30,28,24
2025-07,0,-0.0277350009072,0.014141394517,0.00375796387662,0.00175776421618,0.0604283274416,0.0178721504129,0.0702225995571,31,31,31
2025-07,1,-0.00182661911683,0.0377953971721,0.00167629803809,0.00105476012921,0.0396456592571,0.0126078684026,0.0909533638823,31,30,31
2025-07,2,-0.000142208369001,0.0427851303263,0.00115164165071,0.000696831463101,0.0318560235802,0.00331077682068,0.079658195472,31,30,31
2025-07,3,-0.00918553550048,0.0428063491925,0.00129739754212,0.000540526461239,0.0414821504664,0.00159379644997,0.0785346846117,31,31,31
2025-07,4,-0.00355977234092,0.0460325265587,0.000916812072112,0.000514303922583,0.0189910082801,-0.000210541308037,0.0626843371845,31,30,31
2025-07,5,0.000250082442574,0.0484531276814,0.000821820210228,0.000580203685263,0.00591372924253,0.00626962174323,0.0622885850052,31,30,31
2025-07,6,-0.00442902903226,0.0433204632936,0.00117205119203,0.000632587573526,0.0244178628948,0.0109761848277,0.0760901207495,31,28,31
2025-07,7,0.00592345098177,0.0446454532173,0.000896354873613,0.00073979132154,0.0188017842072,0.0111439612634,0.0821507958649,31,30,31
2025-07,8,-0.000683287283774,0.0437603531984,0.00128658920525,0.000728233034422,0.0377165350699,-0.000303275379745,0.0825051478444,31,27,31
2025-07,9,0.00783797627436,0.0342252134843,0.00164379203437,0.00143605028443,0.0301353070178,0.0190188233482,0.0942971624434,31,29,31
2025-07,10,0.000740048355654,0.0220748933011,0.00255527438967,0.00174830369085,0.0559529864306,0.0376533567397,0.120724862908,31,29,31
2025-07,11,-0.00282587117694,0.0332820660168,0.00194514312661,0.00120857530549,0.00494096936326,0.0553023853627,0.0938532679979,31,29,31
2025-07,12,-0.00334119552805,0.0371033765104,0.00174808424878,0.000992436687086,0.00147051241286,0.0245880314771,0.0625612458081,31,29,31
2025-07,13,-0.00957986631043,0.0279265160739,0.00255453409846,0.0010899677798,0.0171375557049,0.0278264649842,0.0669551723308,31,30,31
2025-07,14,-0.0147790595709,0.0293896887407,0.00244139770245,0.00072759446914,0.0241395323356,0.0503006915599,0.0922198452368,31,30,31
2025-07,15,-0.00796627970134,0.0303091837689,0.0022359076292,0.00102090972195,0.0146480908111,0.0359790751926,0.0762268874224,31,29,31
2025-07,16,-0.00449447736372,0.0320897326099,0.00214158103035,0.00125261282185,0.0273895069474,0.0217508891424,0.0801298451882,31,27,31
2025-07,17,-0.000712569863346,0.029873136079,0.00211097421467,0.00140629072464,0.0376274247494,0.00656979241154,0.0768750483159,31,27,31
2025-07,18,0.00388580531154,0.027125341892,0.00204899319199,0.00154027940058,0.0406920996205,0.0368346464294,0.112127165846,31,23,31
2025-07,19,-0.000256543900122,0.0213572720504,0.00277656271478,0.0016855197664,0.128178784023,0.0215438110825,0.175285405736,31,26,31
2025-07,20,0.0556876511019,0.0326171110713,0.000992788001555,0.00155309470097,0.00484270046284,0.00620578432516,0.101899129664,31,29,31
2025-07,21,0.10030879668,0.0288100363469,0.000326941232401,0.00150793569129,0.0213524735168,0.00336578304558,0.155671966513,31,29,31
2025-07,22,0.0421914818822,0.0278978511091,0.000825280819023,0.00141590646786,0.0140031528918,0.0142500720067,0.100583745177,31,25,31
2025-07,23,0.0242849520129,0.0258834571754,0.00186301123643,0.00183544173351,0.024948642534,0.00755174348874,0.0863672481809,31,31,31
2025-08,0,-0.00575145692039,0.0381755178586,0.00120941670284,0.00232679197038,0.00807091283468,0.0097882343056,0.0538194167517,31,31,31
2025-08,1,-0.000334153545974,0.0354100363861,0.00123476811,0.00183170497396,0.0371066163935,0.0108549182019,0.0861038905195,31,31,31
2025-08,2,-0.00537970115691,0.0439659553766,0.000778038802191,0.0011599718575,0.030073737627,0.00287577219401,0.0734737747004,31,30,31
2025-08,3,2.52199680302e-05,0.0448884507515,0.000698294686511,0.000953113251759,0.0162066749922,0.00217657905999,0.06494833271,31,31,31
2025-08,4,-0.00710476070792,0.0465034077921,0.000604284934731,0.00141085676388,0.0144911720498,-0.000280814758389,0.0556241460742,31,31,31
2025-08,5,-0.00349331147026,0.0471945991628,0.000783041046528,0.00144014337349,0.0164630402861,-0.000285863589697,0.0621016488089,31,30,31
2025-08,6,-0.000309176665874,0.0481054152096,0.000783204155261,0.000547637628398,0.00725206976159,0.00251394650282,0.0588930965918,31,31,31
2025-08,7,0.0138621617857,0.044086061177,0.00060189263286,0.00118684649747,0.00124142615284,0.0284680586035,0.0894464468493,31,30,31
2025-08,8,0.00721177074638,0.0360205349799,0.00151477115973,0.00156224510026,0.0355824168181,0.0118163792997,0.0937081181041,31,28,31
2025-08,9,0.0130086344821,0.0259004010953,0.00150825865189,0.00237616723185,0.0122823919756,0.0582607230378,0.113336576475,31,29,31
2025-08,10,0.00209227228045,0.0280176043897,0.00139752589559,0.00507509355758,0.0248950976434,0.0130732036097,0.0745507973764,31,29,31
2025-08,11,-0.000552644785687,0.0324713838909,0.00120006169242,0.00386177698236,0.0123083455664,0.0117777903408,0.0610667136872,31,26,31
2025-08,12,-0.00263049531203,0.0315381053734,0.00137485328243,0.00363168882389,0.0108928676651,0.0209700320983,0.065777051931,31,28,31
2025-08,13,-0.00108718704102,0.0315948638487,0.00125218402084,0.00470040185718,0.000428502407414,0.0662339946896,0.103122759783,31,28,31
2025-08,14,0.000380351196668,0.0294323907513,0.00150871352372,0.00607106405982,0.00323579802908,0.0494978883665,0.090126205927,31,31,31
2025-08,15,0.00045536612316,0.027315291137,0.00153803322289,0.00360847094156,0.00892799968314,0.0823672437944,0.124212404902,31,28,31
2025-08,16,0.00275678226884,0.0233061647504,0.00164769337447,0.00606662652159,0.010910501967,0.0793243083013,0.124012077184,31,29,31
2025-08,17,0.000566329701694,0.0232644638072,0.00159500129655,0.00263822852089,0.0288563252014,0.0455749904689,0.102495338997,31,24,31
2025-08,18,-0.00125796174374,0.0210823714372,0.00171880058998,0.00275920995273,0.0699566405122,0.0315624173808,0.125821478129,31,26,31
2025-08,19,0.00514305723577,0.0269688764928,0.00228008135101,0.00156626798556,0.0719679140375,0.0187712448968,0.126697441999,31,29,31
2025-08,20,0.0306556643346,0.034777912143,0.00100969252995,0.00149500975468,0.0215881120551,0.00219866971045,0.0917250605277,31,31,31
2025-08,21,0.0969881643189,0.0226609143181,0.000562890309674,0.00220606211087,0.0224073448584,0.0113828264962,0.156208202412,31,26,31
2025-08,22,0.0153772091468,0.0309979425051,0.00141100817504,0.00224642224458,0.035702652588,0.0139797961935,0.0997150308531,31,25,31
2025-08,23,0.0129040291602,0.0393751620062,0.000583511977521,0.0013239327238,0.0210627176534,0.00974766246278,0.084997015984,31,28,31
2025-09,0,-0.0193682365292,0.0361017091125,0.00201231147635,0.000905840798823,0.0361548761617,0.0011818356737,0.0569883366938,30,26,30
2025-09,1,-0.00929170527021,0.045215221519,0.00142149946973,0.000559917000758,0.0134057589845,0.00177621457722,0.053086906281,30,30,30
2025-09,2,-0.0010379357914,0.0549019267737,0.000354944265448,0.000247065332813,0.000157003562431,0.00103368849019,0.0556566926332,30,29,30
2025-09,3,-0.0040865992319,0.0533148942543,0.000548011586584,0.000189518488692,0.00633569476003,-2.05135416153e-05,0.0562810063161,30,28,30
2025-09,4,-0.00495643519103,0.0535749903693,0.000402672641655,7.92732802207e-05,0.0174354860933,-0.000103233957288,0.0664327532362,30,29,30
2025-09,5,-0.00483633068092,0.048233321073,0.00102877082891,0.000550372321233,0.00658713163496,0.00555410867771,0.0571173738548,30,30,30
2025-09,6,-0.00987497075442,0.0427197512059,0.00172059865768,0.000845605674117,0.0262196172282,0.00129346256575,0.0629240645772,30,29,30
2025-09,7,0.00527480288354,0.0442513908883,0.0013974749719,0.00120672023596,0.0376098195351,0.00337873855872,0.0931189470735,30,28,30
2025-09,8,0.0370993396456,0.0426778503406,0.000480126297014,0.00109851288743,0.00279939485384,0.00115990508297,0.0853151291075,30,24,30
2025-09,9,0.00851928208121,0.0304033750935,0.00185530987974,0.00390887849125,0.0426741075456,0.0152129046388,0.10257385773,30,24,30
2025-09,10,0.00479601037019,0.0280812727951,0.00221143884168,0.00475954983771,0.0205831372216,0.0350136781787,0.095445087245,30,27,30
2025-09,11,0.000363971660061,0.0330926192172,0.00124038731236,0.00516897039526,0.00292943046453,0.0179320095648,0.0607273886142,30,27,30
2025-09,12,-0.000848994984177,0.0354008723966,0.00114368935286,0.00638156867111,0.00265894680778,0.0188473608328,0.063583443077,30,27,30
2025-09,13,-0.00423534,0.0295473229611,0.00162488018991,0.00716641658924,0.0104973358173,0.034180339817,0.0787809553745,30,28,30
2025-09,14,-0.00379272,0.0286633412831,0.00156699295494,0.00686361615338,0.00909457124803,0.0440929229077,0.0864887245471,30,27,30
2025-09,15,-0.00603508672494,0.0314481630073,0.00131876327552,0.00659088594049,0.0205063534421,0.0263109193738,0.0801399983143,30,27,30
2025-09,16,-0.0027792370197,0.032323905613,0.00175151373638,0.00767568133797,0.0161902044857,0.00997599689848,0.0651380650518,30,28,30
2025-09,17,-0.00592067427813,0.0288058565729,0.00246378419306,0.00437656624681,0.0501404255197,0.00415495059231,0.0840209088466,30,25,30
2025-09,18,-0.00992696921714,0.0250033023171,0.00269305337564,0.00235431564194,0.0783808588264,0.0231106285825,0.121615189526,30,25,30
2025-09,19,0.0208654864187,0.0225697918178,0.00317246717357,0.00356195997471,0.069071939904,0.0150579614648,0.134299606754,30,28,30
2025-09,20,0.139998996856,0.0160418840792,0.00161330474744,0.00410277147982,0.0555563761456,-0.00224439289353,0.215068940415,30,29,30
2025-09,21,0.0074240460048,0.0463090913371,0.00100759059292,0.000891402292629,0.016093051205,0.0013251403005,0.073050321733,30,25,30
2025-09,22,0.0111560422581,0.0398198430514,0.00138952144902,0.0026784661671,0.0189029490059,0.00667716061636,0.0806239825479,30,28,30
2025-09,23,0.0160612851629,0.0415879703254,0.000788867081654,0.00277679305239,0.0302583795001,0.00477745590737,0.0962507510298,30,28,30
2025-10,0,-0.00872756335697,0.0485596857955,0.000788108358617,4.27459492475e-05,0.031419293751,-5.19164198924e-06,0.0720770788554,31,28,31
2025-10,1,-0.00625922783289,0.0491076895294,0.000709861535043,7.97294085844e-05,0.0326424436413,0.00224577290925,0.0785262691908,31,29,31
2025-10,2,-0.014229608796,0.0452427853312,0.001073700556,2.56610189031e-06,0.0695975629722,-7.42315129662e-06,0.101679583014,31,31,31
2025-10,3,-0.0117205585937,0.0477552797372,0.000826967749789,5.95522677542e-06,0.0401394051227,-3.57564122682e-06,0.0770034736014,32,32,32
2025-10,4,-0.0108361491935,0.0498266123863,0.000675075839601,6.22334099203e-06,0.00454350014671,-1.53513083964e-05,0.0441999112117,31,30,31
2025-10,5,-0.00287206048387,0.0491561932856,0.00071655263179,0.000253223928994,0.00033174982813,0.0115188901851,0.0591045493757,31,31,31
2025-10,6,-0.0170633531761,0.0398031762168,0.00158187110446,0.000210414113457,0.047494774308,0.00244546629777,0.0744723488644,31,31,31
2025-10,7,-0.0189366297414,0.0382386255679,0.00221954222893,0.000200276487523,0.0907158749453,-0.000118357288696,0.1123193322,31,27,31
2025-10,8,0.0551177029866,0.0317001045643,0.00119668288712,0.000622200645441,0.0260810673035,0.00487417063884,0.119591929026,31,26,31
2025-10,9,0.00563343340204,0.0429042773814,0.00116914808526,0.000436046733235,0.0375549398497,-0.00017428999757,0.0875235554541,31,24,31
2025-10,10,-0.00268110160785,0.0437471211288,0.00111012956823,0.000313104430389,0.0259830308613,0.00272226842494,0.0711945528057,31,24,31
2025-10,11,-0.00930762227637,0.0346944082469,0.00198472289282,0.000778500536983,0.0520640794464,0.00807435305903,0.0882884419057,31,28,31
2025-10,12,-0.000469865602765,0.0419469843654,0.00124302959207,0.000488918323539,0.00533692889909,0.00524111066576,0.053787106243,31,28,31
2025-10,13,-0.00709762431309,0.0345214354819,0.00209415992727,0.000601436657316,0.0179048701869,0.00901932596362,0.057043603904,31,30,31
2025-10,14,-0.0122572179682,0.0424590390197,0.00132102418019,0.000258664366321,0.00999752125953,0.00463231647226,0.0464113473298,31,27,31
2025-10,15,-0.00711315344982,0.0492616008173,0.000676286141756,0.00012012441232,0.00594676294936,0.00153665987854,0.0504282807495,31,27,31
2025-10,16,-0.0120317878453,0.0376857821684,0.00186081470407,0.000565357060101,0.0639184526679,0.00948695432536,0.101485573081,31,26,31
2025-10,17,0.00626401633468,0.0386949864684,0.00117756589831,0.000314750471076,0.0359376308895,0.000133888312765,0.0825228383748,31,25,31
2025-10,18,0.0266193035039,0.0430889269819,0.000229373909274,0.000358139787154,0.00647654433671,0.000275469969821,0.0770477584888,31,28,31
2025-10,19,0.0668833884629,0.0334438930593,0.00087474296153,0.000876087805599,0.0319686912946,-0.000118175408632,0.133928628175,31,29,31
2025-10,20,0.0683764328314,0.0355843627613,0.000498022148688,0.000843008093336,0.012653440625,-0.00138951541974,0.11656575104,31,29,31
2025-10,21,0.012522457197,0.0464725746972,0.000762422898106,0.000414739176163,0.00961969344303,-3.407630118e-06,0.0697884797814,31,29,31
2025-10,22,0.002414490307,0.0386326282406,0.00135081605166,0.000521432295137,0.0272723321818,0.0104036578286,0.0805953569048,31,31,31
2025-10,23,0.000342883064516,0.0429703537187,0.00112092035579,0.000391465469528,0.0228925110882,0.00233071359863,0.0700488472953,31,29,30
2025-11,0,-0.0125252338451,0.0352700491133,0.00176917494032,0.000211563335246,0.0322982411292,0.00379655143322,0.0608203461062,30,29,30
2025-11,1,-0.0010606710882,0.0490637696464,0.000438368364178,0.000128947433491,0.00121535965636,0.000291084926909,0.0500768589392,30,28,30
2025-11,2,-0.00221562710665,0.0484283308591,0.000531384033344,0.00010156913075,0.00503964807852,0.00331321483177,0.0551985198268,30,30,30
2025-11,3,-0.00646355316984,0.0483941806594,0.00049217896342,3.35038304857e-05,0.0144922603599,-0.000348924422123,0.0565996462213,30,28,30
2025-11,4,-0.00542683060185,0.0456396022228,0.000706129704557,4.15894910326e-05,0.0252887225202,0.00852095868728,0.074770172024,30,27,30
2025-11,5,-0.00549041666667,0.0450205559807,0.000838450777906,5.2748130464e-05,0.0169032635411,0.00525180266517,0.0625764044286,30,29,30
2025-11,6,-0.00295459807645,0.0462709402612,0.000715992483551,6.40655540042e-05,0.0207201701436,0.00614946586628,0.0709660362322,30,27,30
2025-11,7,0.000594273916825,0.0359954201703,0.00166144388846,0.000255508633639,0.0244598172846,0.0151275648094,0.0780940287032,30,27,30
2025-11,8,0.0137476481962,0.0456861545698,0.000406735628313,0.000113279460625,0.00596778600772,2.05733872775e-05,0.0659421772499,30,27,30
2025-11,9,-0.00122006180429,0.032412012891,0.00191604460349,0.00025097738196,0.0693194407434,0.00385157136143,0.106529985177,30,28,30
2025-11,10,-0.0115806513366,0.0365988674795,0.00157916378022,0.00018505086649,0.0652226736371,0.00772553571007,0.0997306401367,30,25,30
2025-11,11,-0.01318861238,0.0337232781905,0.00171210004257,0.000143300337763,0.0374256115107,0.00366370156254,0.0634793792641,30,27,30
2025-11,12,-0.0160521811524,0.0349576592775,0.00184844943655,0.000192614706573,0.0452011580555,0.000619193704766,0.0667668940284,30,26,30
2025-11,13,-0.0135791372951,0.038472251831,0.00145257424248,0.000142326939268,0.0485447231884,0.00633714730703,0.081369886213,30,27,30
2025-11,14,-0.0115646947775,0.0381137184525,0.0015396854578,0.000246815776307,0.039127080823,0.010354334273,0.077816940005,30,29,30
2025-11,15,-0.00319196070976,0.0335146051259,0.00147097654182,0.000219146729443,0.0349222251313,0.0171375885486,0.0840725813672,30,28,30
2025-11,16,0.00316181275988,0.0391506667933,0.00135064842913,0.000150552236033,0.0527492312052,-0.000103291214719,0.0964596202088,30,28,30
2025-11,17,0.0600714683884,0.0300180227271,0.000666402461379,0.000450742883288,0.0325047447907,0.00430131449118,0.128012695742,30,25,30
2025-11,18,0.0505171574372,0.0319364819299,0.00106367990323,0.000406998897477,0.0349485479193,0.00684881792888,0.125721684016,30,29,30
2025-11,19,0.0270583332652,0.0385563354054,0.000776610837188,0.000330390832662,0.0186813635941,1.99857255919e-05,0.0854230196601,30,27,30
2025-11,20,0.0100313028893,0.0414602440149,0.000996816334,0.000267043919506,0.0223251048649,0.00367689789225,0.0787574099148,30,27,30
2025-11,21,0.00360388241344,0.0362173316303,0.00126234326874,0.000255298686177,0.0412332464293,0.000811416963683,0.0833835193916,30,29,30
2025-11,22,-0.00194233223734,0.0333390297493,0.00196757083136,0.000312336993977,0.0413844473886,0.0126582679806,0.0877193207065,30,28,30
2025-11,23,0.000281833333333,0.0435048834377,0.000928411566882,0.000144445393467,0.0264753617832,0.0116379732076,0.0829729087221,30,28,30
2025-12,0,-0.0063813415263,0.0331321589319,0.00150279400177,0.000337411230792,0.016862087446,0.0282417864321,0.0736948965163,31,31,31
2025-12,1,-0.00555418604744,0.0437508915785,0.000730402158349,6.10808072833e-05,0.0269547925434,0.00883693503836,0.0747799160785,31,31,31
2025-12,2,-0.00330593457689,0.0480496077664,0.000547446216958,4.10697510806e-05,0.0125479467908,0.00622333104848,0.0641034669968,31,29,31
2025-12,3,-0.00318121854231,0.044526871372,0.000756719757014,0.000219831839636,0.00472509198765,0.0197923360878,0.0668396325018,31,31,31
2025-12,4,-0.00149127609566,0.0442582704199,0.00083262633662,0.000268586167315,1.09635089036e-05,0.00979664841604,0.0536758187531,31,30,31
2025-12,5,-0.000462458280565,0.0465944047023,0.00053226049433,0.000178675913998,0.00993370961383,0.00493906731648,0.0617156597604,31,28,31
2025-12,6,-0.000992327690143,0.0431052854184,0.000798658487023,0.000214335172801,0.0183276057972,0.00755151565114,0.0690050728364,31,29,31
2025-12,7,0.000111499465699,0.0404758588116,0.00113286694028,0.000177008381474,0.0333764307059,0.00315715544355,0.0784308197485,31,26,31
2025-12,8,0.00119431612957,0.0495116077687,0.000409628227792,9.52836326892e-05,0.00388397149421,0.000239300233245,0.0553341074862,31,27,31
2025-12,9,0.0127820975806,0.045104867314,0.000443681949355,0.000281738438102,0.00823112210096,0.00767062812454,0.0745141355076,31,27,31
2025-12,10,0.00201064770605,0.0484737403633,0.000351854699155,0.000127074167814,0.00757493317874,0.00246911245554,0.0610073625706,31,25,31
2025-12,11,-0.00560505949403,0.0425362244566,0.000873468171575,0.000158503905271,0.0308706899318,0.00385637788736,0.0726902048585,31,28,31
2025-12,12,-0.00574552364304,0.037959118348,0.000973929484675,0.000165933097823,0.0245941393091,0.0178039152436,0.0757515118402,31,28,31
2025-12,13,-0.0032278011391,0.0475734465776,0.000580785045077,0.00012796452696,0.0105281615811,0.00144069852927,0.0570232551209,31,31,31
2025-12,14,-0.0128354484855,0.0446652503777,0.0007703762316,9.22239632016e-05,0.0298259472626,0.000421746277966,0.0629400956276,31,27,31
2025-12,15,-0.00829732660702,0.0428739091,0.000932884887467,0.000149732385938,0.0342750683353,0.000960977490217,0.0708952455919,31,25,31
2025-12,16,0.000291879646533,0.039238942393,0.00128404264379,0.00025048949252,0.0725725932508,-0.000138260601626,0.113499686825,31,24,31
2025-12,17,0.024543384234,0.0370957691406,0.00112375225046,0.000408429950538,0.049897028155,-0.000323893685218,0.112744470045,31,28,31
2025-12,18,0.0022733905226,0.0480176274935,0.000586154432449,0.000142438095588,0.0233524419218,-0.000105216775336,0.0742668356906,31,30,31
2025-12,19,0.0184573118821,0.0431055253237,0.000549436308973,0.000284156014302,0.0167415942892,0.00180678985338,0.0809448136716,31,28,31
2025-12,20,0.005428957067,0.0463766843704,0.000426693543028,0.000147767790146,0.0241617166154,-0.000761422759273,0.0757803966267,31,29,31
2025-12,21,0.0109212487036,0.0431073941751,0.000532662500805,0.000190787151692,0.0318612172201,0.00365228666914,0.0902655964204,31,31,31
2025-12,22,0.00391000271669,0.030471513125,0.00182128986451,0.000642528828968,0.0534183086903,0.0119214444495,0.102185087675,31,28,31
2025-12,23,-0.000337970981775,0.0411234723517,0.00117344902216,0.000338690748264,0.0222205514367,0.0102277455069,0.074745938084,31,30,31
2026-01,0,-0.0127525812881,0.0427486274979,0.000997172685552,4.8373041583e-05,0.0146002357219,0.00401870078618,0.049660528445,31,28,31
2026-01,1,-0.00348266003521,0.048846539469,0.000422528726312,2.12978909383e-05,0.0119057189797,0.00103131029681,0.0587447353275,31,29,31
2026-01,2,-0.0181084598416,0.0402217826078,0.00105418383424,6.3195025586e-05,0.0360316612461,0.00123699704106,0.0604993599132,31,31,31
2026-01,3,-0.0149597157529,0.0409399464513,0.000970116954914,7.08420185655e-05,0.0263440022133,0.000694335405007,0.0540595272902,31,30,31
2026-01,4,-0.00889354386773,0.0434807841813,0.000731254164572,7.82118585363e-05,0.02717566283,0.00454978264438,0.067122151811,31,29,31
2026-01,5,-0.00890803461694,0.0459752007551,0.000549573971749,1.72840329216e-05,0.00932019383781,0.000860504194162,0.0478147221748,31,29,31
2026-01,6,-0.0181914246495,0.043615754744,0.000732855386844,0,0.041790815601,0,0.0679480010824,31,29,31
2026-01,7,0.0152019633486,0.036510881948,0.000775283255958,0.00013892180539,0.0159864342737,0.0109549415207,0.0795684261524,31,26,31
2026-01,8,0.0268158871943,0.037486732976,0.000869920367979,0.000156418832773,0.0212279668151,0.00162736727985,0.0881842934661,31,26,31
2026-01,9,0.00834342246989,0.0388521093814,0.00133838358357,8.33323706797e-05,0.0766047612988,0.000455817635427,0.12567782674,31,28,31
2026-01,10,0.00741299521331,0.0422087164751,0.0010348626097,0.000127317307347,0.0492687230912,0.00692646755613,0.106979082253,31,22,31
2026-01,11,0.001423138416,0.0281565622959,0.00197399325923,0.00055398391234,0.0491922387576,0.0161591586403,0.0974590752814,31,28,31
2026-01,12,-0.0224351043723,0.0366904470251,0.00133339241756,0.000200567279603,0.050062627566,0.000645083000055,0.066497012916,31,29,31
2026-01,13,-0.00491076803437,0.0453155636257,0.000748352043906,8.88279093465e-05,0.0240598376061,0.00221664904951,0.0675184622002,31,28,31
2026-01,14,-0.0190657876422,0.0376119424249,0.00130594516274,0.000191255706612,0.041928824562,0.00964634057549,0.0716185207896,31,29,31
2026-01,15,-0.00734095138164,0.0398657320065,0.000940408957446,0.000169004565424,0.0262112831951,0.000692489039112,0.0605379663819,31,27,31
2026-01,16,0.00429884756137,0.0348154918758,0.00148552567545,0.000196320531978,0.083668342356,-0.000174179543663,0.124290348457,31,30,31
2026-01,17,0.0303175025185,0.0381364338275,0.000739860635375,0.000138772323616,0.041457104907,0.000724221026137,0.111513895238,31,28,31
2026-01,18,0.00910239201272,0.0439263554034,0.000747533117499,7.49723838031e-05,0.0384069541738,0.000302853959176,0.0925610610504,31,29,31
2026-01,19,0.0281977230043,0.0441909052876,0.000373289289169,0.00010815965552,0.0128538421897,-0.000862381243104,0.0848615381831,31,26,31
2026-01,20,0.0168357350549,0.0468328484133,0.000168304047677,2.21904535981e-05,0.00479897104995,0.00184893084382,0.0705069798633,31,30,31
2026-01,21,0.0144299287088,0.0422578490515,0.000487503359825,8.08864540443e-05,0.0223371632191,0.00255224534808,0.0821455761414,31,29,31
2026-01,22,-0.0148886616595,0.0352180101572,0.00160953879684,0.000143693979841,0.0523284140002,0.00173895582428,0.0761499510988,31,30,31
2026-01,23,-0.0166046503315,0.0403778171847,0.00126259832864,0.000200614162675,0.0591583245727,0.000821675966008,0.0852163798832,31,27,31
2026-02,0,-0.00680517093245,0.0384114603135,0.00125355329461,0.000501329801657,0.0127739141592,0.00488182155548,0.051016908192,28,27,28
2026-02,1,-0.00295949046311,0.048250399134,0.000436431451531,9.80752452582e-05,0.0105689099936,0.000327564091243,0.0567218894525,28,26,28
2026-02,2,-0.00864202586847,0.0423860016184,0.00122849156213,0.000201611641977,0.0168620506148,0.00812113574678,0.0601572653156,28,27,28
2026-02,3,-0.00416695596195,0.0428708226613,0.00111990395317,0.000379814438509,0.0126051963629,0.00486132226337,0.0576701037173,28,27,28
2026-02,4,-0.00387676343402,0.0487191474476,0.000585754403412,0.000110079910276,0.0136422931894,0.00120159789598,0.0603821094126,28,28,28
2026-02,5,-0.00778316072199,0.0370268961927,0.00152212069046,0.000364550809699,0.0258109928148,0.00597761341126,0.062919013197,28,27,28
2026-02,6,-0.00522745735876,0.0368154499895,0.00168458869082,0.000541050311411,0.0234428582063,0.0113439175524,0.0686004073916,28,27,28
2026-02,7,0.00590257334119,0.0374991406518,0.000959377462508,0.000460137651442,0.0217321017438,0.0127411072472,0.079294438098,28,28,28
2026-02,8,0.00776921428146,0.0410820796452,0.00066859159646,0.000366138400153,0.0185259677731,0.0111328636598,0.0795448553561,28,25,28
2026-02,9,0.00864745135196,0.0368133292609,0.00094766680301,0.000433200384588,0.0352745446859,0.0123887956187,0.094504988105,28,26,28
2026-02,10,0.00738756526821,0.0385487353999,0.00110131814329,0.000488399152151,0.00718797261823,0.0192050417203,0.0739190323021,28,25,28
2026-02,11,0.000955255357143,0.0348622839002,0.00185652151073,0.000719700645466,0.0149060278408,0.0208792989654,0.0741790882198,28,28,28
2026-02,12,-0.00498401455677,0.0404553515339,0.00140990387172,0.000239248851694,0.0129132631194,0.00625751128537,0.0562912641053,28,24,28
2026-02,13,-0.000941087161667,0.0462241420415,0.000592128116699,0.00026094903633,0.0208706015201,0.00968156007128,0.0766882936242,28,24,28
2026-02,14,-0.00313251428571,0.0428749535778,0.00115469336728,0.000325657270625,0.0089570161338,0.0155285323382,0.0657083384021,28,26,28
2026-02,15,-0.00347248603933,0.0366359459952,0.00160814039971,0.000539195810716,0.0160769630338,0.0185693433494,0.0699571025495,28,23,28
2026-02,16,0.00453453322378,0.0310617006807,0.00169826080385,0.000627545571649,0.0312874433031,0.0165193704226,0.0857288540056,28,26,28
2026-02,17,0.00817995955143,0.0419192199524,0.000955543443829,0.000489414136271,0.0275830041535,-0.000220622995206,0.0789065182422,28,26,28
2026-02,18,0.0234058806655,0.0384669457525,0.000869208242802,0.000670828651551,0.0176024739278,0.00228289087144,0.0832982281116,28,25,28
2026-02,19,0.0121683067254,0.0478445633419,0.00020040878008,0.000225078393034,0.00447418143932,0.000752426211966,0.0656649648917,28,25,28
2026-02,20,0.0113731065023,0.0388402458407,0.000740537365559,0.000593344231832,0.0371093944399,-0.000521763484575,0.0881348648957,28,25,28
2026-02,21,0.00908017039998,0.0456759232011,0.000409272860629,0.000302877224732,0.00871557757491,0.00093788136874,0.0651217026301,28,24,28
2026-02,22,6.11064114571e-05,0.0467693873079,0.000678899063653,0.000299543206434,0.00787266155519,0.00350140648756,0.0591830040321,28,27,28
2026-02,23,0.00129928571429,0.0448207747296,0.000794885685158,0.000386856080807,0.00340162484139,0.00465348411606,0.0553569111673,28,28,28
2026-03,0,-0.00950942965992,0.0349166862255,0.0017117405981,0.000569500008224,0.0215339185737,0.00341267363131,0.0526350893769,31,30,31
2026-03,1,-0.00347291503782,0.0461250751485,0.000830541013407,0.000409584085133,0.00676362342451,0.00306144559804,0.0537173542318,31,31,31
2026-03,2,-0.00730860950693,0.0494331416137,0.000515658863878,0.000117741713927,0.00659776075002,0.000715996257441,0.0500716896921,31,30,31
2026-03,3,-0.00257623950128,0.0471371017201,0.000645617536442,0.000292021912036,0.00660610789159,0.00159801744614,0.053702627005,30,30,30
2026-03,4,-0.00618017082093,0.041832652952,0.00126510279339,0.000514730439256,0.0174441664839,0.00303629607067,0.0579127779182,31,31,31
2026-03,5,-0.0102750312994,0.0466699331536,0.000793070261138,9.94465341895e-05,0.0307748073311,0,0.0680622259807,31,29,31
2026-03,6,0.0011354692975,0.0439965506291,0.000601977550721,0.000397281508372,0.0200922495152,0.00227544604556,0.0684989745464,31,30,31
2026-03,7,0.025112536455,0.0374676923525,0.000383820358612,0.000682162471709,0.0181130485528,0.0104772503384,0.0922365105289,31,27,31
2026-03,8,0.0342545167264,0.0277333804886,0.000805768713528,0.00114573790479,0.0279328097224,0.0295842625749,0.121456476131,31,22,31
2026-03,9,0.0160859666225,0.026944640173,0.000821972753305,0.000934276519622,0.00861709060298,0.0153584396127,0.0687623862841,31,16,31
2026-03,10,0.00579749404044,0.0379076469097,0.000617429194046,0.00107012732268,0.000193333648235,0.0325332636129,0.0781192947279,31,23,31
2026-03,11,0.00269121649134,0.0417254753975,0.000628824430766,0.000680189905761,0.00618456669163,0.0112506732268,0.0631609461438,31,26,31
2026-03,12,-0.00133647258065,0.0385039529391,0.00125636822893,0.000562842467313,0.00196063142998,0.0359664971062,0.0769138195909,31,27,31
2026-03,13,-0.00314288223757,0.0412319316209,0.000888409913601,0.000377641219273,0.00261858613213,0.00632710037436,0.0483007870227,31,26,31
2026-03,14,-0.00203771052121,0.040757114171,0.00103918057156,0.000467550206641,0.0131685766047,0.0130844624202,0.0664791734529,31,30,31
2026-03,15,0.00275549567845,0.0295972504568,0.00149142059401,0.00102836374902,0.00869364878124,0.033960729105,0.0775269083645,31,27,31
2026-03,16,-0.000480155237914,0.0345110430832,0.0013634652728,0.000516010681342,0.0214411347288,0.00706673671347,0.0644182352418,31,23,31
2026-03,17,-0.00181037927681,0.0303576229941,0.00209745821732,0.000648044321475,0.0592218465783,0.00558913340942,0.0961037262438,31,29,31
2026-03,18,0.0105227969327,0.0348449989122,0.0012813828925,0.000770646106519,0.036383051733,0.00160544643193,0.0854083230089,31,27,31
2026-03,19,0.0612076883107,0.0336301358262,0.00036675510956,0.000836534223588,0.00695440157868,0.000165837629147,0.103161352678,31,26,31
2026-03,20,0.0373254696888,0.0370241255553,0.000548564198094,0.000864781856816,0.0120688959615,-0.000442370535534,0.087389466725,31,27,31
2026-03,21,0.033180923037,0.0369063709024,0.00058197511208,0.00090651789852,0.0224091312893,-0.000188296833434,0.0937966214059,31,29,31
2026-03,22,0.0113963419985,0.0417011411282,0.000621522174398,0.000602853917345,0.023750338287,0.00239578058805,0.0804679780935,31,27,31
2026-03,23,0.00604238667117,0.0390174325293,0.00127747414497,0.000882999053857,0.0230890946235,0.00511507456801,0.0754244615908,31,28,31
2026-04,0,-0.0223765267204,0.0208794143192,0.00272598316834,0.00174012325885,0.0105556315115,0.0254362032638,0.0389608288012,30,29,30
2026-04,1,0.000749026543616,0.0368036066991,0.00127105037451,0.00119250969448,0.00218261009885,0.0287569396477,0.0709557430582,30,29,30
2026-04,2,-0.00412714059064,0.0392598304703,0.00111884106677,0.00125104867952,0.00262754745118,0.0011291881473,0.0412593152244,30,27,30
2026-04,3,-0.00274732,0.0314924961814,0.0020814329758,0.0025452323016,0.00157918988019,0.0127781786962,0.0477292100352,30,30,30
2026-04,4,-0.00991830026557,0.0327465708212,0.00190902511538,0.0019570368185,0.00820704386354,0.00173623549077,0.0366376118438,30,29,30
2026-04,5,-0.00672834316184,0.0374641390189,0.0013863037033,0.00132109477631,0.0107574133249,0.000427494362499,0.044628102024,30,28,30
2026-04,6,0.00416459539514,0.0354798217425,0.00122875306357,0.00135282789195,0.0077538171108,0.00540561437842,0.0553854295823,30,27,30
2026-04,7,0.0492524717294,0.0210393880529,0.000858858680327,0.00305560644262,0.025968501433,0.028741177626,0.128916003964,30,28,30
2026-04,8,0.0287839034558,0.0210321580066,0.00157821719598,0.00282820391858,0.00971816223697,0.0307236144243,0.0946642592382,30,26,30
2026-04,9,0.0275893262435,0.0149726984091,0.0020689738633,0.00302733250983,0.0234616494816,0.0688950365989,0.140015017106,30,27,30
2026-04,10,0.00897218038866,0.0170069012337,0.00257345753532,0.00243570435887,0.0397913992459,0.0309873907483,0.101767033511,30,22,30
2026-04,11,-0.000746948932523,0.0173959329583,0.00338769411084,0.0029976664115,0.021170752311,0.0278179351745,0.0720230320336,30,25,30
2026-04,12,0.00210143997127,0.0246203142095,0.00239911163067,0.00190614335241,0.0107437307339,0.0300463323425,0.0718170722403,30,22,30
2026-04,13,-0.000490138306787,0.0257605761478,0.0024181158345,0.00167538030746,0.00311901735901,0.0118464962865,0.0443294476285,30,24,30
2026-04,14,0.00220576214129,0.0206571406453,0.00237152289307,0.00169316376028,0.00695606499555,0.0244426126087,0.0583262670442,30,19,30
2026-04,15,0.000237610424062,0.021468194208,0.00253456688549,0.00210771140126,0.00515256022618,0.0350806844787,0.0665813276237,30,20,30
2026-04,16,0.000277036510566,0.0228517544251,0.00247641831449,0.0019305765276,0.0125094534902,0.031268315142,0.0713135544099,30,22,30
2026-04,17,0.00585256966991,0.0215349879126,0.00165990169174,0.00214585573103,0.00719816025205,0.0288036624446,0.0671951377019,30,20,30
2026-04,18,0.00701666470445,0.0191830119987,0.0024938984155,0.00236383273559,0.0185435823982,0.0280897517429,0.0776907419952,30,26,30
2026-04,19,0.0352006896915,0.0187988188778,0.00124084831007,0.0028446500031,0.0340100836516,0.035703341372,0.127798431906,30,26,30
2026-04,20,0.0604504084362,0.0205228295728,0.00116692947153,0.00292643769844,0.0238578527119,0.0167388348197,0.125663292711,30,25,30
2026-04,21,0.0740769856079,0.0207203951784,0.000922094484594,0.00294700017951,0.0335205728935,0.013652659863,0.145839708207,30,27,30
2026-04,22,0.037127763701,0.0254722448586,0.00127349292124,0.00225975008837,0.0363036329061,0.00295462932375,0.105391513799,30,24,30
2026-04,23,0.0195023926046,0.0208433251049,0.00222439329336,0.00303762809611,0.0306494309566,0.00957145282113,0.0858286228766,30,29,30
2026-05,0,-0.0366027765891,0.0205792927796,0.00267497294821,0.000959399961583,0.0302537313587,0.00442426984107,0.0222888903,31,28,31
2026-05,1,-0.00680994091005,0.0376176521725,0.00140770066703,0.00084504625795,0.0154017083172,0.0017984571204,0.050260623625,31,28,31
2026-05,2,-0.0159827029744,0.0395551094409,0.00142920499996,0.000688098502737,0.0360048137443,0.00214230396295,0.0638368276764,31,28,31
2026-05,3,-0.00838560334825,0.0454739394651,0.000767478951167,0.000274456326192,0.0167744532151,-1.48530815052e-05,0.0548898715278,31,27,31
2026-05,4,0.00570250515457,0.0380968016453,0.000939914107143,0.00115754371445,0.0149552991263,0.00604272395534,0.0668947877031,31,31,31
2026-05,5,-0.00393724082431,0.0373867984923,0.00163893028668,0.00107509106268,0.0108615677606,0.015130552312,0.06215569909,31,29,31
2026-05,6,0.0118786354396,0.0412723681986,0.000666719128615,0.000872137908087,0.00690556658428,0.00254982824324,0.0641452555024,31,31,31
2026-05,7,0.010937981633,0.0373826882685,0.00099139659002,0.00106959750518,0.0247837137495,0.00772072615991,0.0828861039061,31,31,31
2026-05,8,0.00756162182171,0.0307695916212,0.00155839342191,0.00128760893974,0.0444060895658,0.0111865367238,0.0967698420941,31,28,31
2026-05,9,0.0123663312254,0.0247615113403,0.0018427934838,0.00188986412368,0.0473158124177,0.0102228753277,0.0983991879186,31,28,31
2026-05,10,0.00273049486079,0.0220842426775,0.00259578694772,0.00181099693717,0.0292658039542,0.0219047458127,0.0803920711901,31,28,31
2026-05,11,0.00152657295387,0.0241928783509,0.0028691877596,0.00182321923588,0.00605585435187,0.0136639857624,0.0501316984145,31,28,31
2026-05,12,-0.000547498851598,0.0314660210358,0.00235701200158,0.00147084295323,0.0156784656948,0.00705431928493,0.0574791621188,31,29,31
2026-05,13,-0.00122001571079,0.0303070695905,0.00238995881167,0.00132122819288,0.0122433682691,0.0303793859195,0.0754209950728,31,28,31
2026-05,14,-0.00286389185053,0.0253884708956,0.00293008308817,0.00164361772157,0.015590236045,0.0161652296479,0.0588537455478,31,26,31
2026-05,15,-0.000822220912593,0.0365534657209,0.00152240505237,0.00116877508703,0.00281283638656,0.00972008927355,0.0509553506078,31,28,31
2026-05,16,0.000966756830781,0.0282806518431,0.00215275453158,0.00123400774733,0.0250744258884,0.0182057626723,0.0759143595135,31,27,31
2026-05,17,-0.000812896399233,0.0336944928912,0.00168524708468,0.000744242623675,0.0223146242618,0.00348548321157,0.0611111936737,31,28,31
2026-05,18,0.00630317710204,0.0309071428268,0.00133018566213,0.000766883995615,0.00799680157183,0.00868967140013,0.0559938625585,31,26,31
2026-05,19,0.0136604758669,0.0323248696016,0.00118182308692,0.00125078306672,0.0318481023731,0.0222086280923,0.102474682088,31,29,31
2026-05,20,0.0214526566885,0.0342686063601,0.00110693882979,0.00123975949807,0.0259265058477,0.00191267561332,0.0859071428374,31,27,31
2026-05,21,0.122230169688,0.0173835014668,0.000644632756125,0.00224803676984,0.0132285737775,-0.00015028852396,0.155584625934,31,23,31
2026-05,22,0.0241321989302,0.0322967305056,0.00111097999407,0.00136084444888,0.0501029304607,0.000801264038762,0.109804948378,31,27,31
2026-05,23,0.0216517396581,0.0218927774339,0.00220901064997,0.00203030655587,0.0685524015925,0.00376098969409,0.120097225584,31,30,31
2026-06,0,-0.065202428365,0.0139821371479,0.00380343730964,0.000485223017298,0.034031768367,0.000257048959848,-0.0126428135632,30,29,30
2026-06,1,-0.00799447516987,0.0444988448345,0.00085346065727,0.000190517512282,0.0101104830947,8.59190166655e-05,0.0477447499455,30,29,30
2026-06,2,-0.0054267855705,0.0459944287593,0.000724048763018,0.00013270065531,0.0114151019187,-8.61359211682e-05,0.0527533586046,30,29,30
2026-06,3,-0.00631532087416,0.0442293366035,0.000770885614876,0.000405825533962,0.0103305691598,0.000308911877146,0.0497302079151,30,29,30
2026-06,4,-0.00291942301196,0.0482025876097,0.00047157424679,0.00030851993644,0.0050954308133,0.00239603411282,0.0535547237071,30,30,30
2026-06,5,-0.000344306666667,0.0513032368999,0.000144019253911,9.43441636582e-05,0.000125656693963,-2.09387764489e-05,0.0513020115683,30,30,30
2026-06,6,0.00201097763074,0.0428731740437,0.000619874975994,0.000346733215146,0.0128193898,0.00182017040012,0.0604903200657,30,29,30
2026-06,7,0.00322564879142,0.0393100736535,0.000710201164427,0.000436847147263,0.019676750208,0.00446187242761,0.0678213933922,30,28,30
2026-06,8,0.00776916061519,0.0412419652265,0.000595098626553,0.000384291232204,0.0121908957374,0.00194644539403,0.0641278568319,30,27,30
2026-06,9,0.00577510096492,0.0377354537059,0.0011337514834,0.000554765214329,0.0173895278755,0.00561953881492,0.068208138059,30,25,30
2026-06,10,0.0102847163763,0.0328809767596,0.00110164325225,0.000775077274834,0.00236989588273,0.0128160997979,0.0602284093436,30,27,30
2026-06,11,0.00128632048144,0.0343777349173,0.00164627422763,0.000641975840495,0.000451668874623,0.0160518037217,0.0544557780631,30,28,30
2026-06,12,-0.00352286333333,0.0296794114998,0.00247645744724,0.00164512747651,0.00917264782586,0.019713840751,0.0591646216671,30,29,30
2026-06,13,-0.00447408910593,0.0413370425057,0.00116836094049,0.000281574965477,0.0049011338087,4.95423177157e-06,0.0432189773462,30,26,30
2026-06,14,-0.003608915,0.0373847589592,0.00155245111601,0.000553813216372,0.0047229810886,0.0108624838976,0.0514675732778,30,27,30
2026-06,15,-0.00690868345709,0.0316568281152,0.00193966348258,0.000775727147385,0.014235170979,0.00544024236166,0.0471389486287,30,28,30
2026-06,16,-0.00803887317591,0.0289461065466,0.00231677237671,0.00038269209824,0.0308127934207,0.00793892657903,0.0623584178453,30,29,30
2026-06,17,-0.00501709114625,0.0337797656769,0.00168736164706,0.000361409590798,0.0377329490205,0.0138339126525,0.0823783074416,30,23,30
2026-06,18,-0.00422592560964,0.0204933094691,0.00269460759653,0.000949464754962,0.0357935601537,0.0145217695426,0.0702267859072,30,24,30
2026-06,19,0.0186726641076,0.0157609986726,0.00252513066218,0.000698181551504,0.083423099075,0.00631172076511,0.127391794834,30,24,30
2026-06,20,0.083463684444,0.0211914637867,0.00103258499021,0.000638219944049,0.0402652444279,0.00284585896411,0.149437056557,30,25,30
2026-06,21,0.102001806778,0.0235865639103,0.00138389715754,0.000968631570381,0.0555506364693,-0.000184995038371,0.183306540847,30,25,30
2026-06,22,0.0719203862485,0.0163506025007,0.00201917562995,0.00117971873229,0.137725675839,0.00156419564266,0.230759754593,30,22,30
2026-06,23,0.0379477108671,0.0173749045652,0.00206497614453,0.00119949541339,0.0282716798174,0.00208725823186,0.0889460250395,30,28,30
2026-07,0,-0.0520751863684,0.0151026042553,0.00372470892779,0.000857231976584,0.0349222219134,0.000314253673413,0.00284583437808,31,30,31
2026-07,1,-0.00351018090151,0.0451649399514,0.000663174570462,0.000196511661177,0.00365112595288,0.00890770194255,0.055073273177,31,29,31
2026-07,2,0.00562429639604,0.0492404690664,0.000147284163398,9.22369484283e-05,5.50265221785e-05,0.0143347523241,0.0694940654205,31,27,31
2026-07,3,-0.00201220063976,0.0369434019421,0.00130141055345,0.00102057148429,0.0186284011268,0.00556304734946,0.0614446318163,31,31,31
2026-07,4,-0.00663308463231,0.0419499686828,0.000982988680968,0.000526580994903,0.0149520442914,0.00104364443689,0.0528221424547,31,29,31
2026-07,5,-0.00184174949005,0.0432109342977,0.000813548253796,0.000554294029379,0.0096626750094,0.000734605065744,0.053134307166,31,31,31
2026-07,6,0.0100034405092,0.0446204539892,0.000389915768711,0.000419838116994,0.000587454224984,0.00982770137595,0.0658488039851,31,31,31
2026-07,7,0.00552948695212,0.041338441169,0.000542583755269,0.000363735666184,0.013935399543,0.00122293331253,0.0629325803981,31,30,31
2026-07,8,0.0259659904763,0.0332708911312,0.000852749217449,0.0006526145622,0.0133416203791,0.011951106556,0.0860349723222,31,27,31
2026-07,9,0.0212332021202,0.022784228979,0.00151456818487,0.00118322476091,0.0136468549418,0.0134015587684,0.0737636377552,31,29,31
2026-07,10,0.00926018269935,0.020476575842,0.00179582864445,0.00161816905299,0.00651223831314,0.0204228786258,0.0600858731777,31,25,31
2026-07,11,0.0024961797898,0.0245336611433,0.00206305138495,0.00172914042858,0.00210440035945,0.0281149636253,0.0610413967314,31,27,31
2026-07,12,-0.00329794657787,0.0358002137841,0.00140510557043,0.00108339194165,0.00609266449824,0.00226171118153,0.043345140398,31,28,31
2026-07,13,-0.00381497472535,0.0355750224009,0.00145270618387,0.00114611683926,0.00144798817962,0.00688125683372,0.042688115712,31,29,31
2026-07,14,-0.00570295967742,0.0276286616703,0.00208654315597,0.00134553470491,0.00551195580461,0.0216408046481,0.0525105403065,31,29,31
2026-07,15,-0.00566420821403,0.0311578848171,0.00136999072532,0.00111168179779,0.00951338285895,0.0144258252166,0.0519145572017,31,23,31
2026-07,16,-0.00470609231748,0.0274589475423,0.00215043024901,0.000725198602116,0.0155671410729,0.0319865415804,0.0731821667294,31,29,31
2026-07,17,0.00666139868354,0.0337296759471,0.00122312084738,0.000741010590966,0.0110182456578,0.0185682631732,0.0719417148999,31,27,31
2026-07,18,-0.00328957532673,0.0255158563582,0.00191874539042,0.00063376788325,0.0293679368319,0.00540526431067,0.0595519954477,31,26,31
2026-07,19,0.0268027766325,0.0282292735345,0.00173602041779,0.00108740194437,0.0392475408657,0.0127076605903,0.109810673985,31,26,31
2026-07,20,0.067076902509,0.0291301462747,0.000532630895139,0.000981726378695,0.0129228129524,0.00617629875567,0.116820517766,31,30,31
2026-07,21,0.0551617573657,0.0352706705066,0.000241233613352,0.0007762896113,0.00866919843831,0.000120325602663,0.100239475138,31,29,31
2026-07,22,0.0346185541127,0.0364807534555,0.000584229257229,0.000800914057956,0.0181719796754,-0.000197894383724,0.090458536175,31,27,31
2026-07,23,0.059059953744,0.0228025010164,0.00105117313059,0.00138472161965,0.0236214736656,-0.00224418700648,0.10567563617,31,30,31
2026-08,0,-0.0716277549002,0.022195117185,0.00264385143843,4.06275338005e-05,0.0371570907305,-0.000144861845442,-0.00973592985796,31,28,31
2026-08,1,-0.00865509972953,0.04777343021,0.00053480314433,4.20663884765e-05,0.0125839912054,-0.000572154396458,0.0517070368223,31,30,31
2026-08,2,-0.00319209932987,0.0509690889038,0.000198124878533,1.43107433636e-06,0.00748170763798,-3.95893840954e-06,0.0554542942263,31,31,31
2026-08,3,-0.0033925572679,0.0509667632879,0.000205763141362,1.64613265926e-05,0.0059621163359,-1.46931904783e-08,0.0537585321307,31,29,31
2026-08,4,-0.00327818397685,0.0509698374255,0.000190862969856,7.12592570781e-07,0.0052549802811,-1.06023734857e-06,0.0531371490548,31,30,31
2026-08,5,-0.0039408634337,0.0509745736416,0.000198637924701,1.13072540157e-06,0.0109529766492,-1.47513813317e-07,0.0581863079934,31,29,31
2026-08,6,-6.99258064516e-05,0.0526757835337,2.18813032788e-05,2.3802162316e-07,7.26878308686e-05,-2.4654804321e-06,0.0526981994026,31,29,31
2026-08,7,-0.00387602168931,0.0506341763724,0.000208203648356,2.14857456948e-06,0.00687432671938,-1.83901542562e-05,0.0538244434712,31,30,31
2026-08,8,0.00109953269909,0.0456920989708,0.000567982771704,5.38044625689e-05,0.015940584831,-0.000161261055218,0.0631927426799,31,27,31
2026-08,9,0.00927438453144,0.0393881692173,0.000609807402679,0.000150113354963,0.00399169641281,0.0040625118454,0.0574766827646,31,28,31
2026-08,10,0.00642167735823,0.0332899234499,0.0011815605932,0.00028477810421,0.00518461857335,0.0043817211112,0.0507442791901,31,30,31
2026-08,11,-0.00536632253174,0.0369203855001,0.00123055991883,0.000212874272803,0.00383416672059,0.0108705876496,0.0477022515301,31,27,31
2026-08,12,-0.00345719860324,0.0419292214144,0.000734504881885,0.000384187178529,0.000545119703176,0.00252639630909,0.0426622308838,31,28,31
2026-08,13,-0.0111465625632,0.0387077963242,0.00126197885648,0.000407725149092,0.00167699298244,0.0040141032594,0.0349220340084,31,30,31
2026-08,14,-0.0107239062521,0.0398270753225,0.00110920677309,0.000216842812897,0.006334625934,0.000519742509028,0.0372835870993,31,31,31
2026-08,15,-0.0100023503147,0.0355046663438,0.00154478932723,0.000459411348844,0.0123959351762,0.0111174974902,0.0510199493716,31,28,31
2026-08,16,-0.00945909199029,0.0376910528577,0.00126248810779,0.00026640848623,0.0200354162406,0.00877699857448,0.0585732722764,31,31,31
2026-08,17,-0.000214969612665,0.0324153729138,0.00121158393858,0.000194441721047,0.0225522153788,0.00361662360863,0.0597752679482,31,25,31
2026-08,18,-0.00686293532409,0.0274410050324,0.00228298047968,0.000219551719161,0.0595511284958,-0.000525426130318,0.0821063042727,31,26,31
2026-08,19,0.0187348968439,0.0306157687781,0.00134257537083,0.00023833392107,0.0401284481633,0.00393016892594,0.0949901920032,31,28,31
2026-08,20,0.0618317720843,0.0266998027125,0.00102121076303,0.000381661404866,0.0668562947731,-0.00141563767655,0.155375104061,31,30,31
2026-08,21,0.060098683414,0.0333999429626,0.000672372669245,0.000333691793398,0.0572712318909,-0.00121718914204,0.150558733588,31,29,31
2026-08,22,0.00158127734048,0.0427252982209,0.000666647765088,7.70084324359e-05,0.0263968120206,-0.000435200408414,0.0710118433711,31,27,31
2026-08,23,0.0288026717313,0.0256926429867,0.00176013135738,0.000410272926911,0.0411739783332,-0.00123830204021,0.0966013952954,31,29,31
