month,direction,calendar_days,valid_daily_pairs,expected_hours,complete_price_hours,excluded_incomplete_hours
2025-01,up,31,31,744,744,0
2025-01,down,31,31,744,744,0
2025-02,up,28,28,672,672,0
2025-02,down,28,28,672,672,0
2025-03,up,31,31,743,743,0
2025-03,down,31,31,743,743,0
2025-04,up,30,30,720,720,0
2025-04,down,30,30,720,720,0
2025-05,up,31,31,744,744,0
2025-05,down,31,31,744,744,0
2025-06,up,30,30,720,720,0
2025-06,down,30,30,720,720,0
2025-07,up,31,31,744,744,0
2025-07,down,31,31,744,744,0
2025-08,up,31,31,744,744,0
2025-08,down,31,31,744,744,0
2025-09,up,30,30,720,720,0
2025-09,down,30,30,720,720,0
2025-10,up,31,31,745,745,0
2025-10,down,31,31,745,745,0
2025-11,up,30,30,720,720,0
2025-11,down,30,30,720,720,0
2025-12,up,31,31,744,744,0
2025-12,down,31,31,744,744,0
2026-01,up,31,31,744,744,0
2026-01,down,31,31,744,744,0
2026-02,up,28,28,672,672,0
2026-02,down,28,28,672,672,0
2026-03,up,31,31,743,743,0
2026-03,down,31,31,743,743,0
2026-04,up,30,30,720,720,0
2026-04,down,30,30,720,720,0
2026-05,up,31,31,744,744,0
2026-05,down,31,31,744,744,0
2026-06,up,30,30,720,720,0
2026-06,down,30,30,720,720,0
2026-07,up,31,31,744,744,0
2026-07,down,31,31,744,744,0
2026-08,up,31,31,744,743,1
2026-08,down,31,31,744,743,1
