month,da_highest_2h_eur_per_mwh,da_lowest_2h_eur_per_mwh,fcr_capacity_eur_per_mw_h,afrr_up_capacity_eur_per_mw_h,afrr_down_capacity_eur_per_mw_h,afrr_up_activation_highest_2h_eur_per_mwh,afrr_down_activation_highest_2h_eur_per_mwh
2025-01,207.34403225806452,90.74983870967742,,13.315480476341502,13.546914509385624,398.6742407333399,52.095176073397916
2025-02,248.87357142857144,109.05785714285715,,12.465862183230875,12.805526449597474,631.8704874347335,70.8746566797395
2025-03,196.3951612903226,33.52241935483871,,12.071650791148025,13.391094086015745,628.6077151292687,71.79621216956261
2025-04,173.0685,14.659500000000001,,12.192375222911227,14.15374827030785,542.7454504535477,65.41279893628605
2025-05,185.96483870967742,16.06306451612903,,11.690228233731881,12.404615029667463,674.7375830320169,182.1882693941286
2025-06,199.19883333333334,7.7668333333333335,62.44195039580911,10.527556771293986,8.953042222259665,506.361019856933,65.7485142600819
2025-07,200.81403225806451,46.54096774193548,71.26292969024895,6.424757134840008,4.0238435247541995,596.5634460745564,69.97446554882852
2025-08,171.8641935483871,6.531935483870968,70.88696100252568,4.952074733745089,7.640160873275291,458.3403292377272,69.77722879192032
2025-09,222.2841666666667,26.907500000000002,72.25500284883323,7.0845623482521365,11.656151621093157,514.1807510714915,68.52834537928888
2025-10,227.21987903225806,62.481572580645164,70.52369648021246,7.72784545909262,3.481734255510907,645.9676167943425,74.29308819623552
2025-11,196.39941666666667,77.71929166666668,67.69432920311466,6.841590357724963,1.5605720706527506,650.6162138760658,71.22347008500532
2025-12,161.72290322580645,86.18431451612904,67.5944814377012,6.418109785559096,2.085091287632744,605.4152082808629,70.29218622881253
2026-01,219.04608870967743,97.92500000000001,68.07743803203553,6.14821583382716,1.3230759656920739,727.3582054311843,83.90002796338575
2026-02,151.4647767857143,56.134508928571435,68.20752419014099,6.767437921747521,2.8338039866997295,371.6510375138012,72.46978083300282
2026-03,185.1415322580645,22.98524193548387,68.16835133902121,6.414000285276985,4.1655208362699305,482.18465296848365,65.26756265618057
2026-04,179.27666666666667,15.859583333333335,62.24362492119213,7.235627521039608,7.013360678248695,467.1994516577328,60.2784809074326
2026-05,210.38875000000002,22.96084677419355,65.28979728733184,7.247279415651128,5.785287797208678,564.8219276535235,63.7120633966611
2026-06,281.7284583333333,32.451499999999996,65.67337023241734,6.916310559961526,3.868131184841943,684.7677196726429,65.99565581043049
2026-07,211.2094758064516,34.25270161290322,65.47308084831099,6.476137796192803,4.099265116924684,404.6004000932802,65.60614322745138
2026-08,246.435,63.51963709677419,66.01939796885722,6.502127700383023,1.68265860588784,462.0466678094882,76.27367040760919
