month,product,checked_native_hours,published_positive_labels,contracted_exposure_mw_hours,HHI_published_label_shares_0_10000,not_competition_or_station_award_probability
2025-01,aFRRDown,744,8,148800.0,2186.6579472699154,True
2025-01,aFRRUp,744,8,148747.0,2023.8460951367977,True
2025-01,mFRRDown,744,10,111600.0,2736.764298377462,True
2025-01,mFRRUp,744,9,375100.0,4453.210236872052,True
2025-02,aFRRDown,672,8,134400.0,2249.415381191539,True
2025-02,aFRRUp,672,8,134400.0,2425.745971956491,True
2025-02,mFRRDown,672,10,100800.0,2708.40021297871,True
2025-02,mFRRUp,672,9,338800.0,3861.767464584358,True
2025-03,aFRRDown,743,8,148509.0,1975.1632173012702,True
2025-03,aFRRUp,743,8,147875.0,2361.408921799314,True
2025-03,mFRRDown,743,10,143265.0,5147.777607825341,True
2025-03,mFRRUp,743,9,374700.0,4763.582808814438,True
2025-04,aFRRDown,720,8,143988.0,2336.007814748392,True
2025-04,aFRRUp,720,7,143745.0,2564.1659075696266,True
2025-04,mFRRDown,298,10,88698.0,7680.585251951342,True
2025-04,mFRRUp,720,8,363000.0,5056.647122919655,True
2025-05,aFRRDown,744,9,148800.0,2102.2172568721817,True
2025-05,aFRRUp,744,9,148800.0,2416.187698722396,True
2025-05,mFRRDown,482,10,163744.0,5025.813235203652,True
2025-05,mFRRUp,744,9,375100.0,4102.453440763791,True
2025-06,aFRRDown,720,11,144000.0,1734.9916772762344,True
2025-06,aFRRUp,720,10,144000.0,2156.8527719907406,True
2025-06,mFRRDown,421,14,140574.0,3027.2607460779996,True
2025-06,mFRRUp,720,11,363000.0,3171.7550892850372,True
2025-07,FCR,28,2,2784.0,5319.725194873828,True
2025-07,aFRRDown,744,11,148800.0,1827.2435315860218,True
2025-07,aFRRUp,744,11,148800.0,1824.084418176957,True
2025-07,mFRRDown,560,14,192780.0,2161.178077298861,True
2025-07,mFRRUp,744,10,375100.0,2361.0141534460445,True
2025-08,aFRRDown,744,11,148800.0,1664.3994753728757,True
2025-08,aFRRUp,744,11,148800.0,1776.6904582538443,True
2025-08,mFRRDown,473,20,163856.0,2195.494647434958,True
2025-08,mFRRUp,744,10,375100.0,2438.207400553845,True
2025-09,FCR,14,2,1624.0,7146.254458977408,True
2025-09,aFRRDown,720,11,144000.0,1859.1059645061725,True
2025-09,aFRRUp,720,11,144000.0,1653.699809992284,True
2025-09,mFRRDown,668,22,168914.0,2168.578059880301,True
2025-09,mFRRUp,720,10,363000.0,2196.8544759389533,True
2025-10,FCR,26,2,3016.0,5481.569560047562,True
2025-10,aFRRDown,744,11,136200.0,2082.2605512322075,True
2025-10,aFRRUp,744,11,136200.0,1567.533122664476,True
2025-10,mFRRDown,744,22,106288.0,2699.171495646252,True
2025-10,mFRRUp,744,10,349900.0,1782.7306718344623,True
2025-11,FCR,13,2,1508.0,5481.569560047562,True
2025-11,aFRRDown,720,10,126000.0,1913.6427223481985,True
2025-11,aFRRUp,720,10,126000.0,2196.580330057949,True
2025-11,mFRRDown,720,19,72000.0,2802.471207561728,True
2025-11,mFRRUp,720,11,327000.0,1709.5788513873692,True
2025-12,aFRRDown,744,10,130200.0,1782.516493590152,True
2025-12,aFRRUp,744,10,130200.0,2174.5615477547244,True
2025-12,mFRRDown,744,19,74400.0,2647.5382197363856,True
2025-12,mFRRUp,744,10,337900.0,1724.8525002669116,True
2026-01,aFRRDown,744,11,130200.0,2039.2559963284657,True
2026-01,aFRRUp,744,11,130200.0,1554.6115370185535,True
2026-01,mFRRDown,744,12,74400.0,2774.4777430916865,True
2026-01,mFRRUp,744,10,337900.0,1998.0244069681296,True
2026-02,aFRRDown,672,10,117600.0,2186.7109161691887,True
2026-02,aFRRUp,672,11,117600.0,1271.2150926697211,True
2026-02,mFRRDown,672,14,67200.0,2490.0240663973923,True
2026-02,mFRRUp,672,11,305200.0,2448.7565515769475,True
2026-03,aFRRDown,743,10,130025.0,1813.9308027263623,True
2026-03,aFRRUp,743,11,130025.0,1276.1781357695954,True
2026-03,mFRRDown,743,17,74300.0,3241.9660646065845,True
2026-03,mFRRUp,743,11,327350.0,2058.9789065956306,True
2026-04,aFRRDown,720,11,126000.0,1888.8433345930966,True
2026-04,aFRRUp,720,11,126000.0,1378.826837994457,True
2026-04,mFRRDown,720,18,178980.0,5252.793076286914,True
2026-04,mFRRUp,720,10,309000.0,2526.344813313643,True
2026-05,aFRRDown,744,10,130200.0,1640.3473469859675,True
2026-05,aFRRUp,744,11,130200.0,1261.5841232087698,True
2026-05,mFRRDown,744,17,185795.0,2105.235107723714,True
2026-05,mFRRUp,744,10,319300.0,2327.051828945031,True
2026-06,FCR,6,2,672.0,7066.326530612244,True
2026-06,aFRRDown,720,10,126000.0,1466.1805681531873,True
2026-06,aFRRUp,720,11,126000.0,1240.907926429831,True
2026-06,mFRRDown,720,17,180000.0,2841.5639314814816,True
2026-06,mFRRUp,720,10,309000.0,2222.507278516144,True
2026-07,FCR,148,2,17360.0,6379.94011340228,True
2026-07,aFRRDown,744,10,130200.0,1515.0214735217708,True
2026-07,aFRRUp,744,11,130200.0,1303.5712091288128,True
2026-07,mFRRDown,744,17,185967.0,2650.189026605237,True
2026-07,mFRRUp,744,10,337900.0,2234.185945941022,True
2026-08,FCR,97,2,12416.0,5703.125,True
2026-08,aFRRDown,744,10,130200.0,2125.472285341469,True
2026-08,aFRRUp,744,11,130200.0,1469.5242731848205,True
2026-08,mFRRDown,744,17,186000.0,2396.518899872817,True
2026-08,mFRRUp,744,9,337900.0,2276.9492239246274,True
