month,hour,mean,count
2025-01,0,112.47741935483872,124
2025-01,1,108.78645161290324,124
2025-01,2,103.30290322580645,124
2025-01,3,98.33806451612904,124
2025-01,4,93.01870967741935,124
2025-01,5,96.81290322580645,124
2025-01,6,110.7374193548387,124
2025-01,7,135.49806451612906,124
2025-01,8,166.26612903225808,124
2025-01,9,174.2016129032258,124
2025-01,10,152.88225806451612,124
2025-01,11,136.37774193548387,124
2025-01,12,127.20451612903226,124
2025-01,13,122.51935483870967,124
2025-01,14,123.87903225806451,124
2025-01,15,134.1858064516129,124
2025-01,16,157.01645161290324,124
2025-01,17,188.28064516129032,124
2025-01,18,204.40774193548387,124
2025-01,19,191.04548387096773,124
2025-01,20,179.39645161290323,124
2025-01,21,158.5041935483871,124
2025-01,22,141.41516129032257,124
2025-01,23,129.63290322580644,124
2025-02,0,136.8842857142857,112
2025-02,1,133.18428571428572,112
2025-02,2,125.77785714285713,112
2025-02,3,121.22964285714285,112
2025-02,4,119.65107142857143,112
2025-02,5,122.42107142857142,112
2025-02,6,135.56107142857144,112
2025-02,7,168.75214285714287,112
2025-02,8,204.9192857142857,112
2025-02,9,177.88857142857142,112
2025-02,10,153.07,112
2025-02,11,131.80964285714285,112
2025-02,12,122.86285714285714,112
2025-02,13,116.8917857142857,112
2025-02,14,117.64821428571429,112
2025-02,15,127.57249999999999,112
2025-02,16,151.4364285714286,112
2025-02,17,197.6275,112
2025-02,18,237.19321428571428,112
2025-02,19,239.96142857142857,112
2025-02,20,221.3657142857143,112
2025-02,21,188.30964285714285,112
2025-02,22,165.9632142857143,112
2025-02,23,154.62357142857144,112
2025-03,0,111.3016129032258,124
2025-03,1,104.29838709677419,124
2025-03,2,98.4790322580645,124
2025-03,3,97.68633333333334,120
2025-03,4,94.18677419354839,124
2025-03,5,98.52161290322582,124
2025-03,6,111.67387096774193,124
2025-03,7,131.99322580645162,124
2025-03,8,131.2890322580645,124
2025-03,9,100.78451612903227,124
2025-03,10,77.06645161290322,124
2025-03,11,55.53741935483871,124
2025-03,12,43.24483870967742,124
2025-03,13,40.72,124
2025-03,14,38.85838709677419,124
2025-03,15,50.72709677419355,124
2025-03,16,83.9416129032258,124
2025-03,17,121.17967741935485,124
2025-03,18,156.82096774193548,124
2025-03,19,199.19225806451612,124
2025-03,20,188.61161290322582,124
2025-03,21,160.29612903225808,124
2025-03,22,136.58387096774194,124
2025-03,23,122.39322580645161,124
2025-04,0,99.106,120
2025-04,1,95.95333333333333,120
2025-04,2,89.497,120
2025-04,3,86.62066666666666,120
2025-04,4,87.05833333333334,120
2025-04,5,89.81933333333333,120
2025-04,6,98.569,120
2025-04,7,116.34966666666666,120
2025-04,8,125.73499999999999,120
2025-04,9,101.82199999999999,120
2025-04,10,66.955,120
2025-04,11,41.08866666666667,120
2025-04,12,30.603666666666665,120
2025-04,13,20.437666666666665,120
2025-04,14,15.611,120
2025-04,15,21.104333333333333,120
2025-04,16,33.162333333333336,120
2025-04,17,53.425333333333334,120
2025-04,18,88.65666666666667,120
2025-04,19,126.03633333333333,120
2025-04,20,168.49233333333333,120
2025-04,21,173.37733333333333,120
2025-04,22,131.387,120
2025-04,23,113.67566666666667,120
2025-05,0,106.87322580645161,124
2025-05,1,101.63225806451612,124
2025-05,2,92.74096774193548,124
2025-05,3,87.75516129032258,124
2025-05,4,86.50064516129032,124
2025-05,5,89.36387096774195,124
2025-05,6,97.30032258064516,124
2025-05,7,109.43193548387096,124
2025-05,8,103.9558064516129,124
2025-05,9,80.84645161290324,124
2025-05,10,54.68709677419355,124
2025-05,11,36.69225806451613,124
2025-05,12,25.442903225806454,124
2025-05,13,21.218387096774194,124
2025-05,14,19.101935483870967,124
2025-05,15,22.23709677419355,124
2025-05,16,34.77516129032258,124
2025-05,17,56.961290322580645,124
2025-05,18,82.82903225806452,124
2025-05,19,119.83935483870968,124
2025-05,20,153.25032258064516,124
2025-05,21,210.87193548387097,124
2025-05,22,144.13612903225808,124
2025-05,23,122.95548387096774,124
2025-06,0,116.18433333333334,120
2025-06,1,106.50466666666667,120
2025-06,2,98.37433333333334,120
2025-06,3,92.86166666666666,120
2025-06,4,90.58666666666666,120
2025-06,5,90.95266666666666,120
2025-06,6,95.236,120
2025-06,7,97.67533333333334,120
2025-06,8,87.74266666666668,120
2025-06,9,69.481,120
2025-06,10,43.631,120
2025-06,11,18.566,120
2025-06,12,14.602,120
2025-06,13,13.426333333333334,120
2025-06,14,12.675333333333333,120
2025-06,15,15.840333333333332,120
2025-06,16,33.403,120
2025-06,17,56.384,120
2025-06,18,94.25433333333334,120
2025-06,19,134.493,120
2025-06,20,168.76033333333334,120
2025-06,21,210.12066666666666,120
2025-06,22,170.46099999999998,120
2025-06,23,134.35766666666666,120
2025-07,0,116.83290322580646,124
2025-07,1,110.25258064516129,124
2025-07,2,101.43612903225807,124
2025-07,3,95.0641935483871,124
2025-07,4,92.67806451612903,124
2025-07,5,93.39483870967743,124
2025-07,6,99.20838709677419,124
2025-07,7,105.58612903225807,124
2025-07,8,102.58903225806452,124
2025-07,9,94.64870967741936,124
2025-07,10,78.46709677419355,124
2025-07,11,65.00354838709679,124
2025-07,12,59.942903225806454,124
2025-07,13,52.33774193548387,124
2025-07,14,48.317741935483866,124
2025-07,15,50.5958064516129,124
2025-07,16,64.98322580645161,124
2025-07,17,91.33483870967743,124
2025-07,18,111.56483870967743,124
2025-07,19,153.24548387096772,124
2025-07,20,187.83870967741936,124
2025-07,21,206.64096774193547,124
2025-07,22,164.41967741935485,124
2025-07,23,138.26645161290324,124
2025-08,0,98.1716129032258,124
2025-08,1,95.07709677419355,124
2025-08,2,86.1083870967742,124
2025-08,3,84.23096774193547,124
2025-08,4,81.5667741935484,124
2025-08,5,84.1690322580645,124
2025-08,6,90.81,124
2025-08,7,97.70225806451613,124
2025-08,8,90.85548387096775,124
2025-08,9,70.0183870967742,124
2025-08,10,45.571935483870966,124
2025-08,11,24.198387096774194,124
2025-08,12,17.761612903225807,124
2025-08,13,10.561290322580644,124
2025-08,14,7.710967741935484,124
2025-08,15,11.17483870967742,124
2025-08,16,28.000645161290322,124
2025-08,17,53.16161290322581,124
2025-08,18,93.67612903225806,124
2025-08,19,124.30645161290323,124
2025-08,20,160.96967741935484,124
2025-08,21,179.7274193548387,124
2025-08,22,132.13516129032257,124
2025-08,23,111.82677419354839,124
2025-09,0,96.44133333333333,120
2025-09,1,88.07366666666667,120
2025-09,2,80.85100000000001,120
2025-09,3,77.17466666666668,120
2025-09,4,76.88833333333334,120
2025-09,5,79.58133333333333,120
2025-09,6,95.66366666666666,120
2025-09,7,119.50933333333334,120
2025-09,8,134.875,120
2025-09,9,95.13566666666667,120
2025-09,10,71.63533333333334,120
2025-09,11,48.475,120
2025-09,12,36.78866666666667,120
2025-09,13,30.14333333333333,120
2025-09,14,28.576666666666664,120
2025-09,15,37.57866666666666,120
2025-09,16,58.66733333333333,120
2025-09,17,88.72033333333334,120
2025-09,18,135.38166666666666,120
2025-09,19,183.745,120
2025-09,20,248.52833333333334,120
2025-09,21,171.31366666666665,120
2025-09,22,128.70266666666666,120
2025-09,23,116.26033333333334,120
2025-10,0,101.32596774193549,124
2025-10,1,94.47508064516128,124
2025-10,2,85.61475806451612,124
2025-10,3,82.849765625,128
2025-10,4,83.1225,124
2025-10,5,87.56725806451612,124
2025-10,6,105.50870967741936,124
2025-10,7,141.01903225806453,124
2025-10,8,172.4514516129032,124
2025-10,9,141.16201612903225,124
2025-10,10,112.29177419354839,124
2025-10,11,91.3508064516129,124
2025-10,12,78.25435483870969,124
2025-10,13,72.10395161290322,124
2025-10,14,72.72879032258065,124
2025-10,15,83.7658870967742,124
2025-10,16,108.06806451612904,124
2025-10,17,155.24556451612904,124
2025-10,18,183.16129032258064,124
2025-10,19,218.53362903225806,124
2025-10,20,215.810564516129,124
2025-10,21,175.0464516129032,124
2025-10,22,144.03862903225806,124
2025-10,23,120.00951612903226,124
2025-11,0,96.055,120
2025-11,1,95.735,120
2025-11,2,89.4555,120
2025-11,3,87.40858333333334,120
2025-11,4,87.05383333333333,120
2025-11,5,88.82416666666667,120
2025-11,6,99.86141666666667,120
2025-11,7,123.38741666666667,120
2025-11,8,137.12508333333332,120
2025-11,9,127.88799999999999,120
2025-11,10,109.72166666666666,120
2025-11,11,100.93166666666666,120
2025-11,12,96.93791666666667,120
2025-11,13,99.28925000000001,120
2025-11,14,108.02066666666666,120
2025-11,15,133.35758333333334,120
2025-11,16,161.95508333333333,120
2025-11,17,194.61541666666665,120
2025-11,18,180.24525,120
2025-11,19,171.88941666666668,120
2025-11,20,159.84141666666667,120
2025-11,21,138.20908333333333,120
2025-11,22,118.11449999999999,120
2025-11,23,109.69241666666667,120
2025-12,0,96.60806451612903,124
2025-12,1,94.42120967741936,124
2025-12,2,90.77483870967743,124
2025-12,3,87.9575,124
2025-12,4,86.75104838709677,124
2025-12,5,88.7291935483871,124
2025-12,6,96.50983870967741,124
2025-12,7,116.07217741935484,124
2025-12,8,130.8925,124
2025-12,9,130.74806451612903,124
2025-12,10,124.21991935483871,124
2025-12,11,117.26983870967743,124
2025-12,12,112.56395161290322,124
2025-12,13,112.57314516129033,124
2025-12,14,115.66564516129033,124
2025-12,15,126.99983870967742,124
2025-12,16,144.53112903225806,124
2025-12,17,158.6308870967742,124
2025-12,18,149.4042741935484,124
2025-12,19,146.10991935483872,124
2025-12,20,141.69943548387096,124
2025-12,21,128.98379032258063,124
2025-12,22,116.1666935483871,124
2025-12,23,109.37080645161289,124
2026-01,0,109.18233870967742,124
2026-01,1,107.44459677419354,124
2026-01,2,104.13709677419355,124
2026-01,3,102.06645161290322,124
2026-01,4,99.94451612903227,124
2026-01,5,102.69193548387096,124
2026-01,6,111.24798387096774,124
2026-01,7,141.36411290322582,124
2026-01,8,175.07032258064518,124
2026-01,9,183.95782258064517,124
2026-01,10,175.72637096774193,124
2026-01,11,159.10225806451612,124
2026-01,12,150.43145161290323,124
2026-01,13,147.50346774193548,124
2026-01,14,151.75629032258064,124
2026-01,15,162.63887096774195,124
2026-01,16,183.60725806451612,124
2026-01,17,205.02629032258062,124
2026-01,18,206.15129032258062,124
2026-01,19,202.58951612903223,124
2026-01,20,190.70411290322582,124
2026-01,21,174.01282258064515,124
2026-01,22,142.7616129032258,124
2026-01,23,122.5908870967742,124
2026-02,0,91.10428571428572,112
2026-02,1,81.85919642857142,112
2026-02,2,81.44535714285713,112
2026-02,3,81.15723214285715,112
2026-02,4,81.630625,112
2026-02,5,82.345625,112
2026-02,6,90.793125,112
2026-02,7,108.52303571428571,112
2026-02,8,115.894375,112
2026-02,9,104.25687500000001,112
2026-02,10,93.68830357142858,112
2026-02,11,80.49348214285715,112
2026-02,12,74.86553571428571,112
2026-02,13,72.70794642857143,112
2026-02,14,74.47767857142857,112
2026-02,15,83.63116071428571,112
2026-02,16,106.85142857142857,112
2026-02,17,129.72214285714284,112
2026-02,18,145.2238392857143,112
2026-02,19,142.26642857142858,112
2026-02,20,138.44107142857143,112
2026-02,21,128.37544642857142,112
2026-02,22,108.67464285714286,112
2026-02,23,96.98089285714286,112
2026-03,0,115.92532258064516,124
2026-03,1,115.34491935483871,124
2026-03,2,110.92008064516129,124
2026-03,3,107.79925,120
2026-03,4,107.7166935483871,124
2026-03,5,111.74983870967742,124
2026-03,6,124.07411290322581,124
2026-03,7,136.95491935483872,124
2026-03,8,123.44250000000001,124
2026-03,9,78.82233870967741,124
2026-03,10,51.93314516129032,124
2026-03,11,37.288629032258065,124
2026-03,12,29.705645161290324,124
2026-03,13,28.061532258064517,124
2026-03,14,31.281774193548387,124
2026-03,15,44.65798387096774,124
2026-03,16,82.23717741935484,124
2026-03,17,125.08298387096774,124
2026-03,18,162.0409677419355,124
2026-03,19,183.85395161290322,124
2026-03,20,174.0691935483871,124
2026-03,21,163.12185483870968,124
2026-03,22,145.24870967741936,124
2026-03,23,130.34927419354838,124
2026-04,0,124.19066666666667,120
2026-04,1,120.107,120
2026-04,2,112.65225000000001,120
2026-04,3,108.199,120
2026-04,4,106.52758333333333,120
2026-04,5,108.72041666666668,120
2026-04,6,119.29891666666667,120
2026-04,7,133.21033333333332,120
2026-04,8,119.65249999999999,120
2026-04,9,94.51849999999999,120
2026-04,10,60.59525,120
2026-04,11,36.4775,120
2026-04,12,26.279833333333332,120
2026-04,13,22.054,120
2026-04,14,17.931916666666666,120
2026-04,15,19.231333333333335,120
2026-04,16,28.303083333333333,120
2026-04,17,51.183,120
2026-04,18,97.73558333333334,120
2026-04,19,143.25383333333332,120
2026-04,20,174.19675,120
2026-04,21,177.33775,120
2026-04,22,159.1755,120
2026-04,23,133.42341666666667,120
2026-05,0,164.60661290322582,124
2026-05,1,147.28604838709677,124
2026-05,2,132.59612903225806,124
2026-05,3,127.9790322580645,124
2026-05,4,126.9124193548387,124
2026-05,5,130.30201612903227,124
2026-05,6,136.36282258064517,124
2026-05,7,136.07266129032257,124
2026-05,8,124.47798387096775,124
2026-05,9,100.03258064516129,124
2026-05,10,60.012661290322576,124
2026-05,11,36.01177419354839,124
2026-05,12,28.871693548387096,124
2026-05,13,25.350645161290323,124
2026-05,14,23.813548387096777,124
2026-05,15,26.802822580645163,124
2026-05,16,35.68524193548387,124
2026-05,17,60.475322580645155,124
2026-05,18,105.20201612903226,124
2026-05,19,150.9925,124
2026-05,20,184.76483870967743,124
2026-05,21,214.65112903225807,124
2026-05,22,187.34645161290322,124
2026-05,23,161.87709677419355,124
2026-06,0,153.04625,120
2026-06,1,138.37941666666666,120
2026-06,2,127.67691666666666,120
2026-06,3,121.89341666666665,120
2026-06,4,120.53433333333334,120
2026-06,5,120.47274999999999,120
2026-06,6,121.87433333333334,120
2026-06,7,124.01733333333333,120
2026-06,8,116.67508333333333,120
2026-06,9,100.69158333333333,120
2026-06,10,72.39241666666666,120
2026-06,11,52.347166666666666,120
2026-06,12,44.39416666666667,120
2026-06,13,38.54275,120
2026-06,14,35.564166666666665,120
2026-06,15,38.126416666666664,120
2026-06,16,51.187666666666665,120
2026-06,17,76.95033333333335,120
2026-06,18,113.29066666666668,120
2026-06,19,192.28875000000002,120
2026-06,20,251.2780833333333,120
2026-06,21,282.8834166666667,120
2026-06,22,260.24575,120
2026-06,23,194.28983333333332,120
2026-07,0,161.45032258064515,124
2026-07,1,151.8610483870968,124
2026-07,2,143.09354838709677,124
2026-07,3,136.95201612903224,124
2026-07,4,133.81064516129032,124
2026-07,5,134.83379032258065,124
2026-07,6,140.96725806451613,124
2026-07,7,146.8716129032258,124
2026-07,8,133.80790322580646,124
2026-07,9,95.4066935483871,124
2026-07,10,62.79064516129032,124
2026-07,11,49.82387096774193,124
2026-07,12,48.80112903225807,124
2026-07,13,44.80822580645162,124
2026-07,14,41.645241935483874,124
2026-07,15,42.236935483870965,124
2026-07,16,54.339919354838706,124
2026-07,17,81.12935483870969,124
2026-07,18,124.6657258064516,124
2026-07,19,175.71532258064516,124
2026-07,20,200.17580645161289,124
2026-07,21,206.03459677419355,124
2026-07,22,195.03370967741935,124
2026-07,23,178.90129032258062,124
2026-08,0,188.92088709677418,124
2026-08,1,178.67217741935482,124
2026-08,2,164.90193548387097,124
2026-08,3,158.51072580645163,124
2026-08,4,154.28862903225806,124
2026-08,5,154.34701612903226,124
2026-08,6,163.81370967741935,124
2026-08,7,174.33814516129033,124
2026-08,8,164.1509677419355,124
2026-08,9,143.01903225806453,124
2026-08,10,105.63395161290323,124
2026-08,11,84.13661290322581,124
2026-08,12,72.41008064516129,124
2026-08,13,66.14685483870967,124
2026-08,14,66.02435483870967,124
2026-08,15,73.50008064516129,124
2026-08,16,85.82177419354838,124
2026-08,17,121.43032258064517,124
2026-08,18,174.68387096774194,124
2026-08,19,216.70604838709676,124
2026-08,20,242.47016129032258,124
2026-08,21,243.95282258064518,124
2026-08,22,219.9202419354839,124
2026-08,23,208.6134677419355,124
