issue,date,member,sheet,native_hour_labels,expected_elapsed_hours,handling,source_id,location,count
SCADA_DST_OR_LABEL_UNRESOLVED,2025-03-30,2025/Consum SEN-SCADA martie 2025.xls,30.0,"['01', '02', '04', '05', '06', '07', '08', '09', '10', '11', '12', '13', '14', '15', '16', '17', '18', '19', '20', '21', '22', '23', '24']",23.0,preserve native; exclude whole day from provisional UTC analyses,,,
SCADA_DST_OR_LABEL_UNRESOLVED,2025-10-26,2025/Consum SEN-SCADA octombrie 2025.xls,26.0,"['01', '02', '03', '03 bis', '04', '05', '06', '07', '08', '09', '10', '11', '12', '13', '14', '15', '16', '17', '18', '19', '20', '21', '22', '23', '24']",25.0,preserve native; exclude whole day from provisional UTC analyses,,,
SCADA_HEADER_DATE_OUTSIDE_PERIOD,2027-06-17,2026/Consum SEN-SCADA iulie 2026.xls,17.0,,,source header retained; no filename-based correction; intended 2026-07-17 remains missing,,,
SCADA_DST_OR_LABEL_UNRESOLVED,2026-03-29,2026/Consum SEN-SCADA martie 2026.xls,29.0,"['01', '02', '04', '05', '06', '07', '08', '09', '10', '11', '12', '13', '14', '15', '16', '17', '18', '19', '20', '21', '22', '23', '24']",23.0,preserve native; exclude whole day from provisional UTC analyses,,,
COLLECTOR_INITIAL_FORMAT_GUESS,,,,,,"initial local collector default extension; raw receipt unchanged, actual signature in registry; not publisher error",TSO_GENERATION_ARCHIVE / CURRENT / INSTALLED_2026_0,receipts original.html vs actual ZIP/OLE bytes,
SETTLEMENT_MONTH_LABEL_URL_CONFLICT,,,,,,"catalog label and URL disagree; that particular body not verified, no silent month correction",TSO_FINAL_SETTLEMENT,Noiembrie 2025 VMA 21.01.2026 links filename EchSEN_202501,
H1_EXPORT_YEAR_LABEL_REPEATED,,,,,,"retain original labels; graph has 2025/2026 legend, no source prose relabel",TSO_H1_2026,PDF p24/printed20 physical export prose vs legend,
PROVIDER_SUM_NOT_EQUAL_DEMAND_TIMES_RATIO,,,,,,exact comparison not matched; source precision/provider scope/revisions unknown; HHI limited to matched subset,tenderStatistics all months,capacity_provider_sum_checks.csv,12125.0
BNR_XML_NAMESPACE_DIFFERENCE,,,,,,"accept both official namespaces, validate nonempty Cube each year; do not assume transition date",BNR_FX_2025 / 2026,root namespace http:// vs https://www.bnr.ro/xsd,
