date,product,issue,detail
2025-01-01,FCR,product_absent_from_hourly_report,No observed requirement or supplier quantities; not inferred zero market demand
2025-01-02,FCR,product_absent_from_hourly_report,No observed requirement or supplier quantities; not inferred zero market demand
2025-01-03,FCR,product_absent_from_hourly_report,No observed requirement or supplier quantities; not inferred zero market demand
2025-01-04,FCR,product_absent_from_hourly_report,No observed requirement or supplier quantities; not inferred zero market demand
2025-01-05,FCR,product_absent_from_hourly_report,No observed requirement or supplier quantities; not inferred zero market demand
2025-01-06,FCR,product_absent_from_hourly_report,No observed requirement or supplier quantities; not inferred zero market demand
2025-01-07,FCR,product_absent_from_hourly_report,No observed requirement or supplier quantities; not inferred zero market demand
2025-01-08,FCR,product_absent_from_hourly_report,No observed requirement or supplier quantities; not inferred zero market demand
2025-01-09,FCR,product_absent_from_hourly_report,No observed requirement or supplier quantities; not inferred zero market demand
2025-01-10,FCR,product_absent_from_hourly_report,No observed requirement or supplier quantities; not inferred zero market demand
2025-01-11,FCR,product_absent_from_hourly_report,No observed requirement or supplier quantities; not inferred zero market demand
2025-01-12,FCR,product_absent_from_hourly_report,No observed requirement or supplier quantities; not inferred zero market demand
2025-01-13,FCR,product_absent_from_hourly_report,No observed requirement or supplier quantities; not inferred zero market demand
2025-01-14,FCR,product_absent_from_hourly_report,No observed requirement or supplier quantities; not inferred zero market demand
2025-01-15,FCR,product_absent_from_hourly_report,No observed requirement or supplier quantities; not inferred zero market demand
2025-01-16,FCR,product_absent_from_hourly_report,No observed requirement or supplier quantities; not inferred zero market demand
2025-01-17,FCR,product_absent_from_hourly_report,No observed requirement or supplier quantities; not inferred zero market demand
2025-01-18,FCR,product_absent_from_hourly_report,No observed requirement or supplier quantities; not inferred zero market demand
2025-01-19,FCR,product_absent_from_hourly_report,No observed requirement or supplier quantities; not inferred zero market demand
2025-01-20,FCR,product_absent_from_hourly_report,No observed requirement or supplier quantities; not inferred zero market demand
2025-01-21,FCR,product_absent_from_hourly_report,No observed requirement or supplier quantities; not inferred zero market demand
2025-01-22,FCR,product_absent_from_hourly_report,No observed requirement or supplier quantities; not inferred zero market demand
2025-01-23,FCR,product_absent_from_hourly_report,No observed requirement or supplier quantities; not inferred zero market demand
2025-01-24,FCR,product_absent_from_hourly_report,No observed requirement or supplier quantities; not inferred zero market demand
2025-01-25,FCR,product_absent_from_hourly_report,No observed requirement or supplier quantities; not inferred zero market demand
2025-01-26,FCR,product_absent_from_hourly_report,No observed requirement or supplier quantities; not inferred zero market demand
2025-01-27,FCR,product_absent_from_hourly_report,No observed requirement or supplier quantities; not inferred zero market demand
2025-01-28,FCR,product_absent_from_hourly_report,No observed requirement or supplier quantities; not inferred zero market demand
2025-01-29,FCR,product_absent_from_hourly_report,No observed requirement or supplier quantities; not inferred zero market demand
2025-01-30,FCR,product_absent_from_hourly_report,No observed requirement or supplier quantities; not inferred zero market demand
2025-01-31,FCR,product_absent_from_hourly_report,No observed requirement or supplier quantities; not inferred zero market demand
2025-02-01,FCR,product_absent_from_hourly_report,No observed requirement or supplier quantities; not inferred zero market demand
2025-02-02,FCR,product_absent_from_hourly_report,No observed requirement or supplier quantities; not inferred zero market demand
2025-02-03,FCR,product_absent_from_hourly_report,No observed requirement or supplier quantities; not inferred zero market demand
2025-02-04,FCR,product_absent_from_hourly_report,No observed requirement or supplier quantities; not inferred zero market demand
2025-02-05,FCR,product_absent_from_hourly_report,No observed requirement or supplier quantities; not inferred zero market demand
2025-02-06,FCR,product_absent_from_hourly_report,No observed requirement or supplier quantities; not inferred zero market demand
2025-02-07,FCR,product_absent_from_hourly_report,No observed requirement or supplier quantities; not inferred zero market demand
2025-02-08,FCR,product_absent_from_hourly_report,No observed requirement or supplier quantities; not inferred zero market demand
2025-02-09,FCR,product_absent_from_hourly_report,No observed requirement or supplier quantities; not inferred zero market demand
2025-02-10,FCR,product_absent_from_hourly_report,No observed requirement or supplier quantities; not inferred zero market demand
2025-02-11,FCR,product_absent_from_hourly_report,No observed requirement or supplier quantities; not inferred zero market demand
2025-02-12,FCR,product_absent_from_hourly_report,No observed requirement or supplier quantities; not inferred zero market demand
2025-02-13,FCR,product_absent_from_hourly_report,No observed requirement or supplier quantities; not inferred zero market demand
2025-02-14,FCR,product_absent_from_hourly_report,No observed requirement or supplier quantities; not inferred zero market demand
2025-02-15,FCR,product_absent_from_hourly_report,No observed requirement or supplier quantities; not inferred zero market demand
2025-02-16,FCR,product_absent_from_hourly_report,No observed requirement or supplier quantities; not inferred zero market demand
2025-02-17,FCR,product_absent_from_hourly_report,No observed requirement or supplier quantities; not inferred zero market demand
2025-02-18,FCR,product_absent_from_hourly_report,No observed requirement or supplier quantities; not inferred zero market demand
2025-02-19,FCR,product_absent_from_hourly_report,No observed requirement or supplier quantities; not inferred zero market demand
2025-02-20,FCR,product_absent_from_hourly_report,No observed requirement or supplier quantities; not inferred zero market demand
2025-02-21,FCR,product_absent_from_hourly_report,No observed requirement or supplier quantities; not inferred zero market demand
2025-02-22,FCR,product_absent_from_hourly_report,No observed requirement or supplier quantities; not inferred zero market demand
2025-02-23,FCR,product_absent_from_hourly_report,No observed requirement or supplier quantities; not inferred zero market demand
2025-02-24,FCR,product_absent_from_hourly_report,No observed requirement or supplier quantities; not inferred zero market demand
2025-02-25,FCR,product_absent_from_hourly_report,No observed requirement or supplier quantities; not inferred zero market demand
2025-02-26,FCR,product_absent_from_hourly_report,No observed requirement or supplier quantities; not inferred zero market demand
2025-02-27,FCR,product_absent_from_hourly_report,No observed requirement or supplier quantities; not inferred zero market demand
2025-02-28,FCR,product_absent_from_hourly_report,No observed requirement or supplier quantities; not inferred zero market demand
2025-03-01,FCR,product_absent_from_hourly_report,No observed requirement or supplier quantities; not inferred zero market demand
2025-03-02,FCR,product_absent_from_hourly_report,No observed requirement or supplier quantities; not inferred zero market demand
2025-03-03,FCR,product_absent_from_hourly_report,No observed requirement or supplier quantities; not inferred zero market demand
2025-03-04,FCR,product_absent_from_hourly_report,No observed requirement or supplier quantities; not inferred zero market demand
2025-03-05,FCR,product_absent_from_hourly_report,No observed requirement or supplier quantities; not inferred zero market demand
2025-03-06,FCR,product_absent_from_hourly_report,No observed requirement or supplier quantities; not inferred zero market demand
2025-03-07,FCR,product_absent_from_hourly_report,No observed requirement or supplier quantities; not inferred zero market demand
2025-03-08,FCR,product_absent_from_hourly_report,No observed requirement or supplier quantities; not inferred zero market demand
2025-03-09,FCR,product_absent_from_hourly_report,No observed requirement or supplier quantities; not inferred zero market demand
2025-03-10,FCR,product_absent_from_hourly_report,No observed requirement or supplier quantities; not inferred zero market demand
2025-03-11,FCR,product_absent_from_hourly_report,No observed requirement or supplier quantities; not inferred zero market demand
2025-03-12,FCR,product_absent_from_hourly_report,No observed requirement or supplier quantities; not inferred zero market demand
2025-03-13,FCR,product_absent_from_hourly_report,No observed requirement or supplier quantities; not inferred zero market demand
2025-03-14,FCR,product_absent_from_hourly_report,No observed requirement or supplier quantities; not inferred zero market demand
2025-03-15,FCR,product_absent_from_hourly_report,No observed requirement or supplier quantities; not inferred zero market demand
2025-03-16,FCR,product_absent_from_hourly_report,No observed requirement or supplier quantities; not inferred zero market demand
2025-03-17,FCR,product_absent_from_hourly_report,No observed requirement or supplier quantities; not inferred zero market demand
2025-03-18,FCR,product_absent_from_hourly_report,No observed requirement or supplier quantities; not inferred zero market demand
2025-03-19,FCR,product_absent_from_hourly_report,No observed requirement or supplier quantities; not inferred zero market demand
2025-03-20,FCR,product_absent_from_hourly_report,No observed requirement or supplier quantities; not inferred zero market demand
2025-03-21,FCR,product_absent_from_hourly_report,No observed requirement or supplier quantities; not inferred zero market demand
2025-03-22,FCR,product_absent_from_hourly_report,No observed requirement or supplier quantities; not inferred zero market demand
2025-03-23,FCR,product_absent_from_hourly_report,No observed requirement or supplier quantities; not inferred zero market demand
2025-03-24,FCR,product_absent_from_hourly_report,No observed requirement or supplier quantities; not inferred zero market demand
2025-03-25,FCR,product_absent_from_hourly_report,No observed requirement or supplier quantities; not inferred zero market demand
2025-03-26,FCR,product_absent_from_hourly_report,No observed requirement or supplier quantities; not inferred zero market demand
2025-03-27,FCR,product_absent_from_hourly_report,No observed requirement or supplier quantities; not inferred zero market demand
2025-03-28,FCR,product_absent_from_hourly_report,No observed requirement or supplier quantities; not inferred zero market demand
2025-03-29,FCR,product_absent_from_hourly_report,No observed requirement or supplier quantities; not inferred zero market demand
2025-03-30,FCR,product_absent_from_hourly_report,No observed requirement or supplier quantities; not inferred zero market demand
2025-03-31,FCR,product_absent_from_hourly_report,No observed requirement or supplier quantities; not inferred zero market demand
2025-04-01,FCR,product_absent_from_hourly_report,No observed requirement or supplier quantities; not inferred zero market demand
2025-04-02,FCR,product_absent_from_hourly_report,No observed requirement or supplier quantities; not inferred zero market demand
2025-04-03,FCR,product_absent_from_hourly_report,No observed requirement or supplier quantities; not inferred zero market demand
2025-04-04,FCR,product_absent_from_hourly_report,No observed requirement or supplier quantities; not inferred zero market demand
2025-04-05,FCR,product_absent_from_hourly_report,No observed requirement or supplier quantities; not inferred zero market demand
2025-04-06,FCR,product_absent_from_hourly_report,No observed requirement or supplier quantities; not inferred zero market demand
2025-04-07,FCR,product_absent_from_hourly_report,No observed requirement or supplier quantities; not inferred zero market demand
2025-04-08,FCR,product_absent_from_hourly_report,No observed requirement or supplier quantities; not inferred zero market demand
2025-04-09,FCR,product_absent_from_hourly_report,No observed requirement or supplier quantities; not inferred zero market demand
2025-04-10,FCR,product_absent_from_hourly_report,No observed requirement or supplier quantities; not inferred zero market demand
2025-04-11,FCR,product_absent_from_hourly_report,No observed requirement or supplier quantities; not inferred zero market demand
2025-04-12,FCR,product_absent_from_hourly_report,No observed requirement or supplier quantities; not inferred zero market demand
2025-04-13,FCR,product_absent_from_hourly_report,No observed requirement or supplier quantities; not inferred zero market demand
2025-04-14,FCR,product_absent_from_hourly_report,No observed requirement or supplier quantities; not inferred zero market demand
2025-04-15,FCR,product_absent_from_hourly_report,No observed requirement or supplier quantities; not inferred zero market demand
2025-04-16,FCR,product_absent_from_hourly_report,No observed requirement or supplier quantities; not inferred zero market demand
2025-04-17,FCR,product_absent_from_hourly_report,No observed requirement or supplier quantities; not inferred zero market demand
2025-04-18,FCR,product_absent_from_hourly_report,No observed requirement or supplier quantities; not inferred zero market demand
2025-04-19,FCR,product_absent_from_hourly_report,No observed requirement or supplier quantities; not inferred zero market demand
2025-04-20,FCR,product_absent_from_hourly_report,No observed requirement or supplier quantities; not inferred zero market demand
2025-04-21,FCR,product_absent_from_hourly_report,No observed requirement or supplier quantities; not inferred zero market demand
2025-04-22,FCR,product_absent_from_hourly_report,No observed requirement or supplier quantities; not inferred zero market demand
2025-04-23,FCR,product_absent_from_hourly_report,No observed requirement or supplier quantities; not inferred zero market demand
2025-04-24,FCR,product_absent_from_hourly_report,No observed requirement or supplier quantities; not inferred zero market demand
2025-04-25,FCR,product_absent_from_hourly_report,No observed requirement or supplier quantities; not inferred zero market demand
2025-04-26,FCR,product_absent_from_hourly_report,No observed requirement or supplier quantities; not inferred zero market demand
2025-04-27,FCR,product_absent_from_hourly_report,No observed requirement or supplier quantities; not inferred zero market demand
2025-04-28,FCR,product_absent_from_hourly_report,No observed requirement or supplier quantities; not inferred zero market demand
2025-04-29,FCR,product_absent_from_hourly_report,No observed requirement or supplier quantities; not inferred zero market demand
2025-04-30,FCR,product_absent_from_hourly_report,No observed requirement or supplier quantities; not inferred zero market demand
2025-05-01,FCR,product_absent_from_hourly_report,No observed requirement or supplier quantities; not inferred zero market demand
2025-05-02,FCR,product_absent_from_hourly_report,No observed requirement or supplier quantities; not inferred zero market demand
2025-05-03,FCR,product_absent_from_hourly_report,No observed requirement or supplier quantities; not inferred zero market demand
2025-05-04,FCR,product_absent_from_hourly_report,No observed requirement or supplier quantities; not inferred zero market demand
2025-05-05,FCR,product_absent_from_hourly_report,No observed requirement or supplier quantities; not inferred zero market demand
2025-05-06,FCR,product_absent_from_hourly_report,No observed requirement or supplier quantities; not inferred zero market demand
2025-05-07,FCR,product_absent_from_hourly_report,No observed requirement or supplier quantities; not inferred zero market demand
2025-05-08,FCR,product_absent_from_hourly_report,No observed requirement or supplier quantities; not inferred zero market demand
2025-05-09,FCR,product_absent_from_hourly_report,No observed requirement or supplier quantities; not inferred zero market demand
2025-05-10,FCR,product_absent_from_hourly_report,No observed requirement or supplier quantities; not inferred zero market demand
2025-05-11,FCR,product_absent_from_hourly_report,No observed requirement or supplier quantities; not inferred zero market demand
2025-05-12,FCR,product_absent_from_hourly_report,No observed requirement or supplier quantities; not inferred zero market demand
2025-05-13,FCR,product_absent_from_hourly_report,No observed requirement or supplier quantities; not inferred zero market demand
2025-05-14,FCR,product_absent_from_hourly_report,No observed requirement or supplier quantities; not inferred zero market demand
2025-05-15,FCR,product_absent_from_hourly_report,No observed requirement or supplier quantities; not inferred zero market demand
2025-05-16,FCR,product_absent_from_hourly_report,No observed requirement or supplier quantities; not inferred zero market demand
2025-05-17,FCR,product_absent_from_hourly_report,No observed requirement or supplier quantities; not inferred zero market demand
2025-05-18,FCR,product_absent_from_hourly_report,No observed requirement or supplier quantities; not inferred zero market demand
2025-05-19,FCR,product_absent_from_hourly_report,No observed requirement or supplier quantities; not inferred zero market demand
2025-05-20,FCR,product_absent_from_hourly_report,No observed requirement or supplier quantities; not inferred zero market demand
2025-05-21,FCR,product_absent_from_hourly_report,No observed requirement or supplier quantities; not inferred zero market demand
2025-05-22,FCR,product_absent_from_hourly_report,No observed requirement or supplier quantities; not inferred zero market demand
2025-05-23,FCR,product_absent_from_hourly_report,No observed requirement or supplier quantities; not inferred zero market demand
2025-05-24,FCR,product_absent_from_hourly_report,No observed requirement or supplier quantities; not inferred zero market demand
2025-05-25,FCR,product_absent_from_hourly_report,No observed requirement or supplier quantities; not inferred zero market demand
2025-05-26,FCR,product_absent_from_hourly_report,No observed requirement or supplier quantities; not inferred zero market demand
2025-05-27,FCR,product_absent_from_hourly_report,No observed requirement or supplier quantities; not inferred zero market demand
2025-05-28,FCR,product_absent_from_hourly_report,No observed requirement or supplier quantities; not inferred zero market demand
2025-05-29,FCR,product_absent_from_hourly_report,No observed requirement or supplier quantities; not inferred zero market demand
2025-05-30,FCR,product_absent_from_hourly_report,No observed requirement or supplier quantities; not inferred zero market demand
2025-05-31,FCR,product_absent_from_hourly_report,No observed requirement or supplier quantities; not inferred zero market demand
2025-06-01,FCR,product_absent_from_hourly_report,No observed requirement or supplier quantities; not inferred zero market demand
2025-06-02,FCR,product_absent_from_hourly_report,No observed requirement or supplier quantities; not inferred zero market demand
2025-06-03,FCR,product_absent_from_hourly_report,No observed requirement or supplier quantities; not inferred zero market demand
2025-06-04,FCR,product_absent_from_hourly_report,No observed requirement or supplier quantities; not inferred zero market demand
2025-06-05,FCR,product_absent_from_hourly_report,No observed requirement or supplier quantities; not inferred zero market demand
2025-06-06,FCR,product_absent_from_hourly_report,No observed requirement or supplier quantities; not inferred zero market demand
2025-10-23,FCR,product_absent_from_hourly_report,No observed requirement or supplier quantities; not inferred zero market demand
2025-10-23,aFRRUp,daily_hourly_supplier_set_mismatch,Cannot reconcile
2025-10-23,aFRRDown,daily_hourly_supplier_set_mismatch,Cannot reconcile
2025-11-20,aFRRUp,product_absent_from_hourly_report,No observed requirement or supplier quantities; not inferred zero market demand
2025-11-20,aFRRDown,product_absent_from_hourly_report,No observed requirement or supplier quantities; not inferred zero market demand
2025-11-21,FCR,product_absent_from_hourly_report,No observed requirement or supplier quantities; not inferred zero market demand
2025-11-21,aFRRUp,daily_hourly_supplier_set_mismatch,Cannot reconcile
2025-11-21,aFRRDown,daily_hourly_supplier_set_mismatch,Cannot reconcile
2025-11-22,FCR,daily_hourly_supplier_set_mismatch,Cannot reconcile
2025-11-22,aFRRUp,product_absent_from_hourly_report,No observed requirement or supplier quantities; not inferred zero market demand
2025-11-22,aFRRDown,product_absent_from_hourly_report,No observed requirement or supplier quantities; not inferred zero market demand
2025-11-23,FCR,product_absent_from_hourly_report,No observed requirement or supplier quantities; not inferred zero market demand
2025-11-24,FCR,product_absent_from_hourly_report,No observed requirement or supplier quantities; not inferred zero market demand
2025-11-27,FCR,product_absent_from_hourly_report,No observed requirement or supplier quantities; not inferred zero market demand
2025-12-18,aFRRUp,product_absent_from_hourly_report,No observed requirement or supplier quantities; not inferred zero market demand
2025-12-18,aFRRDown,product_absent_from_hourly_report,No observed requirement or supplier quantities; not inferred zero market demand
2025-12-19,FCR,product_absent_from_hourly_report,No observed requirement or supplier quantities; not inferred zero market demand
2025-12-20,FCR,product_absent_from_hourly_report,No observed requirement or supplier quantities; not inferred zero market demand
2025-12-20,aFRRUp,daily_hourly_supplier_set_mismatch,Cannot reconcile
2025-12-20,aFRRDown,daily_hourly_supplier_set_mismatch,Cannot reconcile
2025-12-21,FCR,product_absent_from_hourly_report,No observed requirement or supplier quantities; not inferred zero market demand
2025-12-22,FCR,product_absent_from_hourly_report,No observed requirement or supplier quantities; not inferred zero market demand
2025-12-23,FCR,product_absent_from_hourly_report,No observed requirement or supplier quantities; not inferred zero market demand
2025-12-24,FCR,product_absent_from_hourly_report,No observed requirement or supplier quantities; not inferred zero market demand
2025-12-25,FCR,product_absent_from_hourly_report,No observed requirement or supplier quantities; not inferred zero market demand
2025-12-26,FCR,product_absent_from_hourly_report,No observed requirement or supplier quantities; not inferred zero market demand
2025-12-27,FCR,product_absent_from_hourly_report,No observed requirement or supplier quantities; not inferred zero market demand
2025-12-28,FCR,product_absent_from_hourly_report,No observed requirement or supplier quantities; not inferred zero market demand
2025-12-29,FCR,product_absent_from_hourly_report,No observed requirement or supplier quantities; not inferred zero market demand
2026-03-28,FCR,product_absent_from_hourly_report,No observed requirement or supplier quantities; not inferred zero market demand
2026-03-29,FCR,product_absent_from_hourly_report,No observed requirement or supplier quantities; not inferred zero market demand
2026-03-30,FCR,product_absent_from_hourly_report,No observed requirement or supplier quantities; not inferred zero market demand
2026-03-31,FCR,product_absent_from_hourly_report,No observed requirement or supplier quantities; not inferred zero market demand
2026-04-01,FCR,product_absent_from_hourly_report,No observed requirement or supplier quantities; not inferred zero market demand
2026-04-02,FCR,product_absent_from_hourly_report,No observed requirement or supplier quantities; not inferred zero market demand
2026-04-04,FCR,product_absent_from_hourly_report,No observed requirement or supplier quantities; not inferred zero market demand
2026-04-05,FCR,product_absent_from_hourly_report,No observed requirement or supplier quantities; not inferred zero market demand
2026-04-06,FCR,product_absent_from_hourly_report,No observed requirement or supplier quantities; not inferred zero market demand
2026-04-07,FCR,product_absent_from_hourly_report,No observed requirement or supplier quantities; not inferred zero market demand
2026-04-08,FCR,product_absent_from_hourly_report,No observed requirement or supplier quantities; not inferred zero market demand
2026-04-09,FCR,product_absent_from_hourly_report,No observed requirement or supplier quantities; not inferred zero market demand
2026-04-10,FCR,product_absent_from_hourly_report,No observed requirement or supplier quantities; not inferred zero market demand
2026-04-11,FCR,product_absent_from_hourly_report,No observed requirement or supplier quantities; not inferred zero market demand
2026-04-12,FCR,product_absent_from_hourly_report,No observed requirement or supplier quantities; not inferred zero market demand
2026-04-13,FCR,product_absent_from_hourly_report,No observed requirement or supplier quantities; not inferred zero market demand
2026-04-14,FCR,product_absent_from_hourly_report,No observed requirement or supplier quantities; not inferred zero market demand
2026-04-15,FCR,product_absent_from_hourly_report,No observed requirement or supplier quantities; not inferred zero market demand
2026-04-16,FCR,product_absent_from_hourly_report,No observed requirement or supplier quantities; not inferred zero market demand
