month,product,expected_days,valid_days,expected_hours,valid_hours,demand_min_mw,demand_max_mw
2025-01,FCR,31,0,744,0,,
2025-01,aFRRUp,31,31,744,744,200.0,200.0
2025-01,aFRRDown,31,31,744,744,200.0,200.0
2025-02,FCR,28,0,672,0,,
2025-02,aFRRUp,28,28,672,672,200.0,200.0
2025-02,aFRRDown,28,28,672,672,200.0,200.0
2025-03,FCR,31,0,743,0,,
2025-03,aFRRUp,31,31,743,743,200.0,200.0
2025-03,aFRRDown,31,31,743,743,200.0,200.0
2025-04,FCR,30,0,720,0,,
2025-04,aFRRUp,30,30,720,720,200.0,200.0
2025-04,aFRRDown,30,30,720,720,200.0,200.0
2025-05,FCR,31,0,744,0,,
2025-05,aFRRUp,31,31,744,744,200.0,200.0
2025-05,aFRRDown,31,31,744,744,200.0,200.0
2025-06,FCR,30,24,720,576,116.0,116.0
2025-06,aFRRUp,30,30,720,720,200.0,200.0
2025-06,aFRRDown,30,30,720,720,200.0,200.0
2025-07,FCR,31,31,744,744,116.0,116.0
2025-07,aFRRUp,31,31,744,744,200.0,200.0
2025-07,aFRRDown,31,31,744,744,200.0,200.0
2025-08,FCR,31,31,744,744,116.0,116.0
2025-08,aFRRUp,31,31,744,744,200.0,200.0
2025-08,aFRRDown,31,31,744,744,200.0,200.0
2025-09,FCR,30,30,720,720,116.0,116.0
2025-09,aFRRUp,30,30,720,720,200.0,200.0
2025-09,aFRRDown,30,30,720,720,200.0,200.0
2025-10,FCR,31,30,745,721,116.0,116.0
2025-10,aFRRUp,31,30,745,721,175.0,200.0
2025-10,aFRRDown,31,30,745,721,175.0,200.0
2025-11,FCR,30,25,720,600,116.0,116.0
2025-11,aFRRUp,30,27,720,648,175.0,175.0
2025-11,aFRRDown,30,27,720,648,175.0,175.0
2025-12,FCR,31,20,744,480,116.0,116.0
2025-12,aFRRUp,31,29,744,696,175.0,175.0
2025-12,aFRRDown,31,29,744,696,175.0,175.0
2026-01,FCR,31,31,744,744,128.0,128.0
2026-01,aFRRUp,31,31,744,744,175.0,175.0
2026-01,aFRRDown,31,31,744,744,175.0,175.0
2026-02,FCR,28,28,672,672,128.0,128.0
2026-02,aFRRUp,28,28,672,672,175.0,175.0
2026-02,aFRRDown,28,28,672,672,175.0,175.0
2026-03,FCR,31,27,743,648,128.0,128.0
2026-03,aFRRUp,31,31,743,743,175.0,175.0
2026-03,aFRRDown,31,31,743,743,175.0,175.0
2026-04,FCR,30,10,720,240,128.0,128.0
2026-04,aFRRUp,30,25,720,600,175.0,175.0
2026-04,aFRRDown,30,25,720,600,175.0,175.0
2026-05,FCR,31,0,744,0,,
2026-05,aFRRUp,31,0,744,0,,
2026-05,aFRRDown,31,0,744,0,,
2026-06,FCR,30,0,720,0,,
2026-06,aFRRUp,30,0,720,0,,
2026-06,aFRRDown,30,0,720,0,,
2026-07,FCR,31,0,744,0,,
2026-07,aFRRUp,31,0,744,0,,
2026-07,aFRRDown,31,0,744,0,,
2026-08,FCR,31,31,744,744,128.0,128.0
2026-08,aFRRUp,31,31,744,744,175.0,175.0
2026-08,aFRRDown,31,31,744,744,175.0,175.0
