date,kind,url,filename_note
2026-07-31,ansTenderResults,https://www.transelectrica.ro/documents/10179/23297192/ansTenderResults_31.07.2026.xlsx/9dfe84f3-393d-49eb-8a50-67b76cc982f6,
2026-07-31,ansContractPurchasedReserves,https://www.transelectrica.ro/documents/10179/23297192/ansContractPurchasedReserves_31.07.2026.xlsx/044bc2c2-85e2-444a-ad6a-a7946a790879,
2026-07-30,ansTenderResults,https://www.transelectrica.ro/documents/10179/23289594/ansTenderResults_30.07.2026.xlsx/7c901dc3-770e-4cdc-bb8f-a4f1e5599ecc,
2026-07-30,ansContractPurchasedReserves,https://www.transelectrica.ro/documents/10179/23289594/ansContractPurchasedReserves_30.07.2026.xlsx/fd9ed1b8-44df-417f-a977-04bf98628615,
2026-07-29,ansTenderResults,https://www.transelectrica.ro/documents/10179/23281382/ansTenderResults_29.07.2026.xlsx/4127f542-fb42-467b-b51f-819109ad09d9,
2026-07-29,ansContractPurchasedReserves,https://www.transelectrica.ro/documents/10179/23281382/ansContractPurchasedReserves_29.07.2026.xlsx/1a13f4ea-57a8-4a16-bc3b-b8a489474794,
2026-07-28,ansTenderResults,https://www.transelectrica.ro/documents/10179/23240346/ansTenderResults_28.07.2026.xlsx/acf0a2cc-8e9b-400b-be9c-eb695b6d507e,
2026-07-28,ansContractPurchasedReserves,https://www.transelectrica.ro/documents/10179/23240346/ansContractPurchasedReserves_28.07.2026.xlsx/1a25b7ed-ea09-4a2d-b198-3e0b3068761b,
2026-07-27,ansTenderResults,https://www.transelectrica.ro/documents/10179/23240331/ansTenderResults_27.07.2026.xlsx/5f472904-f5b3-4d38-8071-8cfbecccc6a8,
2026-07-27,ansContractPurchasedReserves,https://www.transelectrica.ro/documents/10179/23240331/ansContractPurchasedReserves_27.07.2026.xlsx/7477a57d-e8e5-4fb5-b733-71077baea45d,
2026-07-26,ansTenderResults,https://www.transelectrica.ro/documents/10179/23240316/ansTenderResults_26.07.2026.xlsx/31189450-12c8-492d-994e-811903e4ffde,
2026-07-26,ansContractPurchasedReserves,https://www.transelectrica.ro/documents/10179/23240316/ansContractPurchasedReserves_26.07.2026.xlsx/b55562a1-95b1-42a9-a8c7-23b309546742,
2026-07-25,ansTenderResults,https://www.transelectrica.ro/documents/10179/23240301/ansTenderResults_25.07.2026.xlsx/d3f0ed5d-df21-4f22-85cc-11ab53d1d426,
2026-07-25,ansContractPurchasedReserves,https://www.transelectrica.ro/documents/10179/23240301/ansContractPurchasedReserves_25.07.2026.xlsx/5d0b2fe8-d485-452b-a6d8-0b06f13a2953,
2026-07-24,ansTenderResults,https://www.transelectrica.ro/documents/10179/23232360/ansTenderResults_24.07.2026.xlsx/a1221ad8-6b16-4d54-8869-1d65790daae3,
2026-07-24,ansContractPurchasedReserves,https://www.transelectrica.ro/documents/10179/23232360/ansContractPurchasedReserves_24.07.2026.xlsx/0b450c04-bf3c-4ee2-8be0-25124a2adc10,
2026-07-23,ansTenderResults,https://www.transelectrica.ro/documents/10179/23217950/ansTenderResults_23.07.2026.xlsx/adfd2b02-71b2-4a91-a710-bdb30d64a828,
2026-07-23,ansContractPurchasedReserves,https://www.transelectrica.ro/documents/10179/23217950/ansContractPurchasedReserves_23.07.2026.xlsx/03a929b7-2273-480e-bef4-2cc7fa1540a0,
2026-07-22,ansTenderResults,https://www.transelectrica.ro/documents/10179/23173030/ansTenderResults_22.07.2026.xlsx/99b72752-590d-45bf-aba4-f234bcae3e17,
2026-07-22,ansContractPurchasedReserves,https://www.transelectrica.ro/documents/10179/23173030/ansContractPurchasedReserves_22.07.2026.xlsx/16bb3d55-92b6-4773-85ec-d1b84512906c,
2026-07-21,ansTenderResults,https://www.transelectrica.ro/documents/10179/23173017/ansTenderResults_21.07.2026.xlsx/e46d28f6-d0b8-4f7b-ac47-66f1af77d075,
2026-07-21,ansContractPurchasedReserves,https://www.transelectrica.ro/documents/10179/23173017/ansContractPurchasedReserves_21.07.2026.xlsx/de496296-e949-4761-97ee-a7c245e34013,
2026-07-20,ansTenderResults,https://www.transelectrica.ro/documents/10179/23173006/ansTenderResults_20.07.2026.xlsx/11faa216-c4d8-43b4-b5b5-daafc5e3448e,
2026-07-20,ansContractPurchasedReserves,https://www.transelectrica.ro/documents/10179/23173006/ansContractPurchasedReserves_20.07.2026.xlsx/57c92527-b747-46f7-9c2c-803f3bfc9797,
2026-07-19,ansTenderResults,https://www.transelectrica.ro/documents/10179/23172991/ansTenderResults_19.07.2026.xlsx/9ea2fb51-fb88-4c96-a861-deb3ceff2709,
2026-07-19,ansContractPurchasedReserves,https://www.transelectrica.ro/documents/10179/23172991/ansContractPurchasedReserves_19.07.2026.xlsx/553694bc-2d74-4138-a013-c07a10ff3198,
2026-07-18,ansTenderResults,https://www.transelectrica.ro/documents/10179/23172980/ansTenderResults_18.07.2026.xlsx/f863ac81-62cb-470f-8739-dfc9a9e3547d,
2026-07-18,ansContractPurchasedReserves,https://www.transelectrica.ro/documents/10179/23172980/ansContractPurchasedReserves_18.07.2026.xlsx/8a9f4fb8-cd73-4b06-98d6-9010a70d6a25,
2026-07-17,ansTenderResults,https://www.transelectrica.ro/documents/10179/23165039/ansTenderResults_17.07.2026.xlsx/74d3dda7-6389-4e6d-ad3d-c21a0da40758,
2026-07-17,ansContractPurchasedReserves,https://www.transelectrica.ro/documents/10179/23165039/ansContractPurchasedReserves_17.07.2026.xlsx/aa0763ac-2e3a-4321-a6f8-5480274d6dfc,
2026-07-16,ansTenderResults,https://www.transelectrica.ro/documents/10179/23157212/ansTenderResults_16.07.2026.xlsx/77d30aa8-19dc-4101-b18b-f205c6f48354,
2026-07-16,ansContractPurchasedReserves,https://www.transelectrica.ro/documents/10179/23157212/ansContractPurchasedReserves_16.07.2026.xlsx/23404f49-d8cf-4bf6-93a6-49fb57446e6a,
2026-07-15,ansTenderResults,https://www.transelectrica.ro/documents/10179/23149641/ansTenderResults_15.07.2026.xlsx/1a4c4b02-86b7-45d0-b8a3-3b1558d5de53,
2026-07-15,ansContractPurchasedReserves,https://www.transelectrica.ro/documents/10179/23149641/ansContractPurchasedReserves_15.07.2026.xlsx/b6561c9d-bd81-47b2-afb1-592f7f995d02,
2026-07-14,ansTenderResults,https://www.transelectrica.ro/documents/10179/23017442/ansTenderResults_14.07.2026.xlsx/d3b51420-8fa6-47ee-96d2-a3f8a7c79c6b,
2026-07-14,ansContractPurchasedReserves,https://www.transelectrica.ro/documents/10179/23017442/ansContractPurchasedReserves_14.07.2026.xlsx/eac135fe-f3ec-418c-9df8-916388a993ea,
2026-07-13,ansTenderResults,https://www.transelectrica.ro/documents/10179/23017427/ansTenderResults_13.07.2026.xlsx/94839ca2-91e7-426f-98b9-70f396308723,
2026-07-13,ansContractPurchasedReserves,https://www.transelectrica.ro/documents/10179/23017427/ansContractPurchasedReserves_13.07.2026.xlsx/85e4ea94-4ceb-49f1-af39-64cb2104751b,
2026-07-12,ansTenderResults,https://www.transelectrica.ro/documents/10179/23017412/ansTenderResults_12.07.2026.xlsx/ad5d48fd-9240-4a44-a567-e7a097091684,
2026-07-12,ansContractPurchasedReserves,https://www.transelectrica.ro/documents/10179/23017412/ansContractPurchasedReserves_12.07.2026.xlsx/ce515509-4da6-4074-8c33-c1c4d873f097,
2026-07-11,ansTenderResults,https://www.transelectrica.ro/documents/10179/23017397/ansTenderResults_11.07.2026.xlsx/f3beb2f0-3ce8-44e0-9492-d220d75e613b,
2026-07-11,ansContractPurchasedReserves,https://www.transelectrica.ro/documents/10179/23017397/ansContractPurchasedReserves_11.07.2026.xlsx/f8ee5a32-72cc-4abc-a8ac-37e96ef2a159,
2026-07-10,ansTenderResults,https://www.transelectrica.ro/documents/10179/23017382/ansTenderResults_10.07.2026.xlsx/aa199dbb-af7f-498f-a2b2-fac7c0e05927,
2026-07-10,ansContractPurchasedReserves,https://www.transelectrica.ro/documents/10179/23017382/ansContractPurchasedReserves_10.07.2026.xlsx/779b8806-7cc8-4f5b-b5b1-0d8151238391,
2026-07-09,ansTenderResults,https://www.transelectrica.ro/documents/10179/23017367/ansTenderResults_09.07.2026.xlsx/efd75823-5913-4cb1-b004-8337d128e8eb,
2026-07-09,ansContractPurchasedReserves,https://www.transelectrica.ro/documents/10179/23017367/ansContractPurchasedReserves_09.07.2026.xlsx/199cb050-1e88-4d03-8fa2-6279e8e27b34,
2026-07-08,ansTenderResults,https://www.transelectrica.ro/documents/10179/23017352/ansTenderResults_08.07.2026.xlsx/b6872ff2-f0a8-42a4-b673-0f2b9903ae9f,
2026-07-08,ansContractPurchasedReserves,https://www.transelectrica.ro/documents/10179/23017352/ansContractPurchasedReserves_08.07.2026.xlsx/d4a016b7-633e-4892-9b62-5a62df72fe8e,
2026-07-07,ansTenderResults,https://www.transelectrica.ro/documents/10179/23017337/ansTenderResults_07.07.2026.xlsx/d5435406-ef1f-4248-9612-b5619bd7cc18,
2026-07-07,ansContractPurchasedReserves,https://www.transelectrica.ro/documents/10179/23017337/ansContractPurchasedReserves_07.07.2026.xlsx/c8ef760b-6479-48fb-bd3d-75a5244db280,
2026-07-06,ansTenderResults,https://www.transelectrica.ro/documents/10179/23017322/ansTenderResults_06.07.2026.xlsx/3840222b-81d8-4ccc-951d-18aca1f872e6,
2026-07-06,ansContractPurchasedReserves,https://www.transelectrica.ro/documents/10179/23017322/ansContractPurchasedReserves_06.07.2026.xlsx/c7d861aa-7a78-48df-afd2-553805d9d22d,
2026-07-05,ansTenderResults,https://www.transelectrica.ro/documents/10179/23017307/ansTenderResults_05.07.2026.xlsx/d4c8ff44-7850-4a21-a6e8-555d55b82aa9,
2026-07-05,ansContractPurchasedReserves,https://www.transelectrica.ro/documents/10179/23017307/ansContractPurchasedReserves_05.07.2026.xlsx/66db165c-8cf8-4a74-8a12-b598f64c535e,
2026-07-04,ansTenderResults,https://www.transelectrica.ro/documents/10179/23017192/ansTenderResults_04.07.2026.xlsx/1680bd29-3cee-4405-b19c-314e718891ae,
2026-07-04,ansContractPurchasedReserves,https://www.transelectrica.ro/documents/10179/23017192/ansContractPurchasedReserves_04.07.2026.xlsx/a862a2f8-5dea-414d-9282-a2265fd1934b,
2026-07-03,ansTenderResults,https://www.transelectrica.ro/documents/10179/23016893/ansTenderResults_03.07.2026.xlsx/acbf708b-6f28-49f6-8290-6747a2b34ea1,
2026-07-03,ansContractPurchasedReserves,https://www.transelectrica.ro/documents/10179/23016893/ansContractPurchasedReserves_03.07.2026.xlsx/43fcde48-ae62-4374-934a-2c58e6f0c065,
2026-07-02,ansTenderResults,https://www.transelectrica.ro/documents/10179/23001274/ansTenderResults_02.07.2026.xlsx/b5071279-bb0f-447b-853d-66b415bd4852,
2026-07-02,ansContractPurchasedReserves,https://www.transelectrica.ro/documents/10179/23001274/ansContractPurchasedReserves_02.07.2026.xlsx/5ae2ee29-69fa-4174-9f46-b8d5c872ff35,
2026-07-01,ansTenderResults,https://www.transelectrica.ro/documents/10179/22994556/ansTenderResults_01.07.2026.xlsx/71d0ade0-0762-4bf7-89c0-b945b8c4460a,
2026-07-01,ansContractPurchasedReserves,https://www.transelectrica.ro/documents/10179/22994556/ansContractPurchasedReserves_01.07.2026.xlsx/c065b662-81eb-49d9-aa96-0f8d07221cfa,
2026-06-30,ansTenderResults,https://www.transelectrica.ro/documents/10179/22964837/ansTenderResults_30.06.2026.xlsx/aae0d9b0-4667-49d6-b11b-d6b21898f88e,
2026-06-30,ansContractPurchasedReserves,https://www.transelectrica.ro/documents/10179/22964837/ansContractPurchasedReserves_30.06.2026.xlsx/a2b0968b-ed77-48bd-a726-d1a104fe1950,
2026-06-29,ansTenderResults,https://www.transelectrica.ro/documents/10179/22964821/ansTenderResults_29.06.2026.xlsx/1b316cdb-eb6f-410a-aa9a-62231c4436a1,
2026-06-29,ansContractPurchasedReserves,https://www.transelectrica.ro/documents/10179/22964821/ansContractPurchasedReserves_29.06.2026.xlsx/959fb2c0-95f4-4b10-b689-05015eb41899,
2026-06-28,ansTenderResults,https://www.transelectrica.ro/documents/10179/22964806/ansTenderResults_28.06.2026.xlsx/cbd0beb0-8eb5-4496-974e-8fcbb0ecced0,
2026-06-28,ansContractPurchasedReserves,https://www.transelectrica.ro/documents/10179/22964806/ansContractPurchasedReserves_28.06.2026.xlsx/76b1603c-a785-45d8-a3ca-74c2c615d408,
2026-06-27,ansTenderResults,https://www.transelectrica.ro/documents/10179/22964791/ansTenderResults_27.06.2026.xlsx/b2357bb5-02c0-46f8-8b04-34ddfbb6c029,
2026-06-27,ansContractPurchasedReserves,https://www.transelectrica.ro/documents/10179/22964791/ansContractPurchasedReserves_27.06.2026.xlsx/f3f82687-6fe2-4e0f-9b44-854755573b25,
2026-06-26,ansTenderResults,https://www.transelectrica.ro/documents/10179/22957979/ansTenderResults_26.06.2026.xlsx/440d96f0-4252-4bee-9c46-725b528867a7,
2026-06-26,ansContractPurchasedReserves,https://www.transelectrica.ro/documents/10179/22957979/ansContractPurchasedReserves_26.06.2026.xlsx/41f1871f-d340-47e3-b25c-ade403553abb,
2026-06-25,ansTenderResults,https://www.transelectrica.ro/documents/10179/22945938/ansTenderResults_25.06.2026.xlsx/96aa922e-9749-4392-a1d1-babbafd737fa,
2026-06-25,ansContractPurchasedReserves,https://www.transelectrica.ro/documents/10179/22945938/ansContractPurchasedReserves_25.06.2026.xlsx/7357fc2e-da1d-4e24-9367-67ed8ad0aeb0,
2026-06-24,ansTenderResults,https://www.transelectrica.ro/documents/10179/22928579/ansTenderResults_24.06.2026.xlsx/b4025cef-ece4-4abd-acf1-9f6590e566e2,
2026-06-24,ansContractPurchasedReserves,https://www.transelectrica.ro/documents/10179/22928579/ansContractPurchasedReserves_24.06.2026.xlsx/7c4065d9-ac62-435c-b64b-213f078fd37c,
2026-06-23,ansTenderResults,https://www.transelectrica.ro/documents/10179/22886134/ansTenderResults_23.06.2026.xlsx/334dd318-7df4-477f-a77f-4e45d3f392dc,
2026-06-23,ansContractPurchasedReserves,https://www.transelectrica.ro/documents/10179/22886134/ansContractPurchasedReserves_23.06.2026.xlsx/8e659f53-7379-4ec7-94f3-15c64ace7af8,
2026-06-22,ansTenderResults,https://www.transelectrica.ro/documents/10179/22886080/ansTenderResults_22.06.2026.xlsx/074b9892-a117-4538-81e4-921d5e6532d9,
2026-06-22,ansContractPurchasedReserves,https://www.transelectrica.ro/documents/10179/22886080/ansContractPurchasedReserves_22.06.2026.xlsx/30a4abc9-d3e3-41ee-b2c1-0d49319bc47f,
2026-06-21,ansTenderResults,https://www.transelectrica.ro/documents/10179/22886026/ansTenderResults_21.06.2026.xlsx/ee3e3bbf-708d-4010-a67e-73cf7a1c3708,
2026-06-21,ansContractPurchasedReserves,https://www.transelectrica.ro/documents/10179/22886026/ansContractPurchasedReserves_21.06.2026.xlsx/7ec8d06e-b888-4e2d-adaf-ef3d31f69760,
2026-06-20,ansTenderResults,https://www.transelectrica.ro/documents/10179/22885972/ansTenderResults_20.06.2026.xlsx/a34702f3-9f6f-42f3-9d52-f39e9de69feb,
2026-06-20,ansContractPurchasedReserves,https://www.transelectrica.ro/documents/10179/22885972/ansContractPurchasedReserves_20.06.2026.xlsx/6db3b0c9-d9ba-4b8b-85ca-4a96656e2402,
2026-06-19,ansTenderResults,https://www.transelectrica.ro/documents/10179/22873651/ansTenderResults_19.06.2026.xlsx/9a965d01-66d9-482a-851f-3169a6fdb596,
2026-06-19,ansContractPurchasedReserves,https://www.transelectrica.ro/documents/10179/22873651/ansContractPurchasedReserves_19.06.2026.xlsx/9bd66090-342d-4d04-a811-73ab04a4cad7,
2026-06-18,ansTenderResults,https://www.transelectrica.ro/documents/10179/22863515/ansTenderResults_18.06.2026.xlsx/73f5a801-356d-478c-a751-882d38fb7391,
2026-06-18,ansContractPurchasedReserves,https://www.transelectrica.ro/documents/10179/22863515/ansContractPurchasedReserves_18.06.2026.xlsx/181d3f2c-9f88-4532-b40b-a655104bf464,
2026-06-17,ansTenderResults,https://www.transelectrica.ro/documents/10179/22849696/ansTenderResults_17.06.2026.xlsx/ce3f59d3-c404-4753-9649-477dee770065,
2026-06-17,ansContractPurchasedReserves,https://www.transelectrica.ro/documents/10179/22849696/ansContractPurchasedReserves_17.06.2026.xlsx/fe472a94-f943-4f44-9c3b-7fa0e61cf6f0,
2026-06-16,ansTenderResults,https://www.transelectrica.ro/documents/10179/22804340/ansTenderResults_16.06.2026.xlsx/2e1e38f8-bbe8-435c-9b14-01cb394eeaf0,
2026-06-16,ansContractPurchasedReserves,https://www.transelectrica.ro/documents/10179/22804340/ansContractPurchasedReserves_16.06.2026.xlsx/002a5ff7-233c-4d98-acce-8f0056984288,
2026-06-15,ansTenderResults,https://www.transelectrica.ro/documents/10179/22804325/ansTenderResults_15.06.2026.xlsx/f500926d-3934-421f-9030-25dc6f819585,
2026-06-15,ansContractPurchasedReserves,https://www.transelectrica.ro/documents/10179/22804325/ansContractPurchasedReserves_15.06.2026.xlsx/3516c87c-ba60-4397-869b-5a3175d34f30,
2026-06-14,ansTenderResults,https://www.transelectrica.ro/documents/10179/22804314/ansTenderResults_14.06.2026.xlsx/8909cfdc-ae3b-49b0-914a-05995b4a3b65,
2026-06-14,ansContractPurchasedReserves,https://www.transelectrica.ro/documents/10179/22804314/ansContractPurchasedReserves_14.06.2026.xlsx/74811627-e622-4e92-82ff-5c40ab0a8b3e,
2026-06-13,ansTenderResults,https://www.transelectrica.ro/documents/10179/22804303/ansTenderResults_13.06.2026.xlsx/90586d21-e69b-40c9-a6a9-323c5cae7e18,
2026-06-13,ansContractPurchasedReserves,https://www.transelectrica.ro/documents/10179/22804303/ansContractPurchasedReserves_13.06.2026.xlsx/f758fc6e-ddfa-4b82-b273-e23b19502613,
2026-06-12,ansTenderResults,https://www.transelectrica.ro/documents/10179/22783284/ansTenderResults_12.06.2026.xlsx/0edd132a-e069-468e-aa68-f9e4e893b93a,
2026-06-12,ansContractPurchasedReserves,https://www.transelectrica.ro/documents/10179/22783284/ansContractPurchasedReserves_12.06.2026.xlsx/473990fd-4767-4f61-befe-dae3ae0cf08e,
2026-06-11,ansTenderResults,https://www.transelectrica.ro/documents/10179/22765371/ansTenderResults_11.06.2026.xlsx/37dbdd77-da04-497f-bb5b-07ddd185b55a,
2026-06-11,ansContractPurchasedReserves,https://www.transelectrica.ro/documents/10179/22765371/ansContractPurchasedReserves_11.06.2026.xlsx/c0b09011-d87b-4a44-bfc0-e702701249e8,
2026-06-10,ansTenderResults,https://www.transelectrica.ro/documents/10179/22756295/ansTenderResults_10.06.2026/407d60c8-1ee5-44e0-8648-557f77292339,
2026-06-10,ansContractPurchasedReserves,https://www.transelectrica.ro/documents/10179/22756295/ansContractPurchasedReserves_10.06.2026/fba2524b-3380-497d-b504-a2ce2cf19dcd,
2026-06-09,ansTenderResults,https://www.transelectrica.ro/documents/10179/22714216/ansTenderResults_09.06.2026.xlsx/b2026c0f-df74-4d62-81f9-7fc4fcc36b55,
2026-06-09,ansContractPurchasedReserves,https://www.transelectrica.ro/documents/10179/22714216/ansContractPurchasedReserves_09.06.2026.xlsx/dba75ba1-50cb-424c-997f-c74651c682a0,
2026-06-08,ansTenderResults,https://www.transelectrica.ro/documents/10179/22714201/ansTenderResults_08.06.2026.xlsx/2e696e7b-ea2c-48e1-886c-1e9d3e6495fe,
2026-06-08,ansContractPurchasedReserves,https://www.transelectrica.ro/documents/10179/22714201/ansContractPurchasedReserves_08.06.2026.xlsx/10a5b51a-f7df-4fca-a94b-2b2c8f85d19f,
2026-06-07,ansTenderResults,https://www.transelectrica.ro/documents/10179/22714186/ansTenderResults_07.06.2026.xlsx/2efb77d0-23fa-4442-bab5-43c38822ece9,
2026-06-07,ansContractPurchasedReserves,https://www.transelectrica.ro/documents/10179/22714186/ansContractPurchasedReserves_07.06.2026.xlsx/beee7fd1-e185-4b46-8496-0f6914b66aea,
2026-06-06,ansTenderResults,https://www.transelectrica.ro/documents/10179/22714171/ansTenderResults_06.06.2026.xlsx/6f4d1ce4-eb00-48fc-8f4a-a47ff0248dc8,
2026-06-06,ansContractPurchasedReserves,https://www.transelectrica.ro/documents/10179/22714171/ansContractPurchasedReserves_06.06.2026.xlsx/ba0dd9b5-6288-4143-b07d-3307ed11ec42,
2026-06-05,ansTenderResults,https://www.transelectrica.ro/documents/10179/22699031/ansTenderResults_05.06.2026.xlsx/89c1d091-775a-4126-87ef-d0bb2482d01e,
2026-06-05,ansContractPurchasedReserves,https://www.transelectrica.ro/documents/10179/22699031/ansContractPurchasedReserves_05.06.2026.xlsx/20feb243-036b-4017-800b-9428ac3f8d55,
2026-06-04,ansTenderResults,https://www.transelectrica.ro/documents/10179/22688215/ansTenderResults_04.06.2026.xlsx/cd7340cd-20c6-40f6-ad04-cac941708370,
2026-06-04,ansContractPurchasedReserves,https://www.transelectrica.ro/documents/10179/22688215/ansContractPurchasedReserves_04.06.2026.xlsx/10b7994a-e14a-4a2a-a09d-cc152f168f4b,
2026-06-03,ansTenderResults,https://www.transelectrica.ro/documents/10179/22625729/ansTenderResults_03.06.2026.xlsx/ce4d8ec9-b7b6-4bb0-b099-1dc0f47b8ba9,
2026-06-03,ansContractPurchasedReserves,https://www.transelectrica.ro/documents/10179/22625729/ansContractPurchasedReserves_03.06.2026.xlsx/33211f84-f685-4d89-920b-9116a360080c,
2026-06-02,ansTenderResults,https://www.transelectrica.ro/documents/10179/22625714/ansTenderResults_02.06.2026.xlsx/c6388ee2-0a5e-4212-be35-863d64d97a29,
2026-06-02,ansContractPurchasedReserves,https://www.transelectrica.ro/documents/10179/22625714/ansContractPurchasedReserves_02.06.2026.xlsx/24cf2207-f79b-4147-80ad-e838288924a5,
2026-06-01,ansTenderResults,https://www.transelectrica.ro/documents/10179/22625699/ansTenderResults_01.06.2026.xlsx/a42fd0d3-213d-4e41-8a6d-da5864b6a06d,
2026-06-01,ansContractPurchasedReserves,https://www.transelectrica.ro/documents/10179/22625699/ansContractPurchasedReserves_01.06.2026.xlsx/c7beb95a-b166-4a4d-b152-145e1487690c,
2026-05-31,ansTenderResults,https://www.transelectrica.ro/documents/10179/22625680/ansTenderResults_31.05.2026.xlsx/d2a140fa-be97-47e1-9b32-85ed38c50eac,
2026-05-31,ansContractPurchasedReserves,https://www.transelectrica.ro/documents/10179/22625680/ansContractPurchasedReserves_31.05.2026.xlsx/ed412320-6dd0-4d4b-b57e-d03c8a280596,
2026-05-30,ansTenderResults,https://www.transelectrica.ro/documents/10179/22625665/ansTenderResults_30.05.2026.xlsx/0d792139-068a-47a4-8958-1ee79f1f6805,
2026-05-30,ansContractPurchasedReserves,https://www.transelectrica.ro/documents/10179/22625665/ansContractPurchasedReserves_30.05.2026.xlsx/0a1bef71-b243-4b49-aac0-3ce822d7ea6b,
2026-05-29,ansTenderResults,https://www.transelectrica.ro/documents/10179/22616031/ansTenderResults_29.05.2026.xlsx/fff3e889-6b77-4acc-8bfe-820559807008,
2026-05-29,ansContractPurchasedReserves,https://www.transelectrica.ro/documents/10179/22616031/ansContractPurchasedReserves_29.05.2026.xlsx/3940f241-1f1b-4038-ad70-c06524bdaef0,
2026-05-28,ansTenderResults,https://www.transelectrica.ro/documents/10179/22601472/ansTenderResults_28.05.2026.xlsx/5b9ec310-8233-4113-a45e-c9f88aee537d,
2026-05-28,ansContractPurchasedReserves,https://www.transelectrica.ro/documents/10179/22601472/ansContractPurchasedReserves_28.05.2026.xlsx/7d349452-5eb6-463b-b2c9-8cfb35ede0d1,
2026-05-27,ansTenderResults,https://www.transelectrica.ro/documents/10179/22593474/ansTenderResults_27.05.2026.xlsx/9567e882-8464-44fa-8919-78bd8d1d0c3f,
2026-05-27,ansContractPurchasedReserves,https://www.transelectrica.ro/documents/10179/22593474/ansContractPurchasedReserves_27.05.2026.xlsx/9a9c864d-9b69-4fdb-80d9-16fdbe7d75ea,
2026-05-26,ansTenderResults,https://www.transelectrica.ro/documents/10179/22550953/ansTenderResults_26.05.2026.xlsx/47d361fa-5f40-4636-8976-7e43ae1f68d3,
2026-05-26,ansContractPurchasedReserves,https://www.transelectrica.ro/documents/10179/22550953/ansContractPurchasedReserves_26.05.2026.xlsx/87a9d1cc-f85d-4482-aae2-dd82a3843ff4,
2026-05-25,ansTenderResults,https://www.transelectrica.ro/documents/10179/22550942/ansTenderResults_25.05.2026.xlsx/cfff71f6-5077-42c9-9d5e-8554a74c06ce,
2026-05-25,ansContractPurchasedReserves,https://www.transelectrica.ro/documents/10179/22550942/ansContractPurchasedReserves_25.05.2026.xlsx/0e0fa58f-943a-4edb-b4fd-36f4ebf46e9d,
2026-05-24,ansTenderResults,https://www.transelectrica.ro/documents/10179/22550927/ansTenderResults_24.05.2026.xlsx/1eace16d-3241-4d5e-b620-e8e98c5b4022,
2026-05-24,ansContractPurchasedReserves,https://www.transelectrica.ro/documents/10179/22550927/ansContractPurchasedReserves_24.05.2026.xlsx/94b7ffe9-e924-443d-b38d-037a84c64af7,
2026-05-23,ansTenderResults,https://www.transelectrica.ro/documents/10179/22550916/ansTenderResults_23.05.2026.xlsx/b621a35c-cfbc-4b83-84e7-1a16d27b545f,
2026-05-23,ansContractPurchasedReserves,https://www.transelectrica.ro/documents/10179/22550916/ansContractPurchasedReserves_23.05.2026.xlsx/d7637770-139d-4696-8af5-e861ea78bb5c,
2026-05-22,ansTenderResults,https://www.transelectrica.ro/documents/10179/22534282/ansTenderResults_22.05.2026.xlsx/1c4a778c-8dbb-448d-ba12-1042c1671cf9,
2026-05-22,ansContractPurchasedReserves,https://www.transelectrica.ro/documents/10179/22534282/ansContractPurchasedReserves_22.05.2026.xlsx/96566aa3-1fb8-42a2-988c-a47b3f77401d,
2026-05-21,ansTenderResults,https://www.transelectrica.ro/documents/10179/22524162/ansTenderResults_21.05.2026.xlsx/041bc35c-fba5-4bc0-ab2f-7093efc2560f,
2026-05-21,ansContractPurchasedReserves,https://www.transelectrica.ro/documents/10179/22524162/ansContractPurchasedReserves_21.05.2026.xlsx/d4bb11e6-9d86-45b8-b589-0ef406072dec,
2026-05-20,ansTenderResults,https://www.transelectrica.ro/documents/10179/22501956/ansTenderResults_20.05.2026.xlsx/7bfa33aa-0856-4d8e-9c06-461ba18b8856,
2026-05-20,ansContractPurchasedReserves,https://www.transelectrica.ro/documents/10179/22501956/ansContractPurchasedReserves_20.05.2026.xlsx/1620676a-8a90-4d3a-ae6a-3d37f39d19dd,
2026-05-19,ansTenderResults,https://www.transelectrica.ro/documents/10179/22473022/ansTenderResults_19.05.2026.xlsx/002d7440-0f50-4d86-bd34-4b273d4b48a9,
2026-05-19,ansContractPurchasedReserves,https://www.transelectrica.ro/documents/10179/22473022/ansContractPurchasedReserves_19.05.2026.xlsx/ca05e63d-9c26-4ae1-ba3a-7beb1d84d3f5,
2026-05-18,ansTenderResults,https://www.transelectrica.ro/documents/10179/22473011/ansTenderResults_18.05.2026.xlsx/986d53e1-7e0a-4627-bd60-ec67d53ffcf8,
2026-05-18,ansContractPurchasedReserves,https://www.transelectrica.ro/documents/10179/22473011/ansContractPurchasedReserves_18.05.2026.xlsx/42fd740c-1824-47d9-ad62-e7077b1df313,
2026-05-17,ansTenderResults,https://www.transelectrica.ro/documents/10179/22472596/ansTenderResults_17.05.2026.xlsx/84ff8b5f-a8a6-4b70-bbac-6b6f947189b5,
2026-05-17,ansContractPurchasedReserves,https://www.transelectrica.ro/documents/10179/22472596/ansContractPurchasedReserves_17.05.2026.xlsx/48d5c84a-a670-4bd6-8332-2e943bd113a7,
2026-05-16,ansTenderResults,https://www.transelectrica.ro/documents/10179/22472585/ansTenderResults_16.05.2026.xlsx/ea289839-bd88-4a61-b34d-5187ddba8a62,
2026-05-16,ansContractPurchasedReserves,https://www.transelectrica.ro/documents/10179/22472585/ansContractPurchasedReserves_16.05.2026.xlsx/b80cd4a3-a63a-48c0-ad2e-56529af0190f,
2026-05-15,ansTenderResults,https://www.transelectrica.ro/documents/10179/22461872/ansTenderResults_15.05.2026.xlsx/29f1b991-25eb-49c7-97b6-67f1bab9714e,
2026-05-15,ansContractPurchasedReserves,https://www.transelectrica.ro/documents/10179/22461872/ansContractPurchasedReserves_15.05.2026.xlsx/bb25c9e3-f02d-447f-a1ff-c3e88b1612dd,
2026-05-14,ansTenderResults,https://www.transelectrica.ro/documents/10179/22448551/ansTenderResults_14.05.2026.xlsx/257a56b1-67d8-48bf-b720-d28e2cee56b1,
2026-05-14,ansContractPurchasedReserves,https://www.transelectrica.ro/documents/10179/22448551/ansContractPurchasedReserves_14.05.2026.xlsx/83044154-0c65-4111-9e03-f18b45b23e84,
2026-05-13,ansTenderResults,https://www.transelectrica.ro/documents/10179/22423548/ansTenderResults_13.05.2026.xlsx/1faa3186-fef5-45fc-b44f-5deb9ecc156a,
2026-05-13,ansContractPurchasedReserves,https://www.transelectrica.ro/documents/10179/22423548/ansContractPurchasedReserves_13.05.2026.xlsx/692607cc-3746-4820-9d75-993c26d5ec54,
2026-05-12,ansTenderResults,https://www.transelectrica.ro/documents/10179/22369777/ansTenderResults_12.05.2026.xlsx/1ad3c5de-c9cc-46f8-a509-9c99a1c4a588,
2026-05-12,ansContractPurchasedReserves,https://www.transelectrica.ro/documents/10179/22369777/ansContractPurchasedReserves_12.05.2026.xlsx/52671762-858a-41ae-95a5-e966f7989d0f,
2026-05-11,ansTenderResults,https://www.transelectrica.ro/documents/10179/22369766/ansTenderResults_11.05.2026.xlsx/a60b5971-afa7-4c7a-ad1f-2936674b8c7d,
2026-05-11,ansContractPurchasedReserves,https://www.transelectrica.ro/documents/10179/22369766/ansContractPurchasedReserves_11.05.2026.xlsx/debe73a7-33b1-4743-bafb-652de9cb5fe4,
2026-05-10,ansTenderResults,https://www.transelectrica.ro/documents/10179/22369751/ansTenderResults_10.05.2026.xlsx/aebe6491-8f00-4d6c-a46d-ed19c93f6d50,
2026-05-10,ansContractPurchasedReserves,https://www.transelectrica.ro/documents/10179/22369751/ansContractPurchasedReserves_10.05.2026.xlsx/82656768-e4d3-4d5f-b842-ec7daab2edb3,
2026-05-09,ansTenderResults,https://www.transelectrica.ro/documents/10179/22369740/ansTenderResults_09.05.2026.xlsx/b72c7611-2a5e-41e8-b31e-b95f808ca3d2,
2026-05-09,ansContractPurchasedReserves,https://www.transelectrica.ro/documents/10179/22369740/ansContractPurchasedReserves_09.05.2026.xlsx/655ad941-fa2e-4d8a-bed7-0a62ff8055b1,
2026-05-08,ansTenderResults,https://www.transelectrica.ro/documents/10179/22358343/ansTenderResults_08.05.2026.xlsx/7f962020-8833-4f29-a6d8-bd8ae1bd13bd,
2026-05-08,ansContractPurchasedReserves,https://www.transelectrica.ro/documents/10179/22358343/ansContractPurchasedReserves_08.05.2026.xlsx/9ca3945b-fdd5-465d-ae2d-42ce0c64080e,
2026-05-07,ansTenderResults,https://www.transelectrica.ro/documents/10179/22349183/ansTenderResults_07.05.2026.xlsx/abb1b562-cc4b-449f-91f6-d3df2f5c8951,
2026-05-07,ansContractPurchasedReserves,https://www.transelectrica.ro/documents/10179/22349183/ansContractPurchasedReserves_07.05.2026.xlsx/609da845-58bb-4882-84df-37e747519c9d,
2026-05-06,ansTenderResults,https://www.transelectrica.ro/documents/10179/22340039/ansTenderResults_06.05.2026.xlsx/c2eec0cf-2c4a-4d36-9eef-caaa108ef852,
2026-05-06,ansContractPurchasedReserves,https://www.transelectrica.ro/documents/10179/22340039/ansContractPurchasedReserves_06.05.2026.xlsx/76fa5b35-b80b-4094-a8fb-76481cd12ef0,
2026-05-05,ansTenderResults,https://www.transelectrica.ro/documents/10179/22264971/ansTenderResults_05.05.2026.xlsx/ecff81dd-2bde-481f-8fb6-5b56d960d294,
2026-05-05,ansContractPurchasedReserves,https://www.transelectrica.ro/documents/10179/22264971/ansContractPurchasedReserves_05.05.2026.xlsx/1a6aadc3-a7f3-4cd2-9fa1-f1c939db65ae,
2026-05-04,ansTenderResults,https://www.transelectrica.ro/documents/10179/22264956/ansTenderResults_04.05.2026.xlsx/3a444175-528a-4b26-a59b-e93b6f82516f,
2026-05-04,ansContractPurchasedReserves,https://www.transelectrica.ro/documents/10179/22264956/ansContractPurchasedReserves_04.05.2026.xlsx/79078743-71db-4df9-a1be-2b32bdfcad62,
2026-05-03,ansTenderResults,https://www.transelectrica.ro/documents/10179/22264941/ansTenderResults_03.05.2026.xlsx/e0bbe61e-c3fa-4eeb-9ba5-4992f760b688,
2026-05-03,ansContractPurchasedReserves,https://www.transelectrica.ro/documents/10179/22264941/ansContractPurchasedReserves_03.05.2026.xlsx/3d7170a5-b699-4c0e-b7a1-59fe050cc45a,
2026-05-02,ansTenderResults,https://www.transelectrica.ro/documents/10179/22264926/ansTenderResults_02.05.2026.xlsx/cfb4447f-3a82-487d-9e8b-09613e2e46ff,
2026-05-02,ansContractPurchasedReserves,https://www.transelectrica.ro/documents/10179/22264926/ansContractPurchasedReserves_02.05.2026.xlsx/83ca6f07-5d38-4f5c-b91e-85f315520468,
2026-05-01,ansTenderResults,https://www.transelectrica.ro/documents/10179/22264910/ansTenderResults_01.05.2026.xlsx/cc6b780c-5f09-423c-b48a-a1e3d349e0a7,
2026-05-01,ansContractPurchasedReserves,https://www.transelectrica.ro/documents/10179/22264910/ansContractPurchasedReserves_01.05.2026.xlsx/adb2ab35-f34f-4f64-a868-2006c46edc8e,
2026-04-30,ansTenderResults,https://www.transelectrica.ro/documents/10179/22254760/ansTenderResults_30.04.2026.xlsx/234ca0c4-d859-4c86-864e-472cc9e1da2f,
2026-04-30,ansContractPurchasedReserves,https://www.transelectrica.ro/documents/10179/22254760/ansContractPurchasedReserves_30.04.2026.xlsx/34c09f21-be0e-4ecf-b28f-a8bb5641493d,
2026-04-29,ansTenderResults,https://www.transelectrica.ro/documents/10179/22242150/ansTenderResults_29.04.2026.xlsx/834801b8-66e6-46a9-9c1d-cbd0e692eb7d,
2026-04-29,ansContractPurchasedReserves,https://www.transelectrica.ro/documents/10179/22242150/ansContractPurchasedReserves_29.04.2026.xlsx/2df69af6-7246-44d9-9c1d-d7c6a2a20020,
2026-04-28,ansTenderResults,https://www.transelectrica.ro/documents/10179/22193935/ansTenderResults_28.04.2026.xlsx/583bccc3-e21c-43be-9966-db8fef8c2ab2,
2026-04-28,ansContractPurchasedReserves,https://www.transelectrica.ro/documents/10179/22193935/ansContractPurchasedReserves_28.04.2026.xlsx/aac70809-305d-4b2d-8c4f-a4dc9a01ee80,
2026-04-27,ansTenderResults,https://www.transelectrica.ro/documents/10179/22193920/ansTenderResults_27.04.2026.xlsx/9f53b020-7922-4e2e-8faf-fead9f0df2e6,
2026-04-27,ansContractPurchasedReserves,https://www.transelectrica.ro/documents/10179/22193920/ansContractPurchasedReserves_27.04.2026.xlsx/e5c963ee-f244-4b87-bd39-850fe1f106eb,
2026-04-26,ansTenderResults,https://www.transelectrica.ro/documents/10179/22193905/ansTenderResults_26.04.2026.xlsx/aba3e29f-0a70-47ea-8816-ca4f9fed667b,
2026-04-26,ansContractPurchasedReserves,https://www.transelectrica.ro/documents/10179/22193905/ansContractPurchasedReserves_26.04.2026.xlsx/fc85bceb-0459-4556-8d31-57d4d3b6289a,
