month,anre_source_id,pdf_page,source_clock,anre_volume_gwh,opcom_native_volume_gwh,difference_gwh,volume_display_bound_gwh_A,volume_match,anre_price_ron_mwh,derived_fx_price_ron_mwh_I,price_difference_ron_mwh,price_bound_A,price_candidate_match_A,independent_measurement,same_utc_quarter_second_source_validation
2025-01,ANRE_MON_Iunie_2026,14,CET OPCOM reprocessed by ANRE; daily-means arithmetic control,1648.62,1648.6191000000001,-0.0008999999997740815,0.005,True,693.74,693.7409645685484,0.0009645685483974376,0.034884,True,False,False
2025-02,ANRE_MON_Iunie_2026,14,CET OPCOM reprocessed by ANRE; daily-means arithmetic control,1323.21,1323.2088,-0.001199999999926149,0.005,True,782.31,782.3074103794643,-0.0025896205356730206,0.034887,True,False,False
2025-03,ANRE_MON_Iunie_2026,14,CET OPCOM reprocessed by ANRE; daily-means arithmetic control,1346.73,1346.7323000000001,0.002300000000104774,0.005,True,529.34,529.3446085861968,0.004608586196809483,0.034887,True,False,False
2025-04,ANRE_MON_Iunie_2026,14,CET OPCOM reprocessed by ANRE; daily-means arithmetic control,1154.19,1154.1894,-0.0006000000000767614,0.005,True,430.21,430.2139505972223,0.003950597222342367,0.0348875,True,False,False
2025-05,ANRE_MON_Iunie_2026,14,CET OPCOM reprocessed by ANRE; daily-means arithmetic control,1184.72,1184.7231000000002,0.003100000000131331,0.005,True,434.86,434.85783365322584,-0.002166346774174599,0.035611000000000004,True,False,False
2025-06,ANRE_MON_Iunie_2026,14,CET OPCOM reprocessed by ANRE; daily-means arithmetic control,1159.45,1159.4516999999998,0.0016999999998006388,0.005,True,434.73,434.73341728472224,0.003417284722218028,0.035390000000000005,True,False,False
2025-07,ANRE_MON_Iunie_2026,14,CET OPCOM reprocessed by ANRE; daily-means arithmetic control,1302.94,1302.9406000000001,0.0006000000000767614,0.005,True,524.95,524.9520810618279,0.0020810618278801485,0.035405000000000006,True,False,False
2025-08,ANRE_MON_Iunie_2026,14,CET OPCOM reprocessed by ANRE; daily-means arithmetic control,1201.35,1201.3488,-0.001199999999926149,0.005,True,396.63,396.6282244663978,-0.0017755336021991752,0.035385,True,False,False
2025-09,ANRE_MON_Iunie_2026,14,CET OPCOM reprocessed by ANRE; daily-means arithmetic control,1160.23,1160.2339,0.0038999999999305146,0.005,True,492.44,492.43659723055566,-0.003402769444335263,0.0353935,True,False,False
2025-10,ANRE_MON_Iunie_2026,14,CET OPCOM reprocessed by ANRE; daily-means arithmetic control,1465.13,1465.1317,0.0016999999998006388,0.005,True,620.18,620.1824330759409,0.0024330759409849634,0.0354815,True,False,False
2025-11,ANRE_MON_Iunie_2026,14,CET OPCOM reprocessed by ANRE; daily-means arithmetic control,1277.54,1277.54245,0.002449999999953434,0.005,True,617.91,617.9082563416666,-0.0017436583333392264,0.035453000000000005,True,False,False
2025-12,ANRE_MON_Iunie_2026,14,CET OPCOM reprocessed by ANRE; daily-means arithmetic control,1467.6,1467.6038500000002,0.003850000000284126,0.005,True,598.84,598.8366579499328,-0.0033420500672036724,0.0354615,True,False,False
2026-01,ANRE_MON_Iunie_2026,14,CET OPCOM reprocessed by ANRE; daily-means arithmetic control,1520.89,1520.8849750000002,-0.005024999999932334,0.005,False,766.48,766.480728190524,0.0007281905240006381,0.035492499999999996,True,False,False
2026-02,ANRE_MON_Iunie_2026,14,CET OPCOM reprocessed by ANRE; daily-means arithmetic control,1475.09,1475.0859750000002,-0.004024999999728607,0.005,True,508.18,508.1781361897321,-0.0018638102679346957,0.035487000000000005,True,False,False
2026-03,ANRE_MON_Iunie_2026,14,CET OPCOM reprocessed by ANRE; daily-means arithmetic control,1355.94,1355.93715,-0.0028500000000803993,0.005,True,535.81,535.8115413017474,0.0015413017474656954,0.0354955,True,False,False
2026-04,ANRE_MON_Iunie_2026,14,CET OPCOM reprocessed by ANRE; daily-means arithmetic control,1139.36,1139.360375,0.00037500000007639755,0.005,True,486.89,486.89417271354165,0.004172713541663597,0.035494500000000005,True,False,False
2026-05,ANRE_MON_Iunie_2026,14,CET OPCOM reprocessed by ANRE; daily-means arithmetic control,1111.17,1111.17095,0.0009499999998752173,0.005,True,571.64,571.6397464022177,-0.00025359778226174967,0.036344,True,False,False
2026-06,ANRE_MON_Iunie_2026,14,CET OPCOM reprocessed by ANRE; daily-means arithmetic control,888.36,888.3554,-0.004599999999982174,0.005,True,644.67,644.6672460142362,-0.0027539857637748355,0.036296,True,False,False
