source_id,source_date,interval,native_ron_mwh,eur_mwh,bnr_fixing_date,ron_per_eur,difference_ron_mwh,rounding_bound_A,within_display_bound_A,volume_mw_matches,raw_sha256,rule_application_interpretation,whole_period_rule_verified
DA_RON_2025-01-01,2025-01-01,1,690.22,138.7,2024-12-30,4.9764,-0.006679999999960273,0.029882000000000002,True,True,00fc6fb8af60bfbad087a75de2c820bbf0ff9719a2f5407faa8b7b7c05daa96d,I: latest BNR published date strictly before trading day D-1; point validation only,False
DA_RON_2025-01-01,2025-01-01,2,667.14,134.06,2024-12-30,4.9764,0.0038160000000289074,0.029882000000000002,True,True,00fc6fb8af60bfbad087a75de2c820bbf0ff9719a2f5407faa8b7b7c05daa96d,I: latest BNR published date strictly before trading day D-1; point validation only,False
DA_RON_2025-01-01,2025-01-01,3,619.16,124.42,2024-12-30,4.9764,-0.003688000000011016,0.029882000000000002,True,True,00fc6fb8af60bfbad087a75de2c820bbf0ff9719a2f5407faa8b7b7c05daa96d,I: latest BNR published date strictly before trading day D-1; point validation only,False
DA_RON_2025-01-01,2025-01-01,4,420.39,84.48,2024-12-30,4.9764,-0.01627200000001494,0.029882000000000002,True,True,00fc6fb8af60bfbad087a75de2c820bbf0ff9719a2f5407faa8b7b7c05daa96d,I: latest BNR published date strictly before trading day D-1; point validation only,False
DA_RON_2025-01-01,2025-01-01,5,319.89,64.28,2024-12-30,4.9764,0.007007999999984804,0.029882000000000002,True,True,00fc6fb8af60bfbad087a75de2c820bbf0ff9719a2f5407faa8b7b7c05daa96d,I: latest BNR published date strictly before trading day D-1; point validation only,False
DA_RON_2025-01-01,2025-01-01,6,331.93,66.7,2024-12-30,4.9764,0.004120000000000346,0.029882000000000002,True,True,00fc6fb8af60bfbad087a75de2c820bbf0ff9719a2f5407faa8b7b7c05daa96d,I: latest BNR published date strictly before trading day D-1; point validation only,False
DA_RON_2025-01-01,2025-01-01,7,310.62,62.42,2024-12-30,4.9764,-0.006888000000003558,0.029882000000000002,True,True,00fc6fb8af60bfbad087a75de2c820bbf0ff9719a2f5407faa8b7b7c05daa96d,I: latest BNR published date strictly before trading day D-1; point validation only,False
DA_RON_2025-01-01,2025-01-01,8,282.56,56.78,2024-12-30,4.9764,7.999999979801942e-06,0.029882000000000002,True,True,00fc6fb8af60bfbad087a75de2c820bbf0ff9719a2f5407faa8b7b7c05daa96d,I: latest BNR published date strictly before trading day D-1; point validation only,False
DA_RON_2025-01-01,2025-01-01,9,145.4,29.22,2024-12-30,4.9764,-0.010407999999983986,0.029882000000000002,True,True,00fc6fb8af60bfbad087a75de2c820bbf0ff9719a2f5407faa8b7b7c05daa96d,I: latest BNR published date strictly before trading day D-1; point validation only,False
DA_RON_2025-01-01,2025-01-01,10,206.18,41.43,2024-12-30,4.9764,0.007748000000020738,0.029882000000000002,True,True,00fc6fb8af60bfbad087a75de2c820bbf0ff9719a2f5407faa8b7b7c05daa96d,I: latest BNR published date strictly before trading day D-1; point validation only,False
DA_RON_2025-01-01,2025-01-01,11,144.22,28.98,2024-12-30,4.9764,0.00392800000000193,0.029882000000000002,True,True,00fc6fb8af60bfbad087a75de2c820bbf0ff9719a2f5407faa8b7b7c05daa96d,I: latest BNR published date strictly before trading day D-1; point validation only,False
DA_RON_2025-01-01,2025-01-01,12,163.24,32.8,2024-12-30,4.9764,0.014080000000035398,0.029882000000000002,True,True,00fc6fb8af60bfbad087a75de2c820bbf0ff9719a2f5407faa8b7b7c05daa96d,I: latest BNR published date strictly before trading day D-1; point validation only,False
DA_RON_2025-01-01,2025-01-01,13,181.92,36.56,2024-12-30,4.9764,-0.01718400000001452,0.029882000000000002,True,True,00fc6fb8af60bfbad087a75de2c820bbf0ff9719a2f5407faa8b7b7c05daa96d,I: latest BNR published date strictly before trading day D-1; point validation only,False
DA_RON_2025-01-01,2025-01-01,14,264.59,53.17,2024-12-30,4.9764,-0.005188000000032389,0.029882000000000002,True,True,00fc6fb8af60bfbad087a75de2c820bbf0ff9719a2f5407faa8b7b7c05daa96d,I: latest BNR published date strictly before trading day D-1; point validation only,False
DA_RON_2025-01-01,2025-01-01,15,332.43,66.8,2024-12-30,4.9764,0.006480000000010477,0.029882000000000002,True,True,00fc6fb8af60bfbad087a75de2c820bbf0ff9719a2f5407faa8b7b7c05daa96d,I: latest BNR published date strictly before trading day D-1; point validation only,False
DA_RON_2025-01-01,2025-01-01,16,450.4,90.51,2024-12-30,4.9764,-0.013964000000044052,0.029882000000000002,True,True,00fc6fb8af60bfbad087a75de2c820bbf0ff9719a2f5407faa8b7b7c05daa96d,I: latest BNR published date strictly before trading day D-1; point validation only,False
DA_RON_2025-01-01,2025-01-01,17,601.08,120.79,2024-12-30,4.9764,-0.019356000000016138,0.029882000000000002,True,True,00fc6fb8af60bfbad087a75de2c820bbf0ff9719a2f5407faa8b7b7c05daa96d,I: latest BNR published date strictly before trading day D-1; point validation only,False
DA_RON_2025-01-01,2025-01-01,18,723.4,145.37,2024-12-30,4.9764,-0.019268000000010943,0.029882000000000002,True,True,00fc6fb8af60bfbad087a75de2c820bbf0ff9719a2f5407faa8b7b7c05daa96d,I: latest BNR published date strictly before trading day D-1; point validation only,False
DA_RON_2025-01-01,2025-01-01,19,707.15,142.1,2024-12-30,4.9764,0.0035599999999931242,0.029882000000000002,True,True,00fc6fb8af60bfbad087a75de2c820bbf0ff9719a2f5407faa8b7b7c05daa96d,I: latest BNR published date strictly before trading day D-1; point validation only,False
DA_RON_2025-01-01,2025-01-01,20,744.24,149.55,2024-12-30,4.9764,0.019379999999955544,0.029882000000000002,True,True,00fc6fb8af60bfbad087a75de2c820bbf0ff9719a2f5407faa8b7b7c05daa96d,I: latest BNR published date strictly before trading day D-1; point validation only,False
DA_RON_2025-01-01,2025-01-01,21,694.8,139.62,2024-12-30,4.9764,-0.004968000000076245,0.029882000000000002,True,True,00fc6fb8af60bfbad087a75de2c820bbf0ff9719a2f5407faa8b7b7c05daa96d,I: latest BNR published date strictly before trading day D-1; point validation only,False
DA_RON_2025-01-01,2025-01-01,22,653.89,131.4,2024-12-30,4.9764,-0.008960000000001855,0.029882000000000002,True,True,00fc6fb8af60bfbad087a75de2c820bbf0ff9719a2f5407faa8b7b7c05daa96d,I: latest BNR published date strictly before trading day D-1; point validation only,False
DA_RON_2025-01-01,2025-01-01,23,535.46,107.6,2024-12-30,4.9764,-0.0006399999999757711,0.029882000000000002,True,True,00fc6fb8af60bfbad087a75de2c820bbf0ff9719a2f5407faa8b7b7c05daa96d,I: latest BNR published date strictly before trading day D-1; point validation only,False
DA_RON_2025-01-01,2025-01-01,24,323.98,65.1,2024-12-30,4.9764,0.01636000000007698,0.029882000000000002,True,True,00fc6fb8af60bfbad087a75de2c820bbf0ff9719a2f5407faa8b7b7c05daa96d,I: latest BNR published date strictly before trading day D-1; point validation only,False
DA_RON_2025-03-30,2025-03-30,1,230.14,46.24,2025-03-28,4.9773,-0.010352000000011685,0.0298865,True,True,7cdfc774d2b8a120de05e0dcd682ecbbb82bd36fab9b9a085328e8fa5ba60f03,I: latest BNR published date strictly before trading day D-1; point validation only,False
DA_RON_2025-03-30,2025-03-30,2,79.06,15.88,2025-03-28,4.9773,0.02047600000000216,0.0298865,True,True,7cdfc774d2b8a120de05e0dcd682ecbbb82bd36fab9b9a085328e8fa5ba60f03,I: latest BNR published date strictly before trading day D-1; point validation only,False
DA_RON_2025-03-30,2025-03-30,3,25.35,5.09,2025-03-28,4.9773,0.015543000000004525,0.0298865,True,True,7cdfc774d2b8a120de05e0dcd682ecbbb82bd36fab9b9a085328e8fa5ba60f03,I: latest BNR published date strictly before trading day D-1; point validation only,False
DA_RON_2025-03-30,2025-03-30,4,5.97,1.2,2025-03-28,4.9773,-0.0027599999999994296,0.0298865,True,True,7cdfc774d2b8a120de05e0dcd682ecbbb82bd36fab9b9a085328e8fa5ba60f03,I: latest BNR published date strictly before trading day D-1; point validation only,False
DA_RON_2025-03-30,2025-03-30,5,0.45,0.09,2025-03-28,4.9773,0.0020430000000000725,0.0298865,True,True,7cdfc774d2b8a120de05e0dcd682ecbbb82bd36fab9b9a085328e8fa5ba60f03,I: latest BNR published date strictly before trading day D-1; point validation only,False
DA_RON_2025-03-30,2025-03-30,6,6.1,1.23,2025-03-28,4.9773,-0.022078999999999738,0.0298865,True,True,7cdfc774d2b8a120de05e0dcd682ecbbb82bd36fab9b9a085328e8fa5ba60f03,I: latest BNR published date strictly before trading day D-1; point validation only,False
DA_RON_2025-03-30,2025-03-30,7,6.54,1.31,2025-03-28,4.9773,0.019737000000000116,0.0298865,True,True,7cdfc774d2b8a120de05e0dcd682ecbbb82bd36fab9b9a085328e8fa5ba60f03,I: latest BNR published date strictly before trading day D-1; point validation only,False
DA_RON_2025-03-30,2025-03-30,8,9.72,1.95,2025-03-28,4.9773,0.014265000000001749,0.0298865,True,True,7cdfc774d2b8a120de05e0dcd682ecbbb82bd36fab9b9a085328e8fa5ba60f03,I: latest BNR published date strictly before trading day D-1; point validation only,False
DA_RON_2025-03-30,2025-03-30,9,0.64,0.13,2025-03-28,4.9773,-0.007048999999999972,0.0298865,True,True,7cdfc774d2b8a120de05e0dcd682ecbbb82bd36fab9b9a085328e8fa5ba60f03,I: latest BNR published date strictly before trading day D-1; point validation only,False
DA_RON_2025-03-30,2025-03-30,10,0.01,0.0,2025-03-28,4.9773,0.01,0.0298865,True,True,7cdfc774d2b8a120de05e0dcd682ecbbb82bd36fab9b9a085328e8fa5ba60f03,I: latest BNR published date strictly before trading day D-1; point validation only,False
DA_RON_2025-03-30,2025-03-30,11,-22.26,-4.47,2025-03-28,4.9773,-0.01146900000000528,0.0298865,True,True,7cdfc774d2b8a120de05e0dcd682ecbbb82bd36fab9b9a085328e8fa5ba60f03,I: latest BNR published date strictly before trading day D-1; point validation only,False
DA_RON_2025-03-30,2025-03-30,12,-80.41,-16.16,2025-03-28,4.9773,0.0231679999999983,0.0298865,True,True,7cdfc774d2b8a120de05e0dcd682ecbbb82bd36fab9b9a085328e8fa5ba60f03,I: latest BNR published date strictly before trading day D-1; point validation only,False
DA_RON_2025-03-30,2025-03-30,13,-117.1,-23.53,2025-03-28,4.9773,0.015869000000009237,0.0298865,True,True,7cdfc774d2b8a120de05e0dcd682ecbbb82bd36fab9b9a085328e8fa5ba60f03,I: latest BNR published date strictly before trading day D-1; point validation only,False
DA_RON_2025-03-30,2025-03-30,14,-50.0,-10.05,2025-03-28,4.9773,0.021864999999998247,0.0298865,True,True,7cdfc774d2b8a120de05e0dcd682ecbbb82bd36fab9b9a085328e8fa5ba60f03,I: latest BNR published date strictly before trading day D-1; point validation only,False
DA_RON_2025-03-30,2025-03-30,15,-4.0,-0.8,2025-03-28,4.9773,-0.018159999999999954,0.0298865,True,True,7cdfc774d2b8a120de05e0dcd682ecbbb82bd36fab9b9a085328e8fa5ba60f03,I: latest BNR published date strictly before trading day D-1; point validation only,False
DA_RON_2025-03-30,2025-03-30,16,0.0,0.0,2025-03-28,4.9773,0.0,0.0298865,True,True,7cdfc774d2b8a120de05e0dcd682ecbbb82bd36fab9b9a085328e8fa5ba60f03,I: latest BNR published date strictly before trading day D-1; point validation only,False
DA_RON_2025-03-30,2025-03-30,17,236.87,47.59,2025-03-28,4.9773,0.00029299999999921056,0.0298865,True,True,7cdfc774d2b8a120de05e0dcd682ecbbb82bd36fab9b9a085328e8fa5ba60f03,I: latest BNR published date strictly before trading day D-1; point validation only,False
DA_RON_2025-03-30,2025-03-30,18,781.23,156.96,2025-03-28,4.9773,-0.007007999999927961,0.0298865,True,True,7cdfc774d2b8a120de05e0dcd682ecbbb82bd36fab9b9a085328e8fa5ba60f03,I: latest BNR published date strictly before trading day D-1; point validation only,False
DA_RON_2025-03-30,2025-03-30,19,1122.84,225.59,2025-03-28,4.9773,0.010892999999896347,0.0298865,True,True,7cdfc774d2b8a120de05e0dcd682ecbbb82bd36fab9b9a085328e8fa5ba60f03,I: latest BNR published date strictly before trading day D-1; point validation only,False
DA_RON_2025-03-30,2025-03-30,20,945.69,190.0,2025-03-28,4.9773,0.003000000000156433,0.0298865,True,True,7cdfc774d2b8a120de05e0dcd682ecbbb82bd36fab9b9a085328e8fa5ba60f03,I: latest BNR published date strictly before trading day D-1; point validation only,False
DA_RON_2025-03-30,2025-03-30,21,635.78,127.74,2025-03-28,4.9773,-0.020301999999901454,0.0298865,True,True,7cdfc774d2b8a120de05e0dcd682ecbbb82bd36fab9b9a085328e8fa5ba60f03,I: latest BNR published date strictly before trading day D-1; point validation only,False
DA_RON_2025-03-30,2025-03-30,22,449.99,90.41,2025-03-28,4.9773,-0.007692999999960648,0.0298865,True,True,7cdfc774d2b8a120de05e0dcd682ecbbb82bd36fab9b9a085328e8fa5ba60f03,I: latest BNR published date strictly before trading day D-1; point validation only,False
DA_RON_2025-03-30,2025-03-30,23,580.0,116.53,2025-03-28,4.9773,-0.004769000000010237,0.0298865,True,True,7cdfc774d2b8a120de05e0dcd682ecbbb82bd36fab9b9a085328e8fa5ba60f03,I: latest BNR published date strictly before trading day D-1; point validation only,False
DA_RON_2025-10-01,2025-10-01,1,554.91,109.27,2025-09-29,5.0783,0.00415900000007241,0.0303915,True,True,b2cc0ea6c92a9ff4f5df5a6587a8f4964eefafa0121c1a534cf8ec31e0f8e2b2,I: latest BNR published date strictly before trading day D-1; point validation only,False
DA_RON_2025-10-01,2025-10-01,2,494.12,97.3,2025-09-29,5.0783,0.001410000000078071,0.0303915,True,True,b2cc0ea6c92a9ff4f5df5a6587a8f4964eefafa0121c1a534cf8ec31e0f8e2b2,I: latest BNR published date strictly before trading day D-1; point validation only,False
DA_RON_2025-10-01,2025-10-01,3,464.21,91.41,2025-09-29,5.0783,0.002597000000037042,0.0303915,True,True,b2cc0ea6c92a9ff4f5df5a6587a8f4964eefafa0121c1a534cf8ec31e0f8e2b2,I: latest BNR published date strictly before trading day D-1; point validation only,False
DA_RON_2025-10-01,2025-10-01,4,462.48,91.07,2025-09-29,5.0783,-0.0007809999999039974,0.0303915,True,True,b2cc0ea6c92a9ff4f5df5a6587a8f4964eefafa0121c1a534cf8ec31e0f8e2b2,I: latest BNR published date strictly before trading day D-1; point validation only,False
DA_RON_2025-10-01,2025-10-01,5,463.39,91.25,2025-09-29,5.0783,-0.004874999999969987,0.0303915,True,True,b2cc0ea6c92a9ff4f5df5a6587a8f4964eefafa0121c1a534cf8ec31e0f8e2b2,I: latest BNR published date strictly before trading day D-1; point validation only,False
DA_RON_2025-10-01,2025-10-01,6,452.73,89.15,2025-09-29,5.0783,-0.00044499999995650796,0.0303915,True,True,b2cc0ea6c92a9ff4f5df5a6587a8f4964eefafa0121c1a534cf8ec31e0f8e2b2,I: latest BNR published date strictly before trading day D-1; point validation only,False
DA_RON_2025-10-01,2025-10-01,7,447.5,88.12,2025-09-29,5.0783,0.00020399999999654028,0.0303915,True,True,b2cc0ea6c92a9ff4f5df5a6587a8f4964eefafa0121c1a534cf8ec31e0f8e2b2,I: latest BNR published date strictly before trading day D-1; point validation only,False
DA_RON_2025-10-01,2025-10-01,8,444.35,87.5,2025-09-29,5.0783,-0.001249999999913598,0.0303915,True,True,b2cc0ea6c92a9ff4f5df5a6587a8f4964eefafa0121c1a534cf8ec31e0f8e2b2,I: latest BNR published date strictly before trading day D-1; point validation only,False
DA_RON_2025-10-01,2025-10-01,9,462.58,91.09,2025-09-29,5.0783,-0.00234699999998611,0.0303915,True,True,b2cc0ea6c92a9ff4f5df5a6587a8f4964eefafa0121c1a534cf8ec31e0f8e2b2,I: latest BNR published date strictly before trading day D-1; point validation only,False
DA_RON_2025-10-01,2025-10-01,10,461.26,90.83,2025-09-29,5.0783,-0.0019889999999804786,0.0303915,True,True,b2cc0ea6c92a9ff4f5df5a6587a8f4964eefafa0121c1a534cf8ec31e0f8e2b2,I: latest BNR published date strictly before trading day D-1; point validation only,False
DA_RON_2025-10-01,2025-10-01,11,464.36,91.44,2025-09-29,5.0783,0.0002480000000559812,0.0303915,True,True,b2cc0ea6c92a9ff4f5df5a6587a8f4964eefafa0121c1a534cf8ec31e0f8e2b2,I: latest BNR published date strictly before trading day D-1; point validation only,False
DA_RON_2025-10-01,2025-10-01,12,465.48,91.66,2025-09-29,5.0783,0.0030220000001008884,0.0303915,True,True,b2cc0ea6c92a9ff4f5df5a6587a8f4964eefafa0121c1a534cf8ec31e0f8e2b2,I: latest BNR published date strictly before trading day D-1; point validation only,False
DA_RON_2025-10-01,2025-10-01,13,464.26,91.42,2025-09-29,5.0783,0.0018140000000244072,0.0303915,True,True,b2cc0ea6c92a9ff4f5df5a6587a8f4964eefafa0121c1a534cf8ec31e0f8e2b2,I: latest BNR published date strictly before trading day D-1; point validation only,False
DA_RON_2025-10-01,2025-10-01,14,464.21,91.41,2025-09-29,5.0783,0.002597000000037042,0.0303915,True,True,b2cc0ea6c92a9ff4f5df5a6587a8f4964eefafa0121c1a534cf8ec31e0f8e2b2,I: latest BNR published date strictly before trading day D-1; point validation only,False
DA_RON_2025-10-01,2025-10-01,15,471.37,92.82,2025-09-29,5.0783,0.002194000000088181,0.0303915,True,True,b2cc0ea6c92a9ff4f5df5a6587a8f4964eefafa0121c1a534cf8ec31e0f8e2b2,I: latest BNR published date strictly before trading day D-1; point validation only,False
DA_RON_2025-10-01,2025-10-01,16,483.66,95.24,2025-09-29,5.0783,0.0027080000000978544,0.0303915,True,True,b2cc0ea6c92a9ff4f5df5a6587a8f4964eefafa0121c1a534cf8ec31e0f8e2b2,I: latest BNR published date strictly before trading day D-1; point validation only,False
DA_RON_2025-10-01,2025-10-01,17,454.46,89.49,2025-09-29,5.0783,0.0029330000000413747,0.0303915,True,True,b2cc0ea6c92a9ff4f5df5a6587a8f4964eefafa0121c1a534cf8ec31e0f8e2b2,I: latest BNR published date strictly before trading day D-1; point validation only,False
DA_RON_2025-10-01,2025-10-01,18,462.48,91.07,2025-09-29,5.0783,-0.0007809999999039974,0.0303915,True,True,b2cc0ea6c92a9ff4f5df5a6587a8f4964eefafa0121c1a534cf8ec31e0f8e2b2,I: latest BNR published date strictly before trading day D-1; point validation only,False
DA_RON_2025-10-01,2025-10-01,19,445.27,87.68,2025-09-29,5.0783,0.004656000000011318,0.0303915,True,True,b2cc0ea6c92a9ff4f5df5a6587a8f4964eefafa0121c1a534cf8ec31e0f8e2b2,I: latest BNR published date strictly before trading day D-1; point validation only,False
DA_RON_2025-10-01,2025-10-01,20,484.06,95.32,2025-09-29,5.0783,-0.00355599999994638,0.0303915,True,True,b2cc0ea6c92a9ff4f5df5a6587a8f4964eefafa0121c1a534cf8ec31e0f8e2b2,I: latest BNR published date strictly before trading day D-1; point validation only,False
DA_RON_2025-10-01,2025-10-01,21,451.26,88.86,2025-09-29,5.0783,0.0022620000000301843,0.0303915,True,True,b2cc0ea6c92a9ff4f5df5a6587a8f4964eefafa0121c1a534cf8ec31e0f8e2b2,I: latest BNR published date strictly before trading day D-1; point validation only,False
DA_RON_2025-10-01,2025-10-01,22,485.84,95.67,2025-09-29,5.0783,-0.0009610000000179753,0.0303915,True,True,b2cc0ea6c92a9ff4f5df5a6587a8f4964eefafa0121c1a534cf8ec31e0f8e2b2,I: latest BNR published date strictly before trading day D-1; point validation only,False
DA_RON_2025-10-01,2025-10-01,23,515.24,101.46,2025-09-29,5.0783,-0.004317999999898348,0.0303915,True,True,b2cc0ea6c92a9ff4f5df5a6587a8f4964eefafa0121c1a534cf8ec31e0f8e2b2,I: latest BNR published date strictly before trading day D-1; point validation only,False
DA_RON_2025-10-01,2025-10-01,24,580.96,114.4,2025-09-29,5.0783,0.002480000000105065,0.0303915,True,True,b2cc0ea6c92a9ff4f5df5a6587a8f4964eefafa0121c1a534cf8ec31e0f8e2b2,I: latest BNR published date strictly before trading day D-1; point validation only,False
DA_RON_2025-10-01,2025-10-01,25,513.87,101.19,2025-09-29,5.0783,-0.0031769999999369247,0.0303915,True,True,b2cc0ea6c92a9ff4f5df5a6587a8f4964eefafa0121c1a534cf8ec31e0f8e2b2,I: latest BNR published date strictly before trading day D-1; point validation only,False
DA_RON_2025-10-01,2025-10-01,26,614.68,121.04,2025-09-29,5.0783,0.002567999999996573,0.0303915,True,True,b2cc0ea6c92a9ff4f5df5a6587a8f4964eefafa0121c1a534cf8ec31e0f8e2b2,I: latest BNR published date strictly before trading day D-1; point validation only,False
DA_RON_2025-10-01,2025-10-01,27,688.92,135.66,2025-09-29,5.0783,-0.002177999999958047,0.0303915,True,True,b2cc0ea6c92a9ff4f5df5a6587a8f4964eefafa0121c1a534cf8ec31e0f8e2b2,I: latest BNR published date strictly before trading day D-1; point validation only,False
DA_RON_2025-10-01,2025-10-01,28,772.46,152.11,2025-09-29,5.0783,-0.00021299999991697405,0.0303915,True,True,b2cc0ea6c92a9ff4f5df5a6587a8f4964eefafa0121c1a534cf8ec31e0f8e2b2,I: latest BNR published date strictly before trading day D-1; point validation only,False
DA_RON_2025-10-01,2025-10-01,29,843.76,166.15,2025-09-29,5.0783,0.0004549999999881038,0.0303915,True,True,b2cc0ea6c92a9ff4f5df5a6587a8f4964eefafa0121c1a534cf8ec31e0f8e2b2,I: latest BNR published date strictly before trading day D-1; point validation only,False
DA_RON_2025-10-01,2025-10-01,30,927.75,182.69,2025-09-29,5.0783,-0.0046269999999140055,0.0303915,True,True,b2cc0ea6c92a9ff4f5df5a6587a8f4964eefafa0121c1a534cf8ec31e0f8e2b2,I: latest BNR published date strictly before trading day D-1; point validation only,False
DA_RON_2025-10-01,2025-10-01,31,911.15,179.42,2025-09-29,5.0783,0.001414000000067972,0.0303915,True,True,b2cc0ea6c92a9ff4f5df5a6587a8f4964eefafa0121c1a534cf8ec31e0f8e2b2,I: latest BNR published date strictly before trading day D-1; point validation only,False
DA_RON_2025-10-01,2025-10-01,32,871.54,171.62,2025-09-29,5.0783,0.002154000000018641,0.0303915,True,True,b2cc0ea6c92a9ff4f5df5a6587a8f4964eefafa0121c1a534cf8ec31e0f8e2b2,I: latest BNR published date strictly before trading day D-1; point validation only,False
DA_RON_2025-10-01,2025-10-01,33,982.8,193.53,2025-09-29,5.0783,-0.003398999999944863,0.0303915,True,True,b2cc0ea6c92a9ff4f5df5a6587a8f4964eefafa0121c1a534cf8ec31e0f8e2b2,I: latest BNR published date strictly before trading day D-1; point validation only,False
DA_RON_2025-10-01,2025-10-01,34,720.81,141.94,2025-09-29,5.0783,-0.003902000000039152,0.0303915,True,True,b2cc0ea6c92a9ff4f5df5a6587a8f4964eefafa0121c1a534cf8ec31e0f8e2b2,I: latest BNR published date strictly before trading day D-1; point validation only,False
DA_RON_2025-10-01,2025-10-01,35,596.45,117.45,2025-09-29,5.0783,0.0036650000000690852,0.0303915,True,True,b2cc0ea6c92a9ff4f5df5a6587a8f4964eefafa0121c1a534cf8ec31e0f8e2b2,I: latest BNR published date strictly before trading day D-1; point validation only,False
DA_RON_2025-10-01,2025-10-01,36,483.71,95.25,2025-09-29,5.0783,0.0019250000000283762,0.0303915,True,True,b2cc0ea6c92a9ff4f5df5a6587a8f4964eefafa0121c1a534cf8ec31e0f8e2b2,I: latest BNR published date strictly before trading day D-1; point validation only,False
DA_RON_2025-10-01,2025-10-01,37,700.4,137.92,2025-09-29,5.0783,0.0008640000000923465,0.0303915,True,True,b2cc0ea6c92a9ff4f5df5a6587a8f4964eefafa0121c1a534cf8ec31e0f8e2b2,I: latest BNR published date strictly before trading day D-1; point validation only,False
DA_RON_2025-10-01,2025-10-01,38,533.27,105.01,2025-09-29,5.0783,-0.002283000000034008,0.0303915,True,True,b2cc0ea6c92a9ff4f5df5a6587a8f4964eefafa0121c1a534cf8ec31e0f8e2b2,I: latest BNR published date strictly before trading day D-1; point validation only,False
DA_RON_2025-10-01,2025-10-01,39,475.38,93.61,2025-09-29,5.0783,0.0003370000000586515,0.0303915,True,True,b2cc0ea6c92a9ff4f5df5a6587a8f4964eefafa0121c1a534cf8ec31e0f8e2b2,I: latest BNR published date strictly before trading day D-1; point validation only,False
DA_RON_2025-10-01,2025-10-01,40,416.98,82.11,2025-09-29,5.0783,0.0007870000000593791,0.0303915,True,True,b2cc0ea6c92a9ff4f5df5a6587a8f4964eefafa0121c1a534cf8ec31e0f8e2b2,I: latest BNR published date strictly before trading day D-1; point validation only,False
DA_RON_2025-10-01,2025-10-01,41,525.15,103.41,2025-09-29,5.0783,0.0029970000000503205,0.0303915,True,True,b2cc0ea6c92a9ff4f5df5a6587a8f4964eefafa0121c1a534cf8ec31e0f8e2b2,I: latest BNR published date strictly before trading day D-1; point validation only,False
DA_RON_2025-10-01,2025-10-01,42,481.42,94.8,2025-09-29,5.0783,-0.0028399999999351166,0.0303915,True,True,b2cc0ea6c92a9ff4f5df5a6587a8f4964eefafa0121c1a534cf8ec31e0f8e2b2,I: latest BNR published date strictly before trading day D-1; point validation only,False
DA_RON_2025-10-01,2025-10-01,43,419.52,82.61,2025-09-29,5.0783,0.0016370000000165419,0.0303915,True,True,b2cc0ea6c92a9ff4f5df5a6587a8f4964eefafa0121c1a534cf8ec31e0f8e2b2,I: latest BNR published date strictly before trading day D-1; point validation only,False
DA_RON_2025-10-01,2025-10-01,44,345.32,68.0,2025-09-29,5.0783,-0.004399999999975535,0.0303915,True,True,b2cc0ea6c92a9ff4f5df5a6587a8f4964eefafa0121c1a534cf8ec31e0f8e2b2,I: latest BNR published date strictly before trading day D-1; point validation only,False
DA_RON_2025-10-01,2025-10-01,45,508.08,100.05,2025-09-29,5.0783,-0.003914999999949487,0.0303915,True,True,b2cc0ea6c92a9ff4f5df5a6587a8f4964eefafa0121c1a534cf8ec31e0f8e2b2,I: latest BNR published date strictly before trading day D-1; point validation only,False
DA_RON_2025-10-01,2025-10-01,46,435.01,85.66,2025-09-29,5.0783,0.0028220000000374057,0.0303915,True,True,b2cc0ea6c92a9ff4f5df5a6587a8f4964eefafa0121c1a534cf8ec31e0f8e2b2,I: latest BNR published date strictly before trading day D-1; point validation only,False
DA_RON_2025-10-01,2025-10-01,47,431.66,85.0,2025-09-29,5.0783,0.004500000000064119,0.0303915,True,True,b2cc0ea6c92a9ff4f5df5a6587a8f4964eefafa0121c1a534cf8ec31e0f8e2b2,I: latest BNR published date strictly before trading day D-1; point validation only,False
DA_RON_2025-10-01,2025-10-01,48,431.66,85.0,2025-09-29,5.0783,0.004500000000064119,0.0303915,True,True,b2cc0ea6c92a9ff4f5df5a6587a8f4964eefafa0121c1a534cf8ec31e0f8e2b2,I: latest BNR published date strictly before trading day D-1; point validation only,False
DA_RON_2025-10-01,2025-10-01,49,455.27,89.65,2025-09-29,5.0783,0.00040500000000065484,0.0303915,True,True,b2cc0ea6c92a9ff4f5df5a6587a8f4964eefafa0121c1a534cf8ec31e0f8e2b2,I: latest BNR published date strictly before trading day D-1; point validation only,False
DA_RON_2025-10-01,2025-10-01,50,433.38,85.34,2025-09-29,5.0783,-0.0021219999999857464,0.0303915,True,True,b2cc0ea6c92a9ff4f5df5a6587a8f4964eefafa0121c1a534cf8ec31e0f8e2b2,I: latest BNR published date strictly before trading day D-1; point validation only,False
DA_RON_2025-10-01,2025-10-01,51,431.66,85.0,2025-09-29,5.0783,0.004500000000064119,0.0303915,True,True,b2cc0ea6c92a9ff4f5df5a6587a8f4964eefafa0121c1a534cf8ec31e0f8e2b2,I: latest BNR published date strictly before trading day D-1; point validation only,False
DA_RON_2025-10-01,2025-10-01,52,433.38,85.34,2025-09-29,5.0783,-0.0021219999999857464,0.0303915,True,True,b2cc0ea6c92a9ff4f5df5a6587a8f4964eefafa0121c1a534cf8ec31e0f8e2b2,I: latest BNR published date strictly before trading day D-1; point validation only,False
DA_RON_2025-10-01,2025-10-01,53,435.67,85.79,2025-09-29,5.0783,0.00264300000003459,0.0303915,True,True,b2cc0ea6c92a9ff4f5df5a6587a8f4964eefafa0121c1a534cf8ec31e0f8e2b2,I: latest BNR published date strictly before trading day D-1; point validation only,False
DA_RON_2025-10-01,2025-10-01,54,451.51,88.91,2025-09-29,5.0783,-0.0016529999999761458,0.0303915,True,True,b2cc0ea6c92a9ff4f5df5a6587a8f4964eefafa0121c1a534cf8ec31e0f8e2b2,I: latest BNR published date strictly before trading day D-1; point validation only,False
DA_RON_2025-10-01,2025-10-01,55,465.32,91.63,2025-09-29,5.0783,-0.004628999999965799,0.0303915,True,True,b2cc0ea6c92a9ff4f5df5a6587a8f4964eefafa0121c1a534cf8ec31e0f8e2b2,I: latest BNR published date strictly before trading day D-1; point validation only,False
DA_RON_2025-10-01,2025-10-01,56,476.55,93.84,2025-09-29,5.0783,0.0023280000000340806,0.0303915,True,True,b2cc0ea6c92a9ff4f5df5a6587a8f4964eefafa0121c1a534cf8ec31e0f8e2b2,I: latest BNR published date strictly before trading day D-1; point validation only,False
DA_RON_2025-10-01,2025-10-01,57,442.37,87.11,2025-09-29,5.0783,-0.000712999999961994,0.0303915,True,True,b2cc0ea6c92a9ff4f5df5a6587a8f4964eefafa0121c1a534cf8ec31e0f8e2b2,I: latest BNR published date strictly before trading day D-1; point validation only,False
DA_RON_2025-10-01,2025-10-01,58,465.88,91.74,2025-09-29,5.0783,-0.0032419999999433458,0.0303915,True,True,b2cc0ea6c92a9ff4f5df5a6587a8f4964eefafa0121c1a534cf8ec31e0f8e2b2,I: latest BNR published date strictly before trading day D-1; point validation only,False
DA_RON_2025-10-01,2025-10-01,59,494.73,97.42,2025-09-29,5.0783,0.0020140000000310465,0.0303915,True,True,b2cc0ea6c92a9ff4f5df5a6587a8f4964eefafa0121c1a534cf8ec31e0f8e2b2,I: latest BNR published date strictly before trading day D-1; point validation only,False
DA_RON_2025-10-01,2025-10-01,60,507.93,100.02,2025-09-29,5.0783,-0.0015659999999115826,0.0303915,True,True,b2cc0ea6c92a9ff4f5df5a6587a8f4964eefafa0121c1a534cf8ec31e0f8e2b2,I: latest BNR published date strictly before trading day D-1; point validation only,False
DA_RON_2025-10-01,2025-10-01,61,490.16,96.52,2025-09-29,5.0783,0.002484000000094966,0.0303915,True,True,b2cc0ea6c92a9ff4f5df5a6587a8f4964eefafa0121c1a534cf8ec31e0f8e2b2,I: latest BNR published date strictly before trading day D-1; point validation only,False
DA_RON_2025-10-01,2025-10-01,62,499.25,98.31,2025-09-29,5.0783,0.0023270000000366053,0.0303915,True,True,b2cc0ea6c92a9ff4f5df5a6587a8f4964eefafa0121c1a534cf8ec31e0f8e2b2,I: latest BNR published date strictly before trading day D-1; point validation only,False
DA_RON_2025-10-01,2025-10-01,63,535.76,105.5,2025-09-29,5.0783,-0.0006499999999505235,0.0303915,True,True,b2cc0ea6c92a9ff4f5df5a6587a8f4964eefafa0121c1a534cf8ec31e0f8e2b2,I: latest BNR published date strictly before trading day D-1; point validation only,False
DA_RON_2025-10-01,2025-10-01,64,567.04,111.66,2025-09-29,5.0783,-0.002977999999984604,0.0303915,True,True,b2cc0ea6c92a9ff4f5df5a6587a8f4964eefafa0121c1a534cf8ec31e0f8e2b2,I: latest BNR published date strictly before trading day D-1; point validation only,False
DA_RON_2025-10-01,2025-10-01,65,480.76,94.67,2025-09-29,5.0783,-0.0026609999999891443,0.0303915,True,True,b2cc0ea6c92a9ff4f5df5a6587a8f4964eefafa0121c1a534cf8ec31e0f8e2b2,I: latest BNR published date strictly before trading day D-1; point validation only,False
DA_RON_2025-10-01,2025-10-01,66,515.6,101.53,2025-09-29,5.0783,0.00020100000006095797,0.0303915,True,True,b2cc0ea6c92a9ff4f5df5a6587a8f4964eefafa0121c1a534cf8ec31e0f8e2b2,I: latest BNR published date strictly before trading day D-1; point validation only,False
DA_RON_2025-10-01,2025-10-01,67,548.0,107.91,2025-09-29,5.0783,0.0006470000000717846,0.0303915,True,True,b2cc0ea6c92a9ff4f5df5a6587a8f4964eefafa0121c1a534cf8ec31e0f8e2b2,I: latest BNR published date strictly before trading day D-1; point validation only,False
DA_RON_2025-10-01,2025-10-01,68,772.71,152.16,2025-09-29,5.0783,-0.004127999999923304,0.0303915,True,True,b2cc0ea6c92a9ff4f5df5a6587a8f4964eefafa0121c1a534cf8ec31e0f8e2b2,I: latest BNR published date strictly before trading day D-1; point validation only,False
DA_RON_2025-10-01,2025-10-01,69,493.36,97.15,2025-09-29,5.0783,0.003155000000049313,0.0303915,True,True,b2cc0ea6c92a9ff4f5df5a6587a8f4964eefafa0121c1a534cf8ec31e0f8e2b2,I: latest BNR published date strictly before trading day D-1; point validation only,False
DA_RON_2025-10-01,2025-10-01,70,672.21,132.37,2025-09-29,5.0783,-0.004570999999941705,0.0303915,True,True,b2cc0ea6c92a9ff4f5df5a6587a8f4964eefafa0121c1a534cf8ec31e0f8e2b2,I: latest BNR published date strictly before trading day D-1; point validation only,False
DA_RON_2025-10-01,2025-10-01,71,832.69,163.97,2025-09-29,5.0783,0.0011490000001685985,0.0303915,True,True,b2cc0ea6c92a9ff4f5df5a6587a8f4964eefafa0121c1a534cf8ec31e0f8e2b2,I: latest BNR published date strictly before trading day D-1; point validation only,False
DA_RON_2025-10-01,2025-10-01,72,1121.9,220.92,2025-09-29,5.0783,0.001964000000270971,0.0303915,True,True,b2cc0ea6c92a9ff4f5df5a6587a8f4964eefafa0121c1a534cf8ec31e0f8e2b2,I: latest BNR published date strictly before trading day D-1; point validation only,False
DA_RON_2025-10-01,2025-10-01,73,761.75,150.0,2025-09-29,5.0783,0.005000000000109139,0.0303915,True,True,b2cc0ea6c92a9ff4f5df5a6587a8f4964eefafa0121c1a534cf8ec31e0f8e2b2,I: latest BNR published date strictly before trading day D-1; point validation only,False
DA_RON_2025-10-01,2025-10-01,74,1045.88,205.95,2025-09-29,5.0783,0.0041150000001835,0.0303915,True,True,b2cc0ea6c92a9ff4f5df5a6587a8f4964eefafa0121c1a534cf8ec31e0f8e2b2,I: latest BNR published date strictly before trading day D-1; point validation only,False
DA_RON_2025-10-01,2025-10-01,75,1457.57,287.02,2025-09-29,5.0783,-0.003665999999839187,0.0303915,True,True,b2cc0ea6c92a9ff4f5df5a6587a8f4964eefafa0121c1a534cf8ec31e0f8e2b2,I: latest BNR published date strictly before trading day D-1; point validation only,False
DA_RON_2025-10-01,2025-10-01,76,1859.62,366.19,2025-09-29,5.0783,-0.002676999999948748,0.0303915,True,True,b2cc0ea6c92a9ff4f5df5a6587a8f4964eefafa0121c1a534cf8ec31e0f8e2b2,I: latest BNR published date strictly before trading day D-1; point validation only,False
DA_RON_2025-10-01,2025-10-01,77,1936.81,381.39,2025-09-29,5.0783,-0.0028369999997721607,0.0303915,True,True,b2cc0ea6c92a9ff4f5df5a6587a8f4964eefafa0121c1a534cf8ec31e0f8e2b2,I: latest BNR published date strictly before trading day D-1; point validation only,False
DA_RON_2025-10-01,2025-10-01,78,1797.16,353.89,2025-09-29,5.0783,0.00041300000020783045,0.0303915,True,True,b2cc0ea6c92a9ff4f5df5a6587a8f4964eefafa0121c1a534cf8ec31e0f8e2b2,I: latest BNR published date strictly before trading day D-1; point validation only,False
DA_RON_2025-10-01,2025-10-01,79,1559.65,307.12,2025-09-29,5.0783,0.0025040000002718443,0.0303915,True,True,b2cc0ea6c92a9ff4f5df5a6587a8f4964eefafa0121c1a534cf8ec31e0f8e2b2,I: latest BNR published date strictly before trading day D-1; point validation only,False
DA_RON_2025-10-01,2025-10-01,80,1237.99,243.78,2025-09-29,5.0783,0.0020260000001144363,0.0303915,True,True,b2cc0ea6c92a9ff4f5df5a6587a8f4964eefafa0121c1a534cf8ec31e0f8e2b2,I: latest BNR published date strictly before trading day D-1; point validation only,False
DA_RON_2025-10-01,2025-10-01,81,1083.71,213.4,2025-09-29,5.0783,0.0007800000000770524,0.0303915,True,True,b2cc0ea6c92a9ff4f5df5a6587a8f4964eefafa0121c1a534cf8ec31e0f8e2b2,I: latest BNR published date strictly before trading day D-1; point validation only,False
DA_RON_2025-10-01,2025-10-01,82,788.1,155.19,2025-09-29,5.0783,-0.0013769999999340143,0.0303915,True,True,b2cc0ea6c92a9ff4f5df5a6587a8f4964eefafa0121c1a534cf8ec31e0f8e2b2,I: latest BNR published date strictly before trading day D-1; point validation only,False
DA_RON_2025-10-01,2025-10-01,83,706.8,139.18,2025-09-29,5.0783,0.0022060000000010405,0.0303915,True,True,b2cc0ea6c92a9ff4f5df5a6587a8f4964eefafa0121c1a534cf8ec31e0f8e2b2,I: latest BNR published date strictly before trading day D-1; point validation only,False
DA_RON_2025-10-01,2025-10-01,84,580.04,114.22,2025-09-29,5.0783,-0.003425999999990381,0.0303915,True,True,b2cc0ea6c92a9ff4f5df5a6587a8f4964eefafa0121c1a534cf8ec31e0f8e2b2,I: latest BNR published date strictly before trading day D-1; point validation only,False
DA_RON_2025-10-01,2025-10-01,85,690.45,135.96,2025-09-29,5.0783,0.004332000000090375,0.0303915,True,True,b2cc0ea6c92a9ff4f5df5a6587a8f4964eefafa0121c1a534cf8ec31e0f8e2b2,I: latest BNR published date strictly before trading day D-1; point validation only,False
DA_RON_2025-10-01,2025-10-01,86,635.85,125.21,2025-09-29,5.0783,-0.003942999999935637,0.0303915,True,True,b2cc0ea6c92a9ff4f5df5a6587a8f4964eefafa0121c1a534cf8ec31e0f8e2b2,I: latest BNR published date strictly before trading day D-1; point validation only,False
DA_RON_2025-10-01,2025-10-01,87,542.41,106.81,2025-09-29,5.0783,-0.0032230000000481596,0.0303915,True,True,b2cc0ea6c92a9ff4f5df5a6587a8f4964eefafa0121c1a534cf8ec31e0f8e2b2,I: latest BNR published date strictly before trading day D-1; point validation only,False
DA_RON_2025-10-01,2025-10-01,88,514.33,101.28,2025-09-29,5.0783,-0.00022399999988920172,0.0303915,True,True,b2cc0ea6c92a9ff4f5df5a6587a8f4964eefafa0121c1a534cf8ec31e0f8e2b2,I: latest BNR published date strictly before trading day D-1; point validation only,False
DA_RON_2025-10-01,2025-10-01,89,558.0,109.88,2025-09-29,5.0783,-0.003603999999882035,0.0303915,True,True,b2cc0ea6c92a9ff4f5df5a6587a8f4964eefafa0121c1a534cf8ec31e0f8e2b2,I: latest BNR published date strictly before trading day D-1; point validation only,False
DA_RON_2025-10-01,2025-10-01,90,522.2,102.83,2025-09-29,5.0783,-0.0015889999998535131,0.0303915,True,True,b2cc0ea6c92a9ff4f5df5a6587a8f4964eefafa0121c1a534cf8ec31e0f8e2b2,I: latest BNR published date strictly before trading day D-1; point validation only,False
DA_RON_2025-10-01,2025-10-01,91,485.13,95.53,2025-09-29,5.0783,1.0000000543186616e-06,0.0303915,True,True,b2cc0ea6c92a9ff4f5df5a6587a8f4964eefafa0121c1a534cf8ec31e0f8e2b2,I: latest BNR published date strictly before trading day D-1; point validation only,False
DA_RON_2025-10-01,2025-10-01,92,456.49,89.89,2025-09-29,5.0783,0.0016130000000202926,0.0303915,True,True,b2cc0ea6c92a9ff4f5df5a6587a8f4964eefafa0121c1a534cf8ec31e0f8e2b2,I: latest BNR published date strictly before trading day D-1; point validation only,False
DA_RON_2025-10-01,2025-10-01,93,482.74,95.06,2025-09-29,5.0783,-0.0031979999999407482,0.0303915,True,True,b2cc0ea6c92a9ff4f5df5a6587a8f4964eefafa0121c1a534cf8ec31e0f8e2b2,I: latest BNR published date strictly before trading day D-1; point validation only,False
DA_RON_2025-10-01,2025-10-01,94,471.67,92.88,2025-09-29,5.0783,-0.002503999999930784,0.0303915,True,True,b2cc0ea6c92a9ff4f5df5a6587a8f4964eefafa0121c1a534cf8ec31e0f8e2b2,I: latest BNR published date strictly before trading day D-1; point validation only,False
DA_RON_2025-10-01,2025-10-01,95,463.9,91.35,2025-09-29,5.0783,-0.0027049999999348984,0.0303915,True,True,b2cc0ea6c92a9ff4f5df5a6587a8f4964eefafa0121c1a534cf8ec31e0f8e2b2,I: latest BNR published date strictly before trading day D-1; point validation only,False
DA_RON_2025-10-01,2025-10-01,96,440.03,86.65,2025-09-29,5.0783,-0.004695000000026539,0.0303915,True,True,b2cc0ea6c92a9ff4f5df5a6587a8f4964eefafa0121c1a534cf8ec31e0f8e2b2,I: latest BNR published date strictly before trading day D-1; point validation only,False
DA_RON_2025-10-26,2025-10-26,1,476.56,93.75,2025-10-24,5.0835,-0.018124999999997726,0.0304175,True,True,abe1133fa6736b79efc728e7d56ca19826c5a1af4f69e306a9a742771c8850a7,I: latest BNR published date strictly before trading day D-1; point validation only,False
DA_RON_2025-10-26,2025-10-26,2,454.04,89.32,2025-10-24,5.0835,-0.018219999999928405,0.0304175,True,True,abe1133fa6736b79efc728e7d56ca19826c5a1af4f69e306a9a742771c8850a7,I: latest BNR published date strictly before trading day D-1; point validation only,False
DA_RON_2025-10-26,2025-10-26,3,468.69,92.2,2025-10-24,5.0835,-0.008700000000033015,0.0304175,True,True,abe1133fa6736b79efc728e7d56ca19826c5a1af4f69e306a9a742771c8850a7,I: latest BNR published date strictly before trading day D-1; point validation only,False
DA_RON_2025-10-26,2025-10-26,4,442.51,87.05,2025-10-24,5.0835,-0.008674999999982447,0.0304175,True,True,abe1133fa6736b79efc728e7d56ca19826c5a1af4f69e306a9a742771c8850a7,I: latest BNR published date strictly before trading day D-1; point validation only,False
DA_RON_2025-10-26,2025-10-26,5,406.46,79.96,2025-10-24,5.0835,-0.016660000000001673,0.0304175,True,True,abe1133fa6736b79efc728e7d56ca19826c5a1af4f69e306a9a742771c8850a7,I: latest BNR published date strictly before trading day D-1; point validation only,False
DA_RON_2025-10-26,2025-10-26,6,389.39,76.6,2025-10-24,5.0835,-0.006100000000003547,0.0304175,True,True,abe1133fa6736b79efc728e7d56ca19826c5a1af4f69e306a9a742771c8850a7,I: latest BNR published date strictly before trading day D-1; point validation only,False
DA_RON_2025-10-26,2025-10-26,7,373.67,73.51,2025-10-24,5.0835,-0.01808499999998503,0.0304175,True,True,abe1133fa6736b79efc728e7d56ca19826c5a1af4f69e306a9a742771c8850a7,I: latest BNR published date strictly before trading day D-1; point validation only,False
DA_RON_2025-10-26,2025-10-26,8,289.28,56.91,2025-10-24,5.0835,-0.02198500000002923,0.0304175,True,True,abe1133fa6736b79efc728e7d56ca19826c5a1af4f69e306a9a742771c8850a7,I: latest BNR published date strictly before trading day D-1; point validation only,False
DA_RON_2025-10-26,2025-10-26,9,368.75,72.54,2025-10-24,5.0835,-0.007090000000005148,0.0304175,True,True,abe1133fa6736b79efc728e7d56ca19826c5a1af4f69e306a9a742771c8850a7,I: latest BNR published date strictly before trading day D-1; point validation only,False
DA_RON_2025-10-26,2025-10-26,10,347.2,68.3,2025-10-24,5.0835,-0.003049999999973352,0.0304175,True,True,abe1133fa6736b79efc728e7d56ca19826c5a1af4f69e306a9a742771c8850a7,I: latest BNR published date strictly before trading day D-1; point validation only,False
DA_RON_2025-10-26,2025-10-26,11,287.78,56.61,2025-10-24,5.0835,0.003064999999992324,0.0304175,True,True,abe1133fa6736b79efc728e7d56ca19826c5a1af4f69e306a9a742771c8850a7,I: latest BNR published date strictly before trading day D-1; point validation only,False
DA_RON_2025-10-26,2025-10-26,12,257.26,50.61,2025-10-24,5.0835,-0.015935000000013133,0.0304175,True,True,abe1133fa6736b79efc728e7d56ca19826c5a1af4f69e306a9a742771c8850a7,I: latest BNR published date strictly before trading day D-1; point validation only,False
DA_RON_2025-10-26,2025-10-26,13,321.39,63.22,2025-10-24,5.0835,0.0111299999999801,0.0304175,True,True,abe1133fa6736b79efc728e7d56ca19826c5a1af4f69e306a9a742771c8850a7,I: latest BNR published date strictly before trading day D-1; point validation only,False
DA_RON_2025-10-26,2025-10-26,14,326.69,64.26,2025-10-24,5.0835,0.02428999999995085,0.0304175,True,True,abe1133fa6736b79efc728e7d56ca19826c5a1af4f69e306a9a742771c8850a7,I: latest BNR published date strictly before trading day D-1; point validation only,False
DA_RON_2025-10-26,2025-10-26,15,307.47,60.48,2025-10-24,5.0835,0.019920000000070104,0.0304175,True,True,abe1133fa6736b79efc728e7d56ca19826c5a1af4f69e306a9a742771c8850a7,I: latest BNR published date strictly before trading day D-1; point validation only,False
DA_RON_2025-10-26,2025-10-26,16,282.98,55.67,2025-10-24,5.0835,-0.018444999999985612,0.0304175,True,True,abe1133fa6736b79efc728e7d56ca19826c5a1af4f69e306a9a742771c8850a7,I: latest BNR published date strictly before trading day D-1; point validation only,False
DA_RON_2025-10-26,2025-10-26,17,280.79,55.24,2025-10-24,5.0835,-0.022539999999992233,0.0304175,True,True,abe1133fa6736b79efc728e7d56ca19826c5a1af4f69e306a9a742771c8850a7,I: latest BNR published date strictly before trading day D-1; point validation only,False
DA_RON_2025-10-26,2025-10-26,18,268.94,52.9,2025-10-24,5.0835,0.022850000000005366,0.0304175,True,True,abe1133fa6736b79efc728e7d56ca19826c5a1af4f69e306a9a742771c8850a7,I: latest BNR published date strictly before trading day D-1; point validation only,False
DA_RON_2025-10-26,2025-10-26,19,283.56,55.78,2025-10-24,5.0835,0.002369999999984884,0.0304175,True,True,abe1133fa6736b79efc728e7d56ca19826c5a1af4f69e306a9a742771c8850a7,I: latest BNR published date strictly before trading day D-1; point validation only,False
DA_RON_2025-10-26,2025-10-26,20,306.45,60.28,2025-10-24,5.0835,0.016619999999988977,0.0304175,True,True,abe1133fa6736b79efc728e7d56ca19826c5a1af4f69e306a9a742771c8850a7,I: latest BNR published date strictly before trading day D-1; point validation only,False
DA_RON_2025-10-26,2025-10-26,21,285.27,56.12,2025-10-24,5.0835,-0.016020000000025902,0.0304175,True,True,abe1133fa6736b79efc728e7d56ca19826c5a1af4f69e306a9a742771c8850a7,I: latest BNR published date strictly before trading day D-1; point validation only,False
DA_RON_2025-10-26,2025-10-26,22,277.99,54.69,2025-10-24,5.0835,-0.026614999999992506,0.0304175,True,True,abe1133fa6736b79efc728e7d56ca19826c5a1af4f69e306a9a742771c8850a7,I: latest BNR published date strictly before trading day D-1; point validation only,False
DA_RON_2025-10-26,2025-10-26,23,317.68,62.49,2025-10-24,5.0835,0.012085000000013224,0.0304175,True,True,abe1133fa6736b79efc728e7d56ca19826c5a1af4f69e306a9a742771c8850a7,I: latest BNR published date strictly before trading day D-1; point validation only,False
DA_RON_2025-10-26,2025-10-26,24,368.82,72.55,2025-10-24,5.0835,0.012075000000038472,0.0304175,True,True,abe1133fa6736b79efc728e7d56ca19826c5a1af4f69e306a9a742771c8850a7,I: latest BNR published date strictly before trading day D-1; point validation only,False
DA_RON_2025-10-26,2025-10-26,25,256.84,50.52,2025-10-24,5.0835,0.021579999999971733,0.0304175,True,True,abe1133fa6736b79efc728e7d56ca19826c5a1af4f69e306a9a742771c8850a7,I: latest BNR published date strictly before trading day D-1; point validation only,False
DA_RON_2025-10-26,2025-10-26,26,308.36,60.66,2025-10-24,5.0835,-0.005109999999945103,0.0304175,True,True,abe1133fa6736b79efc728e7d56ca19826c5a1af4f69e306a9a742771c8850a7,I: latest BNR published date strictly before trading day D-1; point validation only,False
DA_RON_2025-10-26,2025-10-26,27,336.78,66.25,2025-10-24,5.0835,-0.0018750000000409273,0.0304175,True,True,abe1133fa6736b79efc728e7d56ca19826c5a1af4f69e306a9a742771c8850a7,I: latest BNR published date strictly before trading day D-1; point validation only,False
DA_RON_2025-10-26,2025-10-26,28,386.92,76.11,2025-10-24,5.0835,0.01481499999999869,0.0304175,True,True,abe1133fa6736b79efc728e7d56ca19826c5a1af4f69e306a9a742771c8850a7,I: latest BNR published date strictly before trading day D-1; point validation only,False
DA_RON_2025-10-26,2025-10-26,29,301.4,59.29,2025-10-24,5.0835,-0.0007150000000137879,0.0304175,True,True,abe1133fa6736b79efc728e7d56ca19826c5a1af4f69e306a9a742771c8850a7,I: latest BNR published date strictly before trading day D-1; point validation only,False
DA_RON_2025-10-26,2025-10-26,30,333.29,65.56,2025-10-24,5.0835,0.01573999999999387,0.0304175,True,True,abe1133fa6736b79efc728e7d56ca19826c5a1af4f69e306a9a742771c8850a7,I: latest BNR published date strictly before trading day D-1; point validation only,False
DA_RON_2025-10-26,2025-10-26,31,330.32,64.98,2025-10-24,5.0835,-0.0058300000000031105,0.0304175,True,True,abe1133fa6736b79efc728e7d56ca19826c5a1af4f69e306a9a742771c8850a7,I: latest BNR published date strictly before trading day D-1; point validation only,False
DA_RON_2025-10-26,2025-10-26,32,330.03,64.92,2025-10-24,5.0835,0.009179999999958,0.0304175,True,True,abe1133fa6736b79efc728e7d56ca19826c5a1af4f69e306a9a742771c8850a7,I: latest BNR published date strictly before trading day D-1; point validation only,False
DA_RON_2025-10-26,2025-10-26,33,388.23,76.37,2025-10-24,5.0835,0.0031050000000050204,0.0304175,True,True,abe1133fa6736b79efc728e7d56ca19826c5a1af4f69e306a9a742771c8850a7,I: latest BNR published date strictly before trading day D-1; point validation only,False
DA_RON_2025-10-26,2025-10-26,34,351.12,69.07,2025-10-24,5.0835,0.0026550000000611362,0.0304175,True,True,abe1133fa6736b79efc728e7d56ca19826c5a1af4f69e306a9a742771c8850a7,I: latest BNR published date strictly before trading day D-1; point validation only,False
DA_RON_2025-10-26,2025-10-26,35,333.62,65.63,2025-10-24,5.0835,-0.01010499999995318,0.0304175,True,True,abe1133fa6736b79efc728e7d56ca19826c5a1af4f69e306a9a742771c8850a7,I: latest BNR published date strictly before trading day D-1; point validation only,False
DA_RON_2025-10-26,2025-10-26,36,225.48,44.36,2025-10-24,5.0835,-0.024059999999991533,0.0304175,True,True,abe1133fa6736b79efc728e7d56ca19826c5a1af4f69e306a9a742771c8850a7,I: latest BNR published date strictly before trading day D-1; point validation only,False
DA_RON_2025-10-26,2025-10-26,37,423.15,83.24,2025-10-24,5.0835,-0.0005400000000008731,0.0304175,True,True,abe1133fa6736b79efc728e7d56ca19826c5a1af4f69e306a9a742771c8850a7,I: latest BNR published date strictly before trading day D-1; point validation only,False
DA_RON_2025-10-26,2025-10-26,38,284.99,56.06,2025-10-24,5.0835,0.008989999999982956,0.0304175,True,True,abe1133fa6736b79efc728e7d56ca19826c5a1af4f69e306a9a742771c8850a7,I: latest BNR published date strictly before trading day D-1; point validation only,False
DA_RON_2025-10-26,2025-10-26,39,212.97,41.89,2025-10-24,5.0835,0.02218500000000745,0.0304175,True,True,abe1133fa6736b79efc728e7d56ca19826c5a1af4f69e306a9a742771c8850a7,I: latest BNR published date strictly before trading day D-1; point validation only,False
DA_RON_2025-10-26,2025-10-26,40,143.68,28.26,2025-10-24,5.0835,0.020289999999988595,0.0304175,True,True,abe1133fa6736b79efc728e7d56ca19826c5a1af4f69e306a9a742771c8850a7,I: latest BNR published date strictly before trading day D-1; point validation only,False
DA_RON_2025-10-26,2025-10-26,41,335.69,66.03,2025-10-24,5.0835,0.02649500000001126,0.0304175,True,True,abe1133fa6736b79efc728e7d56ca19826c5a1af4f69e306a9a742771c8850a7,I: latest BNR published date strictly before trading day D-1; point validation only,False
DA_RON_2025-10-26,2025-10-26,42,268.46,52.81,2025-10-24,5.0835,0.0003649999999879583,0.0304175,True,True,abe1133fa6736b79efc728e7d56ca19826c5a1af4f69e306a9a742771c8850a7,I: latest BNR published date strictly before trading day D-1; point validation only,False
DA_RON_2025-10-26,2025-10-26,43,192.6,37.89,2025-10-24,5.0835,-0.013814999999993915,0.0304175,True,True,abe1133fa6736b79efc728e7d56ca19826c5a1af4f69e306a9a742771c8850a7,I: latest BNR published date strictly before trading day D-1; point validation only,False
DA_RON_2025-10-26,2025-10-26,44,130.73,25.72,2025-10-24,5.0835,-0.017619999999993752,0.0304175,True,True,abe1133fa6736b79efc728e7d56ca19826c5a1af4f69e306a9a742771c8850a7,I: latest BNR published date strictly before trading day D-1; point validation only,False
DA_RON_2025-10-26,2025-10-26,45,281.36,55.35,2025-10-24,5.0835,-0.011725000000012642,0.0304175,True,True,abe1133fa6736b79efc728e7d56ca19826c5a1af4f69e306a9a742771c8850a7,I: latest BNR published date strictly before trading day D-1; point validation only,False
DA_RON_2025-10-26,2025-10-26,46,121.12,23.83,2025-10-24,5.0835,-0.01980499999999097,0.0304175,True,True,abe1133fa6736b79efc728e7d56ca19826c5a1af4f69e306a9a742771c8850a7,I: latest BNR published date strictly before trading day D-1; point validation only,False
DA_RON_2025-10-26,2025-10-26,47,26.02,5.12,2025-10-24,5.0835,-0.007519999999999527,0.0304175,True,True,abe1133fa6736b79efc728e7d56ca19826c5a1af4f69e306a9a742771c8850a7,I: latest BNR published date strictly before trading day D-1; point validation only,False
DA_RON_2025-10-26,2025-10-26,48,10.12,1.99,2025-10-24,5.0835,0.0038349999999987006,0.0304175,True,True,abe1133fa6736b79efc728e7d56ca19826c5a1af4f69e306a9a742771c8850a7,I: latest BNR published date strictly before trading day D-1; point validation only,False
DA_RON_2025-10-26,2025-10-26,49,94.2,18.53,2025-10-24,5.0835,0.0027450000000044383,0.0304175,True,True,abe1133fa6736b79efc728e7d56ca19826c5a1af4f69e306a9a742771c8850a7,I: latest BNR published date strictly before trading day D-1; point validation only,False
DA_RON_2025-10-26,2025-10-26,50,75.06,14.77,2025-10-24,5.0835,-0.023294999999990296,0.0304175,True,True,abe1133fa6736b79efc728e7d56ca19826c5a1af4f69e306a9a742771c8850a7,I: latest BNR published date strictly before trading day D-1; point validation only,False
DA_RON_2025-10-26,2025-10-26,51,46.38,9.12,2025-10-24,5.0835,0.018480000000003827,0.0304175,True,True,abe1133fa6736b79efc728e7d56ca19826c5a1af4f69e306a9a742771c8850a7,I: latest BNR published date strictly before trading day D-1; point validation only,False
DA_RON_2025-10-26,2025-10-26,52,27.65,5.44,2025-10-24,5.0835,-0.004240000000002908,0.0304175,True,True,abe1133fa6736b79efc728e7d56ca19826c5a1af4f69e306a9a742771c8850a7,I: latest BNR published date strictly before trading day D-1; point validation only,False
DA_RON_2025-10-26,2025-10-26,53,52.28,10.28,2025-10-24,5.0835,0.021620000000005746,0.0304175,True,True,abe1133fa6736b79efc728e7d56ca19826c5a1af4f69e306a9a742771c8850a7,I: latest BNR published date strictly before trading day D-1; point validation only,False
DA_RON_2025-10-26,2025-10-26,54,42.89,8.44,2025-10-24,5.0835,-0.0147399999999962,0.0304175,True,True,abe1133fa6736b79efc728e7d56ca19826c5a1af4f69e306a9a742771c8850a7,I: latest BNR published date strictly before trading day D-1; point validation only,False
DA_RON_2025-10-26,2025-10-26,55,42.85,8.43,2025-10-24,5.0835,-0.0039049999999960505,0.0304175,True,True,abe1133fa6736b79efc728e7d56ca19826c5a1af4f69e306a9a742771c8850a7,I: latest BNR published date strictly before trading day D-1; point validation only,False
DA_RON_2025-10-26,2025-10-26,56,42.87,8.43,2025-10-24,5.0835,0.01609499999999997,0.0304175,True,True,abe1133fa6736b79efc728e7d56ca19826c5a1af4f69e306a9a742771c8850a7,I: latest BNR published date strictly before trading day D-1; point validation only,False
DA_RON_2025-10-26,2025-10-26,57,39.21,7.71,2025-10-24,5.0835,0.016215000000002533,0.0304175,True,True,abe1133fa6736b79efc728e7d56ca19826c5a1af4f69e306a9a742771c8850a7,I: latest BNR published date strictly before trading day D-1; point validation only,False
DA_RON_2025-10-26,2025-10-26,58,46.85,9.22,2025-10-24,5.0835,-0.019870000000004495,0.0304175,True,True,abe1133fa6736b79efc728e7d56ca19826c5a1af4f69e306a9a742771c8850a7,I: latest BNR published date strictly before trading day D-1; point validation only,False
DA_RON_2025-10-26,2025-10-26,59,100.46,19.76,2025-10-24,5.0835,0.01003999999998939,0.0304175,True,True,abe1133fa6736b79efc728e7d56ca19826c5a1af4f69e306a9a742771c8850a7,I: latest BNR published date strictly before trading day D-1; point validation only,False
DA_RON_2025-10-26,2025-10-26,60,115.2,22.66,2025-10-24,5.0835,0.007890000000003283,0.0304175,True,True,abe1133fa6736b79efc728e7d56ca19826c5a1af4f69e306a9a742771c8850a7,I: latest BNR published date strictly before trading day D-1; point validation only,False
DA_RON_2025-10-26,2025-10-26,61,170.53,33.54,2025-10-24,5.0835,0.029410000000012815,0.0304175,True,True,abe1133fa6736b79efc728e7d56ca19826c5a1af4f69e306a9a742771c8850a7,I: latest BNR published date strictly before trading day D-1; point validation only,False
DA_RON_2025-10-26,2025-10-26,62,363.8,71.56,2025-10-24,5.0835,0.024740000000008422,0.0304175,True,True,abe1133fa6736b79efc728e7d56ca19826c5a1af4f69e306a9a742771c8850a7,I: latest BNR published date strictly before trading day D-1; point validation only,False
DA_RON_2025-10-26,2025-10-26,63,427.93,84.18,2025-10-24,5.0835,0.0009699999999952524,0.0304175,True,True,abe1133fa6736b79efc728e7d56ca19826c5a1af4f69e306a9a742771c8850a7,I: latest BNR published date strictly before trading day D-1; point validation only,False
DA_RON_2025-10-26,2025-10-26,64,528.43,103.95,2025-10-24,5.0835,0.000174999999899228,0.0304175,True,True,abe1133fa6736b79efc728e7d56ca19826c5a1af4f69e306a9a742771c8850a7,I: latest BNR published date strictly before trading day D-1; point validation only,False
DA_RON_2025-10-26,2025-10-26,65,360.27,70.87,2025-10-24,5.0835,0.002354999999965912,0.0304175,True,True,abe1133fa6736b79efc728e7d56ca19826c5a1af4f69e306a9a742771c8850a7,I: latest BNR published date strictly before trading day D-1; point validation only,False
DA_RON_2025-10-26,2025-10-26,66,487.3,95.86,2025-10-24,5.0835,-0.004309999999975389,0.0304175,True,True,abe1133fa6736b79efc728e7d56ca19826c5a1af4f69e306a9a742771c8850a7,I: latest BNR published date strictly before trading day D-1; point validation only,False
DA_RON_2025-10-26,2025-10-26,67,673.78,132.54,2025-10-24,5.0835,0.012910000000033506,0.0304175,True,True,abe1133fa6736b79efc728e7d56ca19826c5a1af4f69e306a9a742771c8850a7,I: latest BNR published date strictly before trading day D-1; point validation only,False
DA_RON_2025-10-26,2025-10-26,68,802.94,157.95,2025-10-24,5.0835,0.0011750000001029548,0.0304175,True,True,abe1133fa6736b79efc728e7d56ca19826c5a1af4f69e306a9a742771c8850a7,I: latest BNR published date strictly before trading day D-1; point validation only,False
DA_RON_2025-10-26,2025-10-26,69,528.44,103.95,2025-10-24,5.0835,0.01017500000000382,0.0304175,True,True,abe1133fa6736b79efc728e7d56ca19826c5a1af4f69e306a9a742771c8850a7,I: latest BNR published date strictly before trading day D-1; point validation only,False
DA_RON_2025-10-26,2025-10-26,70,655.17,128.88,2025-10-24,5.0835,0.00851999999997588,0.0304175,True,True,abe1133fa6736b79efc728e7d56ca19826c5a1af4f69e306a9a742771c8850a7,I: latest BNR published date strictly before trading day D-1; point validation only,False
DA_RON_2025-10-26,2025-10-26,71,809.53,159.25,2025-10-24,5.0835,-0.01737500000001546,0.0304175,True,True,abe1133fa6736b79efc728e7d56ca19826c5a1af4f69e306a9a742771c8850a7,I: latest BNR published date strictly before trading day D-1; point validation only,False
DA_RON_2025-10-26,2025-10-26,72,853.77,167.95,2025-10-24,5.0835,-0.0038249999998924977,0.0304175,True,True,abe1133fa6736b79efc728e7d56ca19826c5a1af4f69e306a9a742771c8850a7,I: latest BNR published date strictly before trading day D-1; point validation only,False
DA_RON_2025-10-26,2025-10-26,73,647.94,127.46,2025-10-24,5.0835,-0.002909999999928914,0.0304175,True,True,abe1133fa6736b79efc728e7d56ca19826c5a1af4f69e306a9a742771c8850a7,I: latest BNR published date strictly before trading day D-1; point validation only,False
DA_RON_2025-10-26,2025-10-26,74,732.91,144.17,2025-10-24,5.0835,0.021805000000085784,0.0304175,True,True,abe1133fa6736b79efc728e7d56ca19826c5a1af4f69e306a9a742771c8850a7,I: latest BNR published date strictly before trading day D-1; point validation only,False
DA_RON_2025-10-26,2025-10-26,75,791.35,155.67,2025-10-24,5.0835,0.0015550000000530417,0.0304175,True,True,abe1133fa6736b79efc728e7d56ca19826c5a1af4f69e306a9a742771c8850a7,I: latest BNR published date strictly before trading day D-1; point validation only,False
DA_RON_2025-10-26,2025-10-26,76,809.24,159.19,2025-10-24,5.0835,-0.0023649999999406646,0.0304175,True,True,abe1133fa6736b79efc728e7d56ca19826c5a1af4f69e306a9a742771c8850a7,I: latest BNR published date strictly before trading day D-1; point validation only,False
DA_RON_2025-10-26,2025-10-26,77,581.18,114.33,2025-10-24,5.0835,-0.0165550000000394,0.0304175,True,True,abe1133fa6736b79efc728e7d56ca19826c5a1af4f69e306a9a742771c8850a7,I: latest BNR published date strictly before trading day D-1; point validation only,False
DA_RON_2025-10-26,2025-10-26,78,671.56,132.1,2025-10-24,5.0835,0.029649999999946886,0.0304175,True,True,abe1133fa6736b79efc728e7d56ca19826c5a1af4f69e306a9a742771c8850a7,I: latest BNR published date strictly before trading day D-1; point validation only,False
DA_RON_2025-10-26,2025-10-26,79,754.23,148.37,2025-10-24,5.0835,-0.008894999999938591,0.0304175,True,True,abe1133fa6736b79efc728e7d56ca19826c5a1af4f69e306a9a742771c8850a7,I: latest BNR published date strictly before trading day D-1; point validation only,False
DA_RON_2025-10-26,2025-10-26,80,777.03,152.85,2025-10-24,5.0835,0.017024999999989632,0.0304175,True,True,abe1133fa6736b79efc728e7d56ca19826c5a1af4f69e306a9a742771c8850a7,I: latest BNR published date strictly before trading day D-1; point validation only,False
DA_RON_2025-10-26,2025-10-26,81,698.98,137.5,2025-10-24,5.0835,-0.001249999999913598,0.0304175,True,True,abe1133fa6736b79efc728e7d56ca19826c5a1af4f69e306a9a742771c8850a7,I: latest BNR published date strictly before trading day D-1; point validation only,False
DA_RON_2025-10-26,2025-10-26,82,684.02,134.56,2025-10-24,5.0835,-0.01576000000000022,0.0304175,True,True,abe1133fa6736b79efc728e7d56ca19826c5a1af4f69e306a9a742771c8850a7,I: latest BNR published date strictly before trading day D-1; point validation only,False
DA_RON_2025-10-26,2025-10-26,83,587.87,115.64,2025-10-24,5.0835,0.014059999999972206,0.0304175,True,True,abe1133fa6736b79efc728e7d56ca19826c5a1af4f69e306a9a742771c8850a7,I: latest BNR published date strictly before trading day D-1; point validation only,False
DA_RON_2025-10-26,2025-10-26,84,508.45,100.02,2025-10-24,5.0835,-0.0016699999999900683,0.0304175,True,True,abe1133fa6736b79efc728e7d56ca19826c5a1af4f69e306a9a742771c8850a7,I: latest BNR published date strictly before trading day D-1; point validation only,False
DA_RON_2025-10-26,2025-10-26,85,699.09,137.52,2025-10-24,5.0835,0.007079999999973552,0.0304175,True,True,abe1133fa6736b79efc728e7d56ca19826c5a1af4f69e306a9a742771c8850a7,I: latest BNR published date strictly before trading day D-1; point validation only,False
DA_RON_2025-10-26,2025-10-26,86,653.91,128.63,2025-10-24,5.0835,0.01939500000003136,0.0304175,True,True,abe1133fa6736b79efc728e7d56ca19826c5a1af4f69e306a9a742771c8850a7,I: latest BNR published date strictly before trading day D-1; point validation only,False
DA_RON_2025-10-26,2025-10-26,87,528.45,103.95,2025-10-24,5.0835,0.020174999999994725,0.0304175,True,True,abe1133fa6736b79efc728e7d56ca19826c5a1af4f69e306a9a742771c8850a7,I: latest BNR published date strictly before trading day D-1; point validation only,False
DA_RON_2025-10-26,2025-10-26,88,462.09,90.9,2025-10-24,5.0835,-0.00015000000001919034,0.0304175,True,True,abe1133fa6736b79efc728e7d56ca19826c5a1af4f69e306a9a742771c8850a7,I: latest BNR published date strictly before trading day D-1; point validation only,False
DA_RON_2025-10-26,2025-10-26,89,564.57,111.06,2025-10-24,5.0835,-0.0035100000000056752,0.0304175,True,True,abe1133fa6736b79efc728e7d56ca19826c5a1af4f69e306a9a742771c8850a7,I: latest BNR published date strictly before trading day D-1; point validation only,False
DA_RON_2025-10-26,2025-10-26,90,495.64,97.5,2025-10-24,5.0835,-0.0012500000000272848,0.0304175,True,True,abe1133fa6736b79efc728e7d56ca19826c5a1af4f69e306a9a742771c8850a7,I: latest BNR published date strictly before trading day D-1; point validation only,False
DA_RON_2025-10-26,2025-10-26,91,455.22,89.55,2025-10-24,5.0835,-0.007424999999955162,0.0304175,True,True,abe1133fa6736b79efc728e7d56ca19826c5a1af4f69e306a9a742771c8850a7,I: latest BNR published date strictly before trading day D-1; point validation only,False
DA_RON_2025-10-26,2025-10-26,92,434.73,85.52,2025-10-24,5.0835,-0.010919999999941865,0.0304175,True,True,abe1133fa6736b79efc728e7d56ca19826c5a1af4f69e306a9a742771c8850a7,I: latest BNR published date strictly before trading day D-1; point validation only,False
DA_RON_2025-10-26,2025-10-26,93,443.79,87.3,2025-10-24,5.0835,0.000450000000057571,0.0304175,True,True,abe1133fa6736b79efc728e7d56ca19826c5a1af4f69e306a9a742771c8850a7,I: latest BNR published date strictly before trading day D-1; point validation only,False
DA_RON_2025-10-26,2025-10-26,94,415.1,81.66,2025-10-24,5.0835,-0.01860999999996693,0.0304175,True,True,abe1133fa6736b79efc728e7d56ca19826c5a1af4f69e306a9a742771c8850a7,I: latest BNR published date strictly before trading day D-1; point validation only,False
DA_RON_2025-10-26,2025-10-26,95,352.48,69.34,2025-10-24,5.0835,-0.009889999999984411,0.0304175,True,True,abe1133fa6736b79efc728e7d56ca19826c5a1af4f69e306a9a742771c8850a7,I: latest BNR published date strictly before trading day D-1; point validation only,False
DA_RON_2025-10-26,2025-10-26,96,150.51,29.61,2025-10-24,5.0835,-0.012435000000010632,0.0304175,True,True,abe1133fa6736b79efc728e7d56ca19826c5a1af4f69e306a9a742771c8850a7,I: latest BNR published date strictly before trading day D-1; point validation only,False
DA_RON_2025-10-26,2025-10-26,97,487.7,95.94,2025-10-24,5.0835,-0.010989999999992506,0.0304175,True,True,abe1133fa6736b79efc728e7d56ca19826c5a1af4f69e306a9a742771c8850a7,I: latest BNR published date strictly before trading day D-1; point validation only,False
DA_RON_2025-10-26,2025-10-26,98,185.29,36.45,2025-10-24,5.0835,-0.0035750000000120963,0.0304175,True,True,abe1133fa6736b79efc728e7d56ca19826c5a1af4f69e306a9a742771c8850a7,I: latest BNR published date strictly before trading day D-1; point validation only,False
DA_RON_2025-10-26,2025-10-26,99,82.44,16.22,2025-10-24,5.0835,-0.01436999999999955,0.0304175,True,True,abe1133fa6736b79efc728e7d56ca19826c5a1af4f69e306a9a742771c8850a7,I: latest BNR published date strictly before trading day D-1; point validation only,False
DA_RON_2025-10-26,2025-10-26,100,17.65,3.47,2025-10-24,5.0835,0.010254999999997239,0.0304175,True,True,abe1133fa6736b79efc728e7d56ca19826c5a1af4f69e306a9a742771c8850a7,I: latest BNR published date strictly before trading day D-1; point validation only,False
DA_RON_2026-08-31,2026-08-31,1,1130.05,214.9,2026-08-28,5.2584,0.019839999999931024,0.031292,True,True,fe3ff3759cadabde646dd87563f0c1db46627aa7224836f6df44e24f1a9f05e1,I: latest BNR published date strictly before trading day D-1; point validation only,False
DA_RON_2026-08-31,2026-08-31,2,1047.23,199.15,2026-08-28,5.2584,0.019639999999981228,0.031292,True,True,fe3ff3759cadabde646dd87563f0c1db46627aa7224836f6df44e24f1a9f05e1,I: latest BNR published date strictly before trading day D-1; point validation only,False
DA_RON_2026-08-31,2026-08-31,3,1042.85,198.32,2026-08-28,5.2584,0.004111999999850013,0.031292,True,True,fe3ff3759cadabde646dd87563f0c1db46627aa7224836f6df44e24f1a9f05e1,I: latest BNR published date strictly before trading day D-1; point validation only,False
DA_RON_2026-08-31,2026-08-31,4,924.68,175.85,2026-08-28,5.2584,-0.009639999999990323,0.031292,True,True,fe3ff3759cadabde646dd87563f0c1db46627aa7224836f6df44e24f1a9f05e1,I: latest BNR published date strictly before trading day D-1; point validation only,False
DA_RON_2026-08-31,2026-08-31,5,923.86,175.69,2026-08-28,5.2584,0.011704000000008818,0.031292,True,True,fe3ff3759cadabde646dd87563f0c1db46627aa7224836f6df44e24f1a9f05e1,I: latest BNR published date strictly before trading day D-1; point validation only,False
DA_RON_2026-08-31,2026-08-31,6,893.63,169.94,2026-08-28,5.2584,0.017504000000030828,0.031292,True,True,fe3ff3759cadabde646dd87563f0c1db46627aa7224836f6df44e24f1a9f05e1,I: latest BNR published date strictly before trading day D-1; point validation only,False
DA_RON_2026-08-31,2026-08-31,7,868.22,165.11,2026-08-28,5.2584,0.005575999999905434,0.031292,True,True,fe3ff3759cadabde646dd87563f0c1db46627aa7224836f6df44e24f1a9f05e1,I: latest BNR published date strictly before trading day D-1; point validation only,False
DA_RON_2026-08-31,2026-08-31,8,879.73,167.3,2026-08-28,5.2584,-0.00031999999998788553,0.031292,True,True,fe3ff3759cadabde646dd87563f0c1db46627aa7224836f6df44e24f1a9f05e1,I: latest BNR published date strictly before trading day D-1; point validation only,False
DA_RON_2026-08-31,2026-08-31,9,890.24,169.3,2026-08-28,5.2584,-0.007120000000099935,0.031292,True,True,fe3ff3759cadabde646dd87563f0c1db46627aa7224836f6df44e24f1a9f05e1,I: latest BNR published date strictly before trading day D-1; point validation only,False
DA_RON_2026-08-31,2026-08-31,10,871.81,165.79,2026-08-28,5.2584,0.019863999999984117,0.031292,True,True,fe3ff3759cadabde646dd87563f0c1db46627aa7224836f6df44e24f1a9f05e1,I: latest BNR published date strictly before trading day D-1; point validation only,False
DA_RON_2026-08-31,2026-08-31,11,824.6,156.82,2026-08-28,5.2584,-0.022287999999889507,0.031292,True,True,fe3ff3759cadabde646dd87563f0c1db46627aa7224836f6df44e24f1a9f05e1,I: latest BNR published date strictly before trading day D-1; point validation only,False
DA_RON_2026-08-31,2026-08-31,12,851.29,161.89,2026-08-28,5.2584,0.007624000000078013,0.031292,True,True,fe3ff3759cadabde646dd87563f0c1db46627aa7224836f6df44e24f1a9f05e1,I: latest BNR published date strictly before trading day D-1; point validation only,False
DA_RON_2026-08-31,2026-08-31,13,879.07,167.17,2026-08-28,5.2584,0.02327200000013363,0.031292,True,True,fe3ff3759cadabde646dd87563f0c1db46627aa7224836f6df44e24f1a9f05e1,I: latest BNR published date strictly before trading day D-1; point validation only,False
DA_RON_2026-08-31,2026-08-31,14,876.4,166.67,2026-08-28,5.2584,-0.017527999999970234,0.031292,True,True,fe3ff3759cadabde646dd87563f0c1db46627aa7224836f6df44e24f1a9f05e1,I: latest BNR published date strictly before trading day D-1; point validation only,False
DA_RON_2026-08-31,2026-08-31,15,878.43,167.05,2026-08-28,5.2584,0.014279999999871507,0.031292,True,True,fe3ff3759cadabde646dd87563f0c1db46627aa7224836f6df44e24f1a9f05e1,I: latest BNR published date strictly before trading day D-1; point validation only,False
DA_RON_2026-08-31,2026-08-31,16,871.39,165.71,2026-08-28,5.2584,0.020535999999992782,0.031292,True,True,fe3ff3759cadabde646dd87563f0c1db46627aa7224836f6df44e24f1a9f05e1,I: latest BNR published date strictly before trading day D-1; point validation only,False
DA_RON_2026-08-31,2026-08-31,17,902.99,171.72,2026-08-28,5.2584,0.017552000000023327,0.031292,True,True,fe3ff3759cadabde646dd87563f0c1db46627aa7224836f6df44e24f1a9f05e1,I: latest BNR published date strictly before trading day D-1; point validation only,False
DA_RON_2026-08-31,2026-08-31,18,917.77,174.53,2026-08-28,5.2584,0.02144799999996394,0.031292,True,True,fe3ff3759cadabde646dd87563f0c1db46627aa7224836f6df44e24f1a9f05e1,I: latest BNR published date strictly before trading day D-1; point validation only,False
DA_RON_2026-08-31,2026-08-31,19,892.35,169.7,2026-08-28,5.2584,-0.0004799999999249849,0.031292,True,True,fe3ff3759cadabde646dd87563f0c1db46627aa7224836f6df44e24f1a9f05e1,I: latest BNR published date strictly before trading day D-1; point validation only,False
DA_RON_2026-08-31,2026-08-31,20,898.39,170.85,2026-08-28,5.2584,-0.00763999999992393,0.031292,True,True,fe3ff3759cadabde646dd87563f0c1db46627aa7224836f6df44e24f1a9f05e1,I: latest BNR published date strictly before trading day D-1; point validation only,False
DA_RON_2026-08-31,2026-08-31,21,900.99,171.34,2026-08-28,5.2584,0.015744000000040614,0.031292,True,True,fe3ff3759cadabde646dd87563f0c1db46627aa7224836f6df44e24f1a9f05e1,I: latest BNR published date strictly before trading day D-1; point validation only,False
DA_RON_2026-08-31,2026-08-31,22,972.3,184.9,2026-08-28,5.2584,0.02183999999988373,0.031292,True,True,fe3ff3759cadabde646dd87563f0c1db46627aa7224836f6df44e24f1a9f05e1,I: latest BNR published date strictly before trading day D-1; point validation only,False
DA_RON_2026-08-31,2026-08-31,23,1034.43,196.72,2026-08-28,5.2584,-0.0024479999999584834,0.031292,True,True,fe3ff3759cadabde646dd87563f0c1db46627aa7224836f6df44e24f1a9f05e1,I: latest BNR published date strictly before trading day D-1; point validation only,False
DA_RON_2026-08-31,2026-08-31,24,1087.37,206.79,2026-08-28,5.2584,-0.014536000000134663,0.031292,True,True,fe3ff3759cadabde646dd87563f0c1db46627aa7224836f6df44e24f1a9f05e1,I: latest BNR published date strictly before trading day D-1; point validation only,False
DA_RON_2026-08-31,2026-08-31,25,1117.14,212.45,2026-08-28,5.2584,-0.007079999999859865,0.031292,True,True,fe3ff3759cadabde646dd87563f0c1db46627aa7224836f6df44e24f1a9f05e1,I: latest BNR published date strictly before trading day D-1; point validation only,False
DA_RON_2026-08-31,2026-08-31,26,1133.17,215.5,2026-08-28,5.2584,-0.015199999999822467,0.031292,True,True,fe3ff3759cadabde646dd87563f0c1db46627aa7224836f6df44e24f1a9f05e1,I: latest BNR published date strictly before trading day D-1; point validation only,False
DA_RON_2026-08-31,2026-08-31,27,1132.47,215.36,2026-08-28,5.2584,0.020976000000018757,0.031292,True,True,fe3ff3759cadabde646dd87563f0c1db46627aa7224836f6df44e24f1a9f05e1,I: latest BNR published date strictly before trading day D-1; point validation only,False
DA_RON_2026-08-31,2026-08-31,28,1126.55,214.24,2026-08-28,5.2584,-0.009616000000050917,0.031292,True,True,fe3ff3759cadabde646dd87563f0c1db46627aa7224836f6df44e24f1a9f05e1,I: latest BNR published date strictly before trading day D-1; point validation only,False
DA_RON_2026-08-31,2026-08-31,29,1170.97,222.69,2026-08-28,5.2584,-0.023095999999895866,0.031292,True,True,fe3ff3759cadabde646dd87563f0c1db46627aa7224836f6df44e24f1a9f05e1,I: latest BNR published date strictly before trading day D-1; point validation only,False
DA_RON_2026-08-31,2026-08-31,30,1167.62,222.05,2026-08-28,5.2584,-0.00772000000006301,0.031292,True,True,fe3ff3759cadabde646dd87563f0c1db46627aa7224836f6df44e24f1a9f05e1,I: latest BNR published date strictly before trading day D-1; point validation only,False
DA_RON_2026-08-31,2026-08-31,31,1030.89,196.05,2026-08-28,5.2584,-0.019319999999879656,0.031292,True,True,fe3ff3759cadabde646dd87563f0c1db46627aa7224836f6df44e24f1a9f05e1,I: latest BNR published date strictly before trading day D-1; point validation only,False
DA_RON_2026-08-31,2026-08-31,32,886.67,168.62,2026-08-28,5.2584,-0.0014080000000831205,0.031292,True,True,fe3ff3759cadabde646dd87563f0c1db46627aa7224836f6df44e24f1a9f05e1,I: latest BNR published date strictly before trading day D-1; point validation only,False
DA_RON_2026-08-31,2026-08-31,33,1070.49,203.58,2026-08-28,5.2584,-0.015072000000145636,0.031292,True,True,fe3ff3759cadabde646dd87563f0c1db46627aa7224836f6df44e24f1a9f05e1,I: latest BNR published date strictly before trading day D-1; point validation only,False
DA_RON_2026-08-31,2026-08-31,34,918.04,174.58,2026-08-28,5.2584,0.028527999999937492,0.031292,True,True,fe3ff3759cadabde646dd87563f0c1db46627aa7224836f6df44e24f1a9f05e1,I: latest BNR published date strictly before trading day D-1; point validation only,False
DA_RON_2026-08-31,2026-08-31,35,844.01,160.51,2026-08-28,5.2584,-0.015783999999939624,0.031292,True,True,fe3ff3759cadabde646dd87563f0c1db46627aa7224836f6df44e24f1a9f05e1,I: latest BNR published date strictly before trading day D-1; point validation only,False
DA_RON_2026-08-31,2026-08-31,36,683.59,130.0,2026-08-28,5.2584,-0.0019999999999527063,0.031292,True,True,fe3ff3759cadabde646dd87563f0c1db46627aa7224836f6df44e24f1a9f05e1,I: latest BNR published date strictly before trading day D-1; point validation only,False
DA_RON_2026-08-31,2026-08-31,37,936.54,178.1,2026-08-28,5.2584,0.01895999999999276,0.031292,True,True,fe3ff3759cadabde646dd87563f0c1db46627aa7224836f6df44e24f1a9f05e1,I: latest BNR published date strictly before trading day D-1; point validation only,False
DA_RON_2026-08-31,2026-08-31,38,729.84,138.79,2026-08-28,5.2584,0.026664000000096166,0.031292,True,True,fe3ff3759cadabde646dd87563f0c1db46627aa7224836f6df44e24f1a9f05e1,I: latest BNR published date strictly before trading day D-1; point validation only,False
DA_RON_2026-08-31,2026-08-31,39,612.52,116.48,2026-08-28,5.2584,0.02156800000000203,0.031292,True,True,fe3ff3759cadabde646dd87563f0c1db46627aa7224836f6df44e24f1a9f05e1,I: latest BNR published date strictly before trading day D-1; point validation only,False
DA_RON_2026-08-31,2026-08-31,40,594.8,113.11,2026-08-28,5.2584,0.02237600000000839,0.031292,True,True,fe3ff3759cadabde646dd87563f0c1db46627aa7224836f6df44e24f1a9f05e1,I: latest BNR published date strictly before trading day D-1; point validation only,False
DA_RON_2026-08-31,2026-08-31,41,597.23,113.58,2026-08-28,5.2584,-0.01907199999993736,0.031292,True,True,fe3ff3759cadabde646dd87563f0c1db46627aa7224836f6df44e24f1a9f05e1,I: latest BNR published date strictly before trading day D-1; point validation only,False
DA_RON_2026-08-31,2026-08-31,42,512.95,97.55,2026-08-28,5.2584,-0.006919999999922766,0.031292,True,True,fe3ff3759cadabde646dd87563f0c1db46627aa7224836f6df44e24f1a9f05e1,I: latest BNR published date strictly before trading day D-1; point validation only,False
DA_RON_2026-08-31,2026-08-31,43,421.56,80.17,2026-08-28,5.2584,-0.005927999999983058,0.031292,True,True,fe3ff3759cadabde646dd87563f0c1db46627aa7224836f6df44e24f1a9f05e1,I: latest BNR published date strictly before trading day D-1; point validation only,False
DA_RON_2026-08-31,2026-08-31,44,479.22,91.13,2026-08-28,5.2584,0.022008000000028005,0.031292,True,True,fe3ff3759cadabde646dd87563f0c1db46627aa7224836f6df44e24f1a9f05e1,I: latest BNR published date strictly before trading day D-1; point validation only,False
DA_RON_2026-08-31,2026-08-31,45,487.84,92.77,2026-08-28,5.2584,0.018232000000011794,0.031292,True,True,fe3ff3759cadabde646dd87563f0c1db46627aa7224836f6df44e24f1a9f05e1,I: latest BNR published date strictly before trading day D-1; point validation only,False
DA_RON_2026-08-31,2026-08-31,46,435.73,82.86,2026-08-28,5.2584,0.018976000000009208,0.031292,True,True,fe3ff3759cadabde646dd87563f0c1db46627aa7224836f6df44e24f1a9f05e1,I: latest BNR published date strictly before trading day D-1; point validation only,False
DA_RON_2026-08-31,2026-08-31,47,456.12,86.74,2026-08-28,5.2584,0.00638400000002548,0.031292,True,True,fe3ff3759cadabde646dd87563f0c1db46627aa7224836f6df44e24f1a9f05e1,I: latest BNR published date strictly before trading day D-1; point validation only,False
DA_RON_2026-08-31,2026-08-31,48,398.83,75.85,2026-08-28,5.2584,-0.019639999999981228,0.031292,True,True,fe3ff3759cadabde646dd87563f0c1db46627aa7224836f6df44e24f1a9f05e1,I: latest BNR published date strictly before trading day D-1; point validation only,False
DA_RON_2026-08-31,2026-08-31,49,469.74,89.33,2026-08-28,5.2584,0.007128000000022894,0.031292,True,True,fe3ff3759cadabde646dd87563f0c1db46627aa7224836f6df44e24f1a9f05e1,I: latest BNR published date strictly before trading day D-1; point validation only,False
DA_RON_2026-08-31,2026-08-31,50,431.61,82.08,2026-08-28,5.2584,0.0005280000000311702,0.031292,True,True,fe3ff3759cadabde646dd87563f0c1db46627aa7224836f6df44e24f1a9f05e1,I: latest BNR published date strictly before trading day D-1; point validation only,False
DA_RON_2026-08-31,2026-08-31,51,423.26,80.49,2026-08-28,5.2584,0.011384000000020933,0.031292,True,True,fe3ff3759cadabde646dd87563f0c1db46627aa7224836f6df44e24f1a9f05e1,I: latest BNR published date strictly before trading day D-1; point validation only,False
DA_RON_2026-08-31,2026-08-31,52,423.35,80.51,2026-08-28,5.2584,-0.0037839999999960128,0.031292,True,True,fe3ff3759cadabde646dd87563f0c1db46627aa7224836f6df44e24f1a9f05e1,I: latest BNR published date strictly before trading day D-1; point validation only,False
DA_RON_2026-08-31,2026-08-31,53,500.37,95.16,2026-08-28,5.2584,-0.019343999999989592,0.031292,True,True,fe3ff3759cadabde646dd87563f0c1db46627aa7224836f6df44e24f1a9f05e1,I: latest BNR published date strictly before trading day D-1; point validation only,False
DA_RON_2026-08-31,2026-08-31,54,444.68,84.57,2026-08-28,5.2584,-0.02288799999996627,0.031292,True,True,fe3ff3759cadabde646dd87563f0c1db46627aa7224836f6df44e24f1a9f05e1,I: latest BNR published date strictly before trading day D-1; point validation only,False
DA_RON_2026-08-31,2026-08-31,55,397.11,75.52,2026-08-28,5.2584,-0.00436799999994264,0.031292,True,True,fe3ff3759cadabde646dd87563f0c1db46627aa7224836f6df44e24f1a9f05e1,I: latest BNR published date strictly before trading day D-1; point validation only,False
DA_RON_2026-08-31,2026-08-31,56,444.28,84.49,2026-08-28,5.2584,-0.002215999999975793,0.031292,True,True,fe3ff3759cadabde646dd87563f0c1db46627aa7224836f6df44e24f1a9f05e1,I: latest BNR published date strictly before trading day D-1; point validation only,False
DA_RON_2026-08-31,2026-08-31,57,552.13,105.0,2026-08-28,5.2584,-0.0019999999999527063,0.031292,True,True,fe3ff3759cadabde646dd87563f0c1db46627aa7224836f6df44e24f1a9f05e1,I: latest BNR published date strictly before trading day D-1; point validation only,False
DA_RON_2026-08-31,2026-08-31,58,461.73,87.81,2026-08-28,5.2584,-0.010104000000012547,0.031292,True,True,fe3ff3759cadabde646dd87563f0c1db46627aa7224836f6df44e24f1a9f05e1,I: latest BNR published date strictly before trading day D-1; point validation only,False
DA_RON_2026-08-31,2026-08-31,59,344.01,65.42,2026-08-28,5.2584,0.005471999999997479,0.031292,True,True,fe3ff3759cadabde646dd87563f0c1db46627aa7224836f6df44e24f1a9f05e1,I: latest BNR published date strictly before trading day D-1; point validation only,False
DA_RON_2026-08-31,2026-08-31,60,528.4,100.49,2026-08-28,5.2584,-0.016615999999999076,0.031292,True,True,fe3ff3759cadabde646dd87563f0c1db46627aa7224836f6df44e24f1a9f05e1,I: latest BNR published date strictly before trading day D-1; point validation only,False
DA_RON_2026-08-31,2026-08-31,61,484.13,92.07,2026-08-28,5.2584,-0.010887999999965814,0.031292,True,True,fe3ff3759cadabde646dd87563f0c1db46627aa7224836f6df44e24f1a9f05e1,I: latest BNR published date strictly before trading day D-1; point validation only,False
DA_RON_2026-08-31,2026-08-31,62,343.14,65.26,2026-08-28,5.2584,-0.02318400000001475,0.031292,True,True,fe3ff3759cadabde646dd87563f0c1db46627aa7224836f6df44e24f1a9f05e1,I: latest BNR published date strictly before trading day D-1; point validation only,False
DA_RON_2026-08-31,2026-08-31,63,691.35,131.48,2026-08-28,5.2584,-0.024431999999933396,0.031292,True,True,fe3ff3759cadabde646dd87563f0c1db46627aa7224836f6df44e24f1a9f05e1,I: latest BNR published date strictly before trading day D-1; point validation only,False
DA_RON_2026-08-31,2026-08-31,64,862.84,164.09,2026-08-28,5.2584,-0.010855999999989763,0.031292,True,True,fe3ff3759cadabde646dd87563f0c1db46627aa7224836f6df44e24f1a9f05e1,I: latest BNR published date strictly before trading day D-1; point validation only,False
DA_RON_2026-08-31,2026-08-31,65,690.29,131.27,2026-08-28,5.2584,0.019831999999951222,0.031292,True,True,fe3ff3759cadabde646dd87563f0c1db46627aa7224836f6df44e24f1a9f05e1,I: latest BNR published date strictly before trading day D-1; point validation only,False
DA_RON_2026-08-31,2026-08-31,66,819.56,155.86,2026-08-28,5.2584,-0.01422400000012658,0.031292,True,True,fe3ff3759cadabde646dd87563f0c1db46627aa7224836f6df44e24f1a9f05e1,I: latest BNR published date strictly before trading day D-1; point validation only,False
DA_RON_2026-08-31,2026-08-31,67,983.11,186.96,2026-08-28,5.2584,-0.000463999999965381,0.031292,True,True,fe3ff3759cadabde646dd87563f0c1db46627aa7224836f6df44e24f1a9f05e1,I: latest BNR published date strictly before trading day D-1; point validation only,False
DA_RON_2026-08-31,2026-08-31,68,1107.04,210.53,2026-08-28,5.2584,-0.010952000000088447,0.031292,True,True,fe3ff3759cadabde646dd87563f0c1db46627aa7224836f6df44e24f1a9f05e1,I: latest BNR published date strictly before trading day D-1; point validation only,False
DA_RON_2026-08-31,2026-08-31,69,1003.05,190.75,2026-08-28,5.2584,0.010199999999940701,0.031292,True,True,fe3ff3759cadabde646dd87563f0c1db46627aa7224836f6df44e24f1a9f05e1,I: latest BNR published date strictly before trading day D-1; point validation only,False
DA_RON_2026-08-31,2026-08-31,70,1136.28,216.09,2026-08-28,5.2584,-0.007655999999997221,0.031292,True,True,fe3ff3759cadabde646dd87563f0c1db46627aa7224836f6df44e24f1a9f05e1,I: latest BNR published date strictly before trading day D-1; point validation only,False
DA_RON_2026-08-31,2026-08-31,71,1215.15,231.09,2026-08-28,5.2584,-0.01365599999985534,0.031292,True,True,fe3ff3759cadabde646dd87563f0c1db46627aa7224836f6df44e24f1a9f05e1,I: latest BNR published date strictly before trading day D-1; point validation only,False
DA_RON_2026-08-31,2026-08-31,72,1294.78,246.23,2026-08-28,5.2584,0.004167999999936001,0.031292,True,True,fe3ff3759cadabde646dd87563f0c1db46627aa7224836f6df44e24f1a9f05e1,I: latest BNR published date strictly before trading day D-1; point validation only,False
DA_RON_2026-08-31,2026-08-31,73,1282.92,243.97,2026-08-28,5.2584,0.028152000000090993,0.031292,True,True,fe3ff3759cadabde646dd87563f0c1db46627aa7224836f6df44e24f1a9f05e1,I: latest BNR published date strictly before trading day D-1; point validation only,False
DA_RON_2026-08-31,2026-08-31,74,1336.77,254.22,2026-08-28,5.2584,-0.020447999999987587,0.031292,True,True,fe3ff3759cadabde646dd87563f0c1db46627aa7224836f6df44e24f1a9f05e1,I: latest BNR published date strictly before trading day D-1; point validation only,False
DA_RON_2026-08-31,2026-08-31,75,1362.69,259.15,2026-08-28,5.2584,-0.024359999999887805,0.031292,True,True,fe3ff3759cadabde646dd87563f0c1db46627aa7224836f6df44e24f1a9f05e1,I: latest BNR published date strictly before trading day D-1; point validation only,False
DA_RON_2026-08-31,2026-08-31,76,1477.03,280.89,2026-08-28,5.2584,-0.0019760000000133005,0.031292,True,True,fe3ff3759cadabde646dd87563f0c1db46627aa7224836f6df44e24f1a9f05e1,I: latest BNR published date strictly before trading day D-1; point validation only,False
DA_RON_2026-08-31,2026-08-31,77,1303.69,247.93,2026-08-28,5.2584,-0.02511200000003555,0.031292,True,True,fe3ff3759cadabde646dd87563f0c1db46627aa7224836f6df44e24f1a9f05e1,I: latest BNR published date strictly before trading day D-1; point validation only,False
DA_RON_2026-08-31,2026-08-31,78,1288.03,244.95,2026-08-28,5.2584,-0.015079999999898064,0.031292,True,True,fe3ff3759cadabde646dd87563f0c1db46627aa7224836f6df44e24f1a9f05e1,I: latest BNR published date strictly before trading day D-1; point validation only,False
DA_RON_2026-08-31,2026-08-31,79,1306.05,248.37,2026-08-28,5.2584,0.021191999999928157,0.031292,True,True,fe3ff3759cadabde646dd87563f0c1db46627aa7224836f6df44e24f1a9f05e1,I: latest BNR published date strictly before trading day D-1; point validation only,False
DA_RON_2026-08-31,2026-08-31,80,1305.79,248.32,2026-08-28,5.2584,0.024112000000059197,0.031292,True,True,fe3ff3759cadabde646dd87563f0c1db46627aa7224836f6df44e24f1a9f05e1,I: latest BNR published date strictly before trading day D-1; point validation only,False
DA_RON_2026-08-31,2026-08-31,81,1339.0,254.64,2026-08-28,5.2584,0.0010240000001431326,0.031292,True,True,fe3ff3759cadabde646dd87563f0c1db46627aa7224836f6df44e24f1a9f05e1,I: latest BNR published date strictly before trading day D-1; point validation only,False
DA_RON_2026-08-31,2026-08-31,82,1318.5,250.74,2026-08-28,5.2584,0.008783999999877778,0.031292,True,True,fe3ff3759cadabde646dd87563f0c1db46627aa7224836f6df44e24f1a9f05e1,I: latest BNR published date strictly before trading day D-1; point validation only,False
DA_RON_2026-08-31,2026-08-31,83,1339.0,254.64,2026-08-28,5.2584,0.0010240000001431326,0.031292,True,True,fe3ff3759cadabde646dd87563f0c1db46627aa7224836f6df44e24f1a9f05e1,I: latest BNR published date strictly before trading day D-1; point validation only,False
DA_RON_2026-08-31,2026-08-31,84,1411.39,268.41,2026-08-28,5.2584,-0.01714399999991656,0.031292,True,True,fe3ff3759cadabde646dd87563f0c1db46627aa7224836f6df44e24f1a9f05e1,I: latest BNR published date strictly before trading day D-1; point validation only,False
DA_RON_2026-08-31,2026-08-31,85,1373.48,261.2,2026-08-28,5.2584,-0.01407999999992171,0.031292,True,True,fe3ff3759cadabde646dd87563f0c1db46627aa7224836f6df44e24f1a9f05e1,I: latest BNR published date strictly before trading day D-1; point validation only,False
DA_RON_2026-08-31,2026-08-31,86,1327.4,252.43,2026-08-28,5.2584,0.022088000000167085,0.031292,True,True,fe3ff3759cadabde646dd87563f0c1db46627aa7224836f6df44e24f1a9f05e1,I: latest BNR published date strictly before trading day D-1; point validation only,False
DA_RON_2026-08-31,2026-08-31,87,1346.48,256.06,2026-08-28,5.2584,0.014096000000108688,0.031292,True,True,fe3ff3759cadabde646dd87563f0c1db46627aa7224836f6df44e24f1a9f05e1,I: latest BNR published date strictly before trading day D-1; point validation only,False
DA_RON_2026-08-31,2026-08-31,88,1315.51,250.17,2026-08-28,5.2584,0.01607200000012199,0.031292,True,True,fe3ff3759cadabde646dd87563f0c1db46627aa7224836f6df44e24f1a9f05e1,I: latest BNR published date strictly before trading day D-1; point validation only,False
DA_RON_2026-08-31,2026-08-31,89,1328.03,252.55,2026-08-28,5.2584,0.021079999999983556,0.031292,True,True,fe3ff3759cadabde646dd87563f0c1db46627aa7224836f6df44e24f1a9f05e1,I: latest BNR published date strictly before trading day D-1; point validation only,False
DA_RON_2026-08-31,2026-08-31,90,1287.58,244.86,2026-08-28,5.2584,0.008175999999821215,0.031292,True,True,fe3ff3759cadabde646dd87563f0c1db46627aa7224836f6df44e24f1a9f05e1,I: latest BNR published date strictly before trading day D-1; point validation only,False
DA_RON_2026-08-31,2026-08-31,91,1254.33,238.54,2026-08-28,5.2584,-0.008735999999998967,0.031292,True,True,fe3ff3759cadabde646dd87563f0c1db46627aa7224836f6df44e24f1a9f05e1,I: latest BNR published date strictly before trading day D-1; point validation only,False
DA_RON_2026-08-31,2026-08-31,92,1204.08,228.98,2026-08-28,5.2584,0.011567999999897438,0.031292,True,True,fe3ff3759cadabde646dd87563f0c1db46627aa7224836f6df44e24f1a9f05e1,I: latest BNR published date strictly before trading day D-1; point validation only,False
DA_RON_2026-08-31,2026-08-31,93,1196.44,227.53,2026-08-28,5.2584,-0.0037519999998494313,0.031292,True,True,fe3ff3759cadabde646dd87563f0c1db46627aa7224836f6df44e24f1a9f05e1,I: latest BNR published date strictly before trading day D-1; point validation only,False
DA_RON_2026-08-31,2026-08-31,94,1172.32,222.94,2026-08-28,5.2584,0.012303999999858206,0.031292,True,True,fe3ff3759cadabde646dd87563f0c1db46627aa7224836f6df44e24f1a9f05e1,I: latest BNR published date strictly before trading day D-1; point validation only,False
DA_RON_2026-08-31,2026-08-31,95,1142.99,217.36,2026-08-28,5.2584,0.024175999999897613,0.031292,True,True,fe3ff3759cadabde646dd87563f0c1db46627aa7224836f6df44e24f1a9f05e1,I: latest BNR published date strictly before trading day D-1; point validation only,False
DA_RON_2026-08-31,2026-08-31,96,1013.19,192.68,2026-08-28,5.2584,0.0014879999999948268,0.031292,True,True,fe3ff3759cadabde646dd87563f0c1db46627aa7224836f6df44e24f1a9f05e1,I: latest BNR published date strictly before trading day D-1; point validation only,False
