local_date,delivery_start_utc,product,sample_bid_id,api_series_id,offered_volume_of_published_bid_mw,offered_price_ron_per_mw_h,offered_price_eur_per_mw_h,fx_ron_per_eur,source_file,bsp_identity,is_full_market_offer_curve
2026-08-31,2026-08-30T21:00:00Z,FCR,0,1,5.0,345.0,65.60931081697855,5.2584,sources\20261004T140214Z\bids_FCR.zip,NOT_PUBLISHED,UNVERIFIED
2026-08-31,2026-08-30T22:00:00Z,FCR,0,1,5.0,345.0,65.60931081697855,5.2584,sources\20261004T140214Z\bids_FCR.zip,NOT_PUBLISHED,UNVERIFIED
2026-08-31,2026-08-30T23:00:00Z,FCR,0,1,5.0,345.0,65.60931081697855,5.2584,sources\20261004T140214Z\bids_FCR.zip,NOT_PUBLISHED,UNVERIFIED
2026-08-31,2026-08-31T00:00:00Z,FCR,0,1,5.0,345.0,65.60931081697855,5.2584,sources\20261004T140214Z\bids_FCR.zip,NOT_PUBLISHED,UNVERIFIED
2026-08-31,2026-08-31T01:00:00Z,FCR,0,1,5.0,345.0,65.60931081697855,5.2584,sources\20261004T140214Z\bids_FCR.zip,NOT_PUBLISHED,UNVERIFIED
2026-08-31,2026-08-31T02:00:00Z,FCR,0,1,5.0,345.0,65.60931081697855,5.2584,sources\20261004T140214Z\bids_FCR.zip,NOT_PUBLISHED,UNVERIFIED
2026-08-31,2026-08-31T03:00:00Z,FCR,0,1,5.0,345.0,65.60931081697855,5.2584,sources\20261004T140214Z\bids_FCR.zip,NOT_PUBLISHED,UNVERIFIED
2026-08-31,2026-08-31T04:00:00Z,FCR,0,1,5.0,345.0,65.60931081697855,5.2584,sources\20261004T140214Z\bids_FCR.zip,NOT_PUBLISHED,UNVERIFIED
2026-08-31,2026-08-31T05:00:00Z,FCR,0,1,5.0,345.0,65.60931081697855,5.2584,sources\20261004T140214Z\bids_FCR.zip,NOT_PUBLISHED,UNVERIFIED
2026-08-31,2026-08-31T06:00:00Z,FCR,0,1,5.0,345.0,65.60931081697855,5.2584,sources\20261004T140214Z\bids_FCR.zip,NOT_PUBLISHED,UNVERIFIED
2026-08-31,2026-08-31T07:00:00Z,FCR,0,1,5.0,345.0,65.60931081697855,5.2584,sources\20261004T140214Z\bids_FCR.zip,NOT_PUBLISHED,UNVERIFIED
2026-08-31,2026-08-31T08:00:00Z,FCR,0,1,5.0,345.0,65.60931081697855,5.2584,sources\20261004T140214Z\bids_FCR.zip,NOT_PUBLISHED,UNVERIFIED
2026-08-31,2026-08-31T09:00:00Z,FCR,0,1,5.0,345.0,65.60931081697855,5.2584,sources\20261004T140214Z\bids_FCR.zip,NOT_PUBLISHED,UNVERIFIED
2026-08-31,2026-08-31T10:00:00Z,FCR,0,1,5.0,345.0,65.60931081697855,5.2584,sources\20261004T140214Z\bids_FCR.zip,NOT_PUBLISHED,UNVERIFIED
2026-08-31,2026-08-31T11:00:00Z,FCR,0,1,5.0,345.0,65.60931081697855,5.2584,sources\20261004T140214Z\bids_FCR.zip,NOT_PUBLISHED,UNVERIFIED
2026-08-31,2026-08-31T12:00:00Z,FCR,0,1,5.0,345.0,65.60931081697855,5.2584,sources\20261004T140214Z\bids_FCR.zip,NOT_PUBLISHED,UNVERIFIED
2026-08-31,2026-08-31T13:00:00Z,FCR,0,1,5.0,345.0,65.60931081697855,5.2584,sources\20261004T140214Z\bids_FCR.zip,NOT_PUBLISHED,UNVERIFIED
2026-08-31,2026-08-31T14:00:00Z,FCR,0,1,5.0,345.0,65.60931081697855,5.2584,sources\20261004T140214Z\bids_FCR.zip,NOT_PUBLISHED,UNVERIFIED
2026-08-31,2026-08-31T15:00:00Z,FCR,0,1,5.0,345.0,65.60931081697855,5.2584,sources\20261004T140214Z\bids_FCR.zip,NOT_PUBLISHED,UNVERIFIED
2026-08-31,2026-08-31T16:00:00Z,FCR,0,1,5.0,345.0,65.60931081697855,5.2584,sources\20261004T140214Z\bids_FCR.zip,NOT_PUBLISHED,UNVERIFIED
2026-08-31,2026-08-31T17:00:00Z,FCR,0,1,5.0,345.0,65.60931081697855,5.2584,sources\20261004T140214Z\bids_FCR.zip,NOT_PUBLISHED,UNVERIFIED
2026-08-31,2026-08-31T18:00:00Z,FCR,0,1,5.0,345.0,65.60931081697855,5.2584,sources\20261004T140214Z\bids_FCR.zip,NOT_PUBLISHED,UNVERIFIED
2026-08-31,2026-08-31T19:00:00Z,FCR,0,1,5.0,345.0,65.60931081697855,5.2584,sources\20261004T140214Z\bids_FCR.zip,NOT_PUBLISHED,UNVERIFIED
2026-08-31,2026-08-31T20:00:00Z,FCR,0,1,5.0,345.0,65.60931081697855,5.2584,sources\20261004T140214Z\bids_FCR.zip,NOT_PUBLISHED,UNVERIFIED
2026-08-31,2026-08-30T21:00:00Z,FCR,1,2,40.0,380.0,72.26532785638217,5.2584,sources\20261004T140214Z\bids_FCR.zip,NOT_PUBLISHED,UNVERIFIED
2026-08-31,2026-08-30T22:00:00Z,FCR,1,2,40.0,380.0,72.26532785638217,5.2584,sources\20261004T140214Z\bids_FCR.zip,NOT_PUBLISHED,UNVERIFIED
2026-08-31,2026-08-30T23:00:00Z,FCR,1,2,40.0,380.0,72.26532785638217,5.2584,sources\20261004T140214Z\bids_FCR.zip,NOT_PUBLISHED,UNVERIFIED
2026-08-31,2026-08-31T00:00:00Z,FCR,1,2,40.0,380.0,72.26532785638217,5.2584,sources\20261004T140214Z\bids_FCR.zip,NOT_PUBLISHED,UNVERIFIED
2026-08-31,2026-08-31T01:00:00Z,FCR,1,2,40.0,380.0,72.26532785638217,5.2584,sources\20261004T140214Z\bids_FCR.zip,NOT_PUBLISHED,UNVERIFIED
2026-08-31,2026-08-31T02:00:00Z,FCR,1,2,40.0,380.0,72.26532785638217,5.2584,sources\20261004T140214Z\bids_FCR.zip,NOT_PUBLISHED,UNVERIFIED
2026-08-31,2026-08-31T03:00:00Z,FCR,1,2,40.0,380.0,72.26532785638217,5.2584,sources\20261004T140214Z\bids_FCR.zip,NOT_PUBLISHED,UNVERIFIED
2026-08-31,2026-08-31T04:00:00Z,FCR,1,2,40.0,380.0,72.26532785638217,5.2584,sources\20261004T140214Z\bids_FCR.zip,NOT_PUBLISHED,UNVERIFIED
2026-08-31,2026-08-31T05:00:00Z,FCR,1,2,40.0,380.0,72.26532785638217,5.2584,sources\20261004T140214Z\bids_FCR.zip,NOT_PUBLISHED,UNVERIFIED
2026-08-31,2026-08-31T06:00:00Z,FCR,1,2,40.0,380.0,72.26532785638217,5.2584,sources\20261004T140214Z\bids_FCR.zip,NOT_PUBLISHED,UNVERIFIED
2026-08-31,2026-08-31T07:00:00Z,FCR,1,2,40.0,380.0,72.26532785638217,5.2584,sources\20261004T140214Z\bids_FCR.zip,NOT_PUBLISHED,UNVERIFIED
2026-08-31,2026-08-31T08:00:00Z,FCR,1,2,40.0,380.0,72.26532785638217,5.2584,sources\20261004T140214Z\bids_FCR.zip,NOT_PUBLISHED,UNVERIFIED
2026-08-31,2026-08-31T09:00:00Z,FCR,1,2,40.0,380.0,72.26532785638217,5.2584,sources\20261004T140214Z\bids_FCR.zip,NOT_PUBLISHED,UNVERIFIED
2026-08-31,2026-08-31T10:00:00Z,FCR,1,2,40.0,380.0,72.26532785638217,5.2584,sources\20261004T140214Z\bids_FCR.zip,NOT_PUBLISHED,UNVERIFIED
2026-08-31,2026-08-31T11:00:00Z,FCR,1,2,40.0,380.0,72.26532785638217,5.2584,sources\20261004T140214Z\bids_FCR.zip,NOT_PUBLISHED,UNVERIFIED
2026-08-31,2026-08-31T12:00:00Z,FCR,1,2,40.0,380.0,72.26532785638217,5.2584,sources\20261004T140214Z\bids_FCR.zip,NOT_PUBLISHED,UNVERIFIED
2026-08-31,2026-08-31T13:00:00Z,FCR,1,2,40.0,380.0,72.26532785638217,5.2584,sources\20261004T140214Z\bids_FCR.zip,NOT_PUBLISHED,UNVERIFIED
2026-08-31,2026-08-31T14:00:00Z,FCR,1,2,40.0,380.0,72.26532785638217,5.2584,sources\20261004T140214Z\bids_FCR.zip,NOT_PUBLISHED,UNVERIFIED
2026-08-31,2026-08-31T15:00:00Z,FCR,1,2,40.0,380.0,72.26532785638217,5.2584,sources\20261004T140214Z\bids_FCR.zip,NOT_PUBLISHED,UNVERIFIED
2026-08-31,2026-08-31T16:00:00Z,FCR,1,2,40.0,380.0,72.26532785638217,5.2584,sources\20261004T140214Z\bids_FCR.zip,NOT_PUBLISHED,UNVERIFIED
2026-08-31,2026-08-31T17:00:00Z,FCR,1,2,40.0,380.0,72.26532785638217,5.2584,sources\20261004T140214Z\bids_FCR.zip,NOT_PUBLISHED,UNVERIFIED
2026-08-31,2026-08-31T18:00:00Z,FCR,1,2,40.0,380.0,72.26532785638217,5.2584,sources\20261004T140214Z\bids_FCR.zip,NOT_PUBLISHED,UNVERIFIED
2026-08-31,2026-08-31T19:00:00Z,FCR,1,2,40.0,380.0,72.26532785638217,5.2584,sources\20261004T140214Z\bids_FCR.zip,NOT_PUBLISHED,UNVERIFIED
2026-08-31,2026-08-31T20:00:00Z,FCR,1,2,40.0,380.0,72.26532785638217,5.2584,sources\20261004T140214Z\bids_FCR.zip,NOT_PUBLISHED,UNVERIFIED
2026-08-31,2026-08-30T21:00:00Z,FCR,2,3,88.0,315.0,59.90415335463259,5.2584,sources\20261004T140214Z\bids_FCR.zip,NOT_PUBLISHED,UNVERIFIED
2026-08-31,2026-08-30T22:00:00Z,FCR,2,3,86.0,315.0,59.90415335463259,5.2584,sources\20261004T140214Z\bids_FCR.zip,NOT_PUBLISHED,UNVERIFIED
2026-08-31,2026-08-30T23:00:00Z,FCR,2,3,78.0,315.0,59.90415335463259,5.2584,sources\20261004T140214Z\bids_FCR.zip,NOT_PUBLISHED,UNVERIFIED
2026-08-31,2026-08-31T00:00:00Z,FCR,2,3,78.0,315.0,59.90415335463259,5.2584,sources\20261004T140214Z\bids_FCR.zip,NOT_PUBLISHED,UNVERIFIED
2026-08-31,2026-08-31T01:00:00Z,FCR,2,3,78.0,315.0,59.90415335463259,5.2584,sources\20261004T140214Z\bids_FCR.zip,NOT_PUBLISHED,UNVERIFIED
2026-08-31,2026-08-31T02:00:00Z,FCR,2,3,78.0,315.0,59.90415335463259,5.2584,sources\20261004T140214Z\bids_FCR.zip,NOT_PUBLISHED,UNVERIFIED
2026-08-31,2026-08-31T03:00:00Z,FCR,2,3,78.0,315.0,59.90415335463259,5.2584,sources\20261004T140214Z\bids_FCR.zip,NOT_PUBLISHED,UNVERIFIED
2026-08-31,2026-08-31T04:00:00Z,FCR,2,3,78.0,315.0,59.90415335463259,5.2584,sources\20261004T140214Z\bids_FCR.zip,NOT_PUBLISHED,UNVERIFIED
2026-08-31,2026-08-31T05:00:00Z,FCR,2,3,78.0,315.0,59.90415335463259,5.2584,sources\20261004T140214Z\bids_FCR.zip,NOT_PUBLISHED,UNVERIFIED
2026-08-31,2026-08-31T06:00:00Z,FCR,2,3,50.0,315.0,59.90415335463259,5.2584,sources\20261004T140214Z\bids_FCR.zip,NOT_PUBLISHED,UNVERIFIED
2026-08-31,2026-08-31T07:00:00Z,FCR,2,3,50.0,315.0,59.90415335463259,5.2584,sources\20261004T140214Z\bids_FCR.zip,NOT_PUBLISHED,UNVERIFIED
2026-08-31,2026-08-31T08:00:00Z,FCR,2,3,50.0,315.0,59.90415335463259,5.2584,sources\20261004T140214Z\bids_FCR.zip,NOT_PUBLISHED,UNVERIFIED
2026-08-31,2026-08-31T09:00:00Z,FCR,2,3,50.0,315.0,59.90415335463259,5.2584,sources\20261004T140214Z\bids_FCR.zip,NOT_PUBLISHED,UNVERIFIED
2026-08-31,2026-08-31T10:00:00Z,FCR,2,3,50.0,315.0,59.90415335463259,5.2584,sources\20261004T140214Z\bids_FCR.zip,NOT_PUBLISHED,UNVERIFIED
2026-08-31,2026-08-31T11:00:00Z,FCR,2,3,50.0,315.0,59.90415335463259,5.2584,sources\20261004T140214Z\bids_FCR.zip,NOT_PUBLISHED,UNVERIFIED
2026-08-31,2026-08-31T12:00:00Z,FCR,2,3,50.0,315.0,59.90415335463259,5.2584,sources\20261004T140214Z\bids_FCR.zip,NOT_PUBLISHED,UNVERIFIED
2026-08-31,2026-08-31T13:00:00Z,FCR,2,3,50.0,315.0,59.90415335463259,5.2584,sources\20261004T140214Z\bids_FCR.zip,NOT_PUBLISHED,UNVERIFIED
2026-08-31,2026-08-31T14:00:00Z,FCR,2,3,50.0,315.0,59.90415335463259,5.2584,sources\20261004T140214Z\bids_FCR.zip,NOT_PUBLISHED,UNVERIFIED
2026-08-31,2026-08-31T15:00:00Z,FCR,2,3,88.0,315.0,59.90415335463259,5.2584,sources\20261004T140214Z\bids_FCR.zip,NOT_PUBLISHED,UNVERIFIED
2026-08-31,2026-08-31T16:00:00Z,FCR,2,3,88.0,315.0,59.90415335463259,5.2584,sources\20261004T140214Z\bids_FCR.zip,NOT_PUBLISHED,UNVERIFIED
2026-08-31,2026-08-31T17:00:00Z,FCR,2,3,88.0,315.0,59.90415335463259,5.2584,sources\20261004T140214Z\bids_FCR.zip,NOT_PUBLISHED,UNVERIFIED
2026-08-31,2026-08-31T18:00:00Z,FCR,2,3,88.0,315.0,59.90415335463259,5.2584,sources\20261004T140214Z\bids_FCR.zip,NOT_PUBLISHED,UNVERIFIED
2026-08-31,2026-08-31T19:00:00Z,FCR,2,3,88.0,315.0,59.90415335463259,5.2584,sources\20261004T140214Z\bids_FCR.zip,NOT_PUBLISHED,UNVERIFIED
2026-08-31,2026-08-31T20:00:00Z,FCR,2,3,88.0,315.0,59.90415335463259,5.2584,sources\20261004T140214Z\bids_FCR.zip,NOT_PUBLISHED,UNVERIFIED
2026-08-31,2026-08-30T21:00:00Z,aFRRDown,3,1,10.0,1.95,0.37083523505248744,5.2584,sources\20261004T140214Z\bids_aFRR.zip,NOT_PUBLISHED,UNVERIFIED
2026-08-31,2026-08-30T22:00:00Z,aFRRDown,3,1,10.0,1.95,0.37083523505248744,5.2584,sources\20261004T140214Z\bids_aFRR.zip,NOT_PUBLISHED,UNVERIFIED
2026-08-31,2026-08-30T23:00:00Z,aFRRDown,3,1,10.0,1.95,0.37083523505248744,5.2584,sources\20261004T140214Z\bids_aFRR.zip,NOT_PUBLISHED,UNVERIFIED
2026-08-31,2026-08-31T00:00:00Z,aFRRDown,3,1,10.0,3.18,0.6047466910086718,5.2584,sources\20261004T140214Z\bids_aFRR.zip,NOT_PUBLISHED,UNVERIFIED
2026-08-31,2026-08-31T01:00:00Z,aFRRDown,3,1,10.0,3.65,0.6941274912520918,5.2584,sources\20261004T140214Z\bids_aFRR.zip,NOT_PUBLISHED,UNVERIFIED
2026-08-31,2026-08-31T02:00:00Z,aFRRDown,3,1,10.0,4.08,0.7759014148790507,5.2584,sources\20261004T140214Z\bids_aFRR.zip,NOT_PUBLISHED,UNVERIFIED
2026-08-31,2026-08-31T03:00:00Z,aFRRDown,3,1,10.0,0.54,0.1026928343222273,5.2584,sources\20261004T140214Z\bids_aFRR.zip,NOT_PUBLISHED,UNVERIFIED
2026-08-31,2026-08-31T04:00:00Z,aFRRDown,3,1,10.0,0.54,0.1026928343222273,5.2584,sources\20261004T140214Z\bids_aFRR.zip,NOT_PUBLISHED,UNVERIFIED
2026-08-31,2026-08-31T05:00:00Z,aFRRDown,3,1,10.0,0.54,0.1026928343222273,5.2584,sources\20261004T140214Z\bids_aFRR.zip,NOT_PUBLISHED,UNVERIFIED
2026-08-31,2026-08-31T06:00:00Z,aFRRDown,3,1,10.0,0.58,0.11029971093868857,5.2584,sources\20261004T140214Z\bids_aFRR.zip,NOT_PUBLISHED,UNVERIFIED
2026-08-31,2026-08-31T07:00:00Z,aFRRDown,3,1,10.0,0.57,0.10839799178457324,5.2584,sources\20261004T140214Z\bids_aFRR.zip,NOT_PUBLISHED,UNVERIFIED
2026-08-31,2026-08-31T08:00:00Z,aFRRDown,3,1,10.0,0.57,0.10839799178457324,5.2584,sources\20261004T140214Z\bids_aFRR.zip,NOT_PUBLISHED,UNVERIFIED
2026-08-31,2026-08-31T09:00:00Z,aFRRDown,3,1,10.0,4.21,0.8006237638825499,5.2584,sources\20261004T140214Z\bids_aFRR.zip,NOT_PUBLISHED,UNVERIFIED
2026-08-31,2026-08-31T10:00:00Z,aFRRDown,3,1,10.0,4.76,0.9052183173588924,5.2584,sources\20261004T140214Z\bids_aFRR.zip,NOT_PUBLISHED,UNVERIFIED
2026-08-31,2026-08-31T11:00:00Z,aFRRDown,3,1,10.0,4.76,0.9052183173588924,5.2584,sources\20261004T140214Z\bids_aFRR.zip,NOT_PUBLISHED,UNVERIFIED
2026-08-31,2026-08-31T12:00:00Z,aFRRDown,3,1,10.0,4.21,0.8006237638825499,5.2584,sources\20261004T140214Z\bids_aFRR.zip,NOT_PUBLISHED,UNVERIFIED
2026-08-31,2026-08-31T13:00:00Z,aFRRDown,3,1,10.0,3.24,0.6161570059333638,5.2584,sources\20261004T140214Z\bids_aFRR.zip,NOT_PUBLISHED,UNVERIFIED
2026-08-31,2026-08-31T14:00:00Z,aFRRDown,3,1,10.0,0.58,0.11029971093868857,5.2584,sources\20261004T140214Z\bids_aFRR.zip,NOT_PUBLISHED,UNVERIFIED
2026-08-31,2026-08-31T15:00:00Z,aFRRDown,3,1,10.0,0.58,0.11029971093868857,5.2584,sources\20261004T140214Z\bids_aFRR.zip,NOT_PUBLISHED,UNVERIFIED
2026-08-31,2026-08-31T16:00:00Z,aFRRDown,3,1,10.0,0.74,0.1407272174045337,5.2584,sources\20261004T140214Z\bids_aFRR.zip,NOT_PUBLISHED,UNVERIFIED
2026-08-31,2026-08-31T17:00:00Z,aFRRDown,3,1,10.0,0.74,0.1407272174045337,5.2584,sources\20261004T140214Z\bids_aFRR.zip,NOT_PUBLISHED,UNVERIFIED
2026-08-31,2026-08-31T18:00:00Z,aFRRDown,3,1,10.0,0.74,0.1407272174045337,5.2584,sources\20261004T140214Z\bids_aFRR.zip,NOT_PUBLISHED,UNVERIFIED
2026-08-31,2026-08-31T19:00:00Z,aFRRDown,3,1,10.0,0.74,0.1407272174045337,5.2584,sources\20261004T140214Z\bids_aFRR.zip,NOT_PUBLISHED,UNVERIFIED
2026-08-31,2026-08-31T20:00:00Z,aFRRDown,3,1,10.0,0.74,0.1407272174045337,5.2584,sources\20261004T140214Z\bids_aFRR.zip,NOT_PUBLISHED,UNVERIFIED
2026-08-31,2026-08-30T21:00:00Z,aFRRUp,4,2,10.0,35.03,6.661722196865967,5.2584,sources\20261004T140214Z\bids_aFRR.zip,NOT_PUBLISHED,UNVERIFIED
2026-08-31,2026-08-30T22:00:00Z,aFRRUp,4,2,10.0,35.03,6.661722196865967,5.2584,sources\20261004T140214Z\bids_aFRR.zip,NOT_PUBLISHED,UNVERIFIED
2026-08-31,2026-08-30T23:00:00Z,aFRRUp,4,2,10.0,35.03,6.661722196865967,5.2584,sources\20261004T140214Z\bids_aFRR.zip,NOT_PUBLISHED,UNVERIFIED
2026-08-31,2026-08-31T00:00:00Z,aFRRUp,4,2,10.0,35.03,6.661722196865967,5.2584,sources\20261004T140214Z\bids_aFRR.zip,NOT_PUBLISHED,UNVERIFIED
2026-08-31,2026-08-31T01:00:00Z,aFRRUp,4,2,10.0,35.03,6.661722196865967,5.2584,sources\20261004T140214Z\bids_aFRR.zip,NOT_PUBLISHED,UNVERIFIED
2026-08-31,2026-08-31T02:00:00Z,aFRRUp,4,2,10.0,35.03,6.661722196865967,5.2584,sources\20261004T140214Z\bids_aFRR.zip,NOT_PUBLISHED,UNVERIFIED
2026-08-31,2026-08-31T03:00:00Z,aFRRUp,4,2,10.0,35.47,6.74539783964704,5.2584,sources\20261004T140214Z\bids_aFRR.zip,NOT_PUBLISHED,UNVERIFIED
2026-08-31,2026-08-31T04:00:00Z,aFRRUp,4,2,10.0,35.29,6.7111668948729655,5.2584,sources\20261004T140214Z\bids_aFRR.zip,NOT_PUBLISHED,UNVERIFIED
2026-08-31,2026-08-31T05:00:00Z,aFRRUp,4,2,10.0,34.44,6.5495207667731625,5.2584,sources\20261004T140214Z\bids_aFRR.zip,NOT_PUBLISHED,UNVERIFIED
2026-08-31,2026-08-31T06:00:00Z,aFRRUp,4,2,10.0,35.47,6.74539783964704,5.2584,sources\20261004T140214Z\bids_aFRR.zip,NOT_PUBLISHED,UNVERIFIED
2026-08-31,2026-08-31T07:00:00Z,aFRRUp,4,2,10.0,35.65,6.779628784421116,5.2584,sources\20261004T140214Z\bids_aFRR.zip,NOT_PUBLISHED,UNVERIFIED
2026-08-31,2026-08-31T08:00:00Z,aFRRUp,4,2,10.0,34.99,6.654115320249506,5.2584,sources\20261004T140214Z\bids_aFRR.zip,NOT_PUBLISHED,UNVERIFIED
2026-08-31,2026-08-31T09:00:00Z,aFRRUp,4,2,10.0,35.55,6.760611592879963,5.2584,sources\20261004T140214Z\bids_aFRR.zip,NOT_PUBLISHED,UNVERIFIED
2026-08-31,2026-08-31T10:00:00Z,aFRRUp,4,2,10.0,35.72,6.792940818499924,5.2584,sources\20261004T140214Z\bids_aFRR.zip,NOT_PUBLISHED,UNVERIFIED
2026-08-31,2026-08-31T11:00:00Z,aFRRUp,4,2,10.0,35.72,6.792940818499924,5.2584,sources\20261004T140214Z\bids_aFRR.zip,NOT_PUBLISHED,UNVERIFIED
2026-08-31,2026-08-31T12:00:00Z,aFRRUp,4,2,10.0,35.28,6.70926517571885,5.2584,sources\20261004T140214Z\bids_aFRR.zip,NOT_PUBLISHED,UNVERIFIED
2026-08-31,2026-08-31T13:00:00Z,aFRRUp,4,2,10.0,35.0,6.656017039403621,5.2584,sources\20261004T140214Z\bids_aFRR.zip,NOT_PUBLISHED,UNVERIFIED
2026-08-31,2026-08-31T14:00:00Z,aFRRUp,4,2,10.0,34.71,6.600867183934277,5.2584,sources\20261004T140214Z\bids_aFRR.zip,NOT_PUBLISHED,UNVERIFIED
2026-08-31,2026-08-31T15:00:00Z,aFRRUp,4,2,10.0,35.16,6.686444545869465,5.2584,sources\20261004T140214Z\bids_aFRR.zip,NOT_PUBLISHED,UNVERIFIED
2026-08-31,2026-08-31T16:00:00Z,aFRRUp,4,2,3.0,35.67,6.783432222729347,5.2584,sources\20261004T140214Z\bids_aFRR.zip,NOT_PUBLISHED,UNVERIFIED
2026-08-31,2026-08-31T17:00:00Z,aFRRUp,4,2,3.0,26.63,5.0642781074090975,5.2584,sources\20261004T140214Z\bids_aFRR.zip,NOT_PUBLISHED,UNVERIFIED
2026-08-31,2026-08-31T18:00:00Z,aFRRUp,4,2,3.0,33.64,6.397383234443938,5.2584,sources\20261004T140214Z\bids_aFRR.zip,NOT_PUBLISHED,UNVERIFIED
2026-08-31,2026-08-31T19:00:00Z,aFRRUp,4,2,3.0,34.79,6.616080937167199,5.2584,sources\20261004T140214Z\bids_aFRR.zip,NOT_PUBLISHED,UNVERIFIED
2026-08-31,2026-08-31T20:00:00Z,aFRRUp,4,2,3.0,35.81,6.810056290886962,5.2584,sources\20261004T140214Z\bids_aFRR.zip,NOT_PUBLISHED,UNVERIFIED
2026-08-31,2026-08-30T21:00:00Z,aFRRDown,5,3,24.0,4.44,0.8443633044272023,5.2584,sources\20261004T140214Z\bids_aFRR.zip,NOT_PUBLISHED,UNVERIFIED
2026-08-31,2026-08-30T22:00:00Z,aFRRDown,5,3,24.0,4.44,0.8443633044272023,5.2584,sources\20261004T140214Z\bids_aFRR.zip,NOT_PUBLISHED,UNVERIFIED
2026-08-31,2026-08-30T23:00:00Z,aFRRDown,5,3,24.0,4.44,0.8443633044272023,5.2584,sources\20261004T140214Z\bids_aFRR.zip,NOT_PUBLISHED,UNVERIFIED
2026-08-31,2026-08-31T00:00:00Z,aFRRDown,5,3,19.0,4.44,0.8443633044272023,5.2584,sources\20261004T140214Z\bids_aFRR.zip,NOT_PUBLISHED,UNVERIFIED
2026-08-31,2026-08-31T01:00:00Z,aFRRDown,5,3,9.0,4.44,0.8443633044272023,5.2584,sources\20261004T140214Z\bids_aFRR.zip,NOT_PUBLISHED,UNVERIFIED
2026-08-31,2026-08-31T02:00:00Z,aFRRDown,5,3,14.0,4.44,0.8443633044272023,5.2584,sources\20261004T140214Z\bids_aFRR.zip,NOT_PUBLISHED,UNVERIFIED
2026-08-31,2026-08-31T03:00:00Z,aFRRDown,5,3,24.0,1.23,0.2339114559561844,5.2584,sources\20261004T140214Z\bids_aFRR.zip,NOT_PUBLISHED,UNVERIFIED
2026-08-31,2026-08-31T04:00:00Z,aFRRDown,5,3,24.0,1.23,0.2339114559561844,5.2584,sources\20261004T140214Z\bids_aFRR.zip,NOT_PUBLISHED,UNVERIFIED
2026-08-31,2026-08-31T05:00:00Z,aFRRDown,5,3,24.0,1.23,0.2339114559561844,5.2584,sources\20261004T140214Z\bids_aFRR.zip,NOT_PUBLISHED,UNVERIFIED
2026-08-31,2026-08-31T06:00:00Z,aFRRDown,5,3,24.0,1.23,0.2339114559561844,5.2584,sources\20261004T140214Z\bids_aFRR.zip,NOT_PUBLISHED,UNVERIFIED
2026-08-31,2026-08-31T07:00:00Z,aFRRDown,5,3,24.0,1.23,0.2339114559561844,5.2584,sources\20261004T140214Z\bids_aFRR.zip,NOT_PUBLISHED,UNVERIFIED
2026-08-31,2026-08-31T08:00:00Z,aFRRDown,5,3,24.0,1.23,0.2339114559561844,5.2584,sources\20261004T140214Z\bids_aFRR.zip,NOT_PUBLISHED,UNVERIFIED
2026-08-31,2026-08-31T09:00:00Z,aFRRDown,5,3,24.0,4.44,0.8443633044272023,5.2584,sources\20261004T140214Z\bids_aFRR.zip,NOT_PUBLISHED,UNVERIFIED
2026-08-31,2026-08-31T10:00:00Z,aFRRDown,5,3,24.0,4.44,0.8443633044272023,5.2584,sources\20261004T140214Z\bids_aFRR.zip,NOT_PUBLISHED,UNVERIFIED
2026-08-31,2026-08-31T11:00:00Z,aFRRDown,5,3,24.0,4.44,0.8443633044272023,5.2584,sources\20261004T140214Z\bids_aFRR.zip,NOT_PUBLISHED,UNVERIFIED
2026-08-31,2026-08-31T12:00:00Z,aFRRDown,5,3,24.0,4.44,0.8443633044272023,5.2584,sources\20261004T140214Z\bids_aFRR.zip,NOT_PUBLISHED,UNVERIFIED
2026-08-31,2026-08-31T13:00:00Z,aFRRDown,5,3,24.0,3.23,0.6142552867792485,5.2584,sources\20261004T140214Z\bids_aFRR.zip,NOT_PUBLISHED,UNVERIFIED
2026-08-31,2026-08-31T14:00:00Z,aFRRDown,5,3,24.0,1.23,0.2339114559561844,5.2584,sources\20261004T140214Z\bids_aFRR.zip,NOT_PUBLISHED,UNVERIFIED
2026-08-31,2026-08-31T15:00:00Z,aFRRDown,5,3,24.0,1.23,0.2339114559561844,5.2584,sources\20261004T140214Z\bids_aFRR.zip,NOT_PUBLISHED,UNVERIFIED
2026-08-31,2026-08-31T16:00:00Z,aFRRDown,5,3,24.0,1.23,0.2339114559561844,5.2584,sources\20261004T140214Z\bids_aFRR.zip,NOT_PUBLISHED,UNVERIFIED
2026-08-31,2026-08-31T17:00:00Z,aFRRDown,5,3,24.0,1.23,0.2339114559561844,5.2584,sources\20261004T140214Z\bids_aFRR.zip,NOT_PUBLISHED,UNVERIFIED
2026-08-31,2026-08-31T18:00:00Z,aFRRDown,5,3,24.0,1.23,0.2339114559561844,5.2584,sources\20261004T140214Z\bids_aFRR.zip,NOT_PUBLISHED,UNVERIFIED
2026-08-31,2026-08-31T19:00:00Z,aFRRDown,5,3,24.0,1.23,0.2339114559561844,5.2584,sources\20261004T140214Z\bids_aFRR.zip,NOT_PUBLISHED,UNVERIFIED
2026-08-31,2026-08-31T20:00:00Z,aFRRDown,5,3,24.0,1.23,0.2339114559561844,5.2584,sources\20261004T140214Z\bids_aFRR.zip,NOT_PUBLISHED,UNVERIFIED
2026-08-31,2026-08-30T21:00:00Z,aFRRUp,6,4,23.0,39.99,7.604974897307166,5.2584,sources\20261004T140214Z\bids_aFRR.zip,NOT_PUBLISHED,UNVERIFIED
2026-08-31,2026-08-30T22:00:00Z,aFRRUp,6,4,23.0,39.99,7.604974897307166,5.2584,sources\20261004T140214Z\bids_aFRR.zip,NOT_PUBLISHED,UNVERIFIED
2026-08-31,2026-08-30T23:00:00Z,aFRRUp,6,4,23.0,39.99,7.604974897307166,5.2584,sources\20261004T140214Z\bids_aFRR.zip,NOT_PUBLISHED,UNVERIFIED
2026-08-31,2026-08-31T00:00:00Z,aFRRUp,6,4,23.0,39.99,7.604974897307166,5.2584,sources\20261004T140214Z\bids_aFRR.zip,NOT_PUBLISHED,UNVERIFIED
2026-08-31,2026-08-31T01:00:00Z,aFRRUp,6,4,23.0,39.99,7.604974897307166,5.2584,sources\20261004T140214Z\bids_aFRR.zip,NOT_PUBLISHED,UNVERIFIED
2026-08-31,2026-08-31T02:00:00Z,aFRRUp,6,4,23.0,39.99,7.604974897307166,5.2584,sources\20261004T140214Z\bids_aFRR.zip,NOT_PUBLISHED,UNVERIFIED
2026-08-31,2026-08-31T03:00:00Z,aFRRUp,6,4,16.0,39.99,7.604974897307166,5.2584,sources\20261004T140214Z\bids_aFRR.zip,NOT_PUBLISHED,UNVERIFIED
2026-08-31,2026-08-31T04:00:00Z,aFRRUp,6,4,1.0,39.99,7.604974897307166,5.2584,sources\20261004T140214Z\bids_aFRR.zip,NOT_PUBLISHED,UNVERIFIED
2026-08-31,2026-08-31T05:00:00Z,aFRRUp,6,4,16.0,39.99,7.604974897307166,5.2584,sources\20261004T140214Z\bids_aFRR.zip,NOT_PUBLISHED,UNVERIFIED
2026-08-31,2026-08-31T06:00:00Z,aFRRUp,6,4,16.0,39.99,7.604974897307166,5.2584,sources\20261004T140214Z\bids_aFRR.zip,NOT_PUBLISHED,UNVERIFIED
2026-08-31,2026-08-31T07:00:00Z,aFRRUp,6,4,16.0,39.99,7.604974897307166,5.2584,sources\20261004T140214Z\bids_aFRR.zip,NOT_PUBLISHED,UNVERIFIED
2026-08-31,2026-08-31T08:00:00Z,aFRRUp,6,4,16.0,39.99,7.604974897307166,5.2584,sources\20261004T140214Z\bids_aFRR.zip,NOT_PUBLISHED,UNVERIFIED
2026-08-31,2026-08-31T09:00:00Z,aFRRUp,6,4,16.0,39.99,7.604974897307166,5.2584,sources\20261004T140214Z\bids_aFRR.zip,NOT_PUBLISHED,UNVERIFIED
2026-08-31,2026-08-31T10:00:00Z,aFRRUp,6,4,16.0,39.99,7.604974897307166,5.2584,sources\20261004T140214Z\bids_aFRR.zip,NOT_PUBLISHED,UNVERIFIED
2026-08-31,2026-08-31T11:00:00Z,aFRRUp,6,4,16.0,39.99,7.604974897307166,5.2584,sources\20261004T140214Z\bids_aFRR.zip,NOT_PUBLISHED,UNVERIFIED
2026-08-31,2026-08-31T12:00:00Z,aFRRUp,6,4,16.0,39.99,7.604974897307166,5.2584,sources\20261004T140214Z\bids_aFRR.zip,NOT_PUBLISHED,UNVERIFIED
2026-08-31,2026-08-31T13:00:00Z,aFRRUp,6,4,16.0,39.99,7.604974897307166,5.2584,sources\20261004T140214Z\bids_aFRR.zip,NOT_PUBLISHED,UNVERIFIED
2026-08-31,2026-08-31T14:00:00Z,aFRRUp,6,4,16.0,39.99,7.604974897307166,5.2584,sources\20261004T140214Z\bids_aFRR.zip,NOT_PUBLISHED,UNVERIFIED
2026-08-31,2026-08-31T15:00:00Z,aFRRUp,6,4,16.0,39.99,7.604974897307166,5.2584,sources\20261004T140214Z\bids_aFRR.zip,NOT_PUBLISHED,UNVERIFIED
2026-08-31,2026-08-31T16:00:00Z,aFRRUp,6,4,16.0,39.99,7.604974897307166,5.2584,sources\20261004T140214Z\bids_aFRR.zip,NOT_PUBLISHED,UNVERIFIED
2026-08-31,2026-08-31T17:00:00Z,aFRRUp,6,4,29.0,30.32,5.766012475277651,5.2584,sources\20261004T140214Z\bids_aFRR.zip,NOT_PUBLISHED,UNVERIFIED
2026-08-31,2026-08-31T18:00:00Z,aFRRUp,6,4,26.0,39.99,7.604974897307166,5.2584,sources\20261004T140214Z\bids_aFRR.zip,NOT_PUBLISHED,UNVERIFIED
2026-08-31,2026-08-31T19:00:00Z,aFRRUp,6,4,16.0,39.99,7.604974897307166,5.2584,sources\20261004T140214Z\bids_aFRR.zip,NOT_PUBLISHED,UNVERIFIED
2026-08-31,2026-08-31T20:00:00Z,aFRRUp,6,4,16.0,39.99,7.604974897307166,5.2584,sources\20261004T140214Z\bids_aFRR.zip,NOT_PUBLISHED,UNVERIFIED
2026-08-31,2026-08-30T21:00:00Z,aFRRDown,7,5,81.0,4.44,0.8443633044272023,5.2584,sources\20261004T140214Z\bids_aFRR.zip,NOT_PUBLISHED,UNVERIFIED
2026-08-31,2026-08-30T22:00:00Z,aFRRDown,7,5,81.0,4.44,0.8443633044272023,5.2584,sources\20261004T140214Z\bids_aFRR.zip,NOT_PUBLISHED,UNVERIFIED
2026-08-31,2026-08-30T23:00:00Z,aFRRDown,7,5,81.0,4.44,0.8443633044272023,5.2584,sources\20261004T140214Z\bids_aFRR.zip,NOT_PUBLISHED,UNVERIFIED
2026-08-31,2026-08-31T00:00:00Z,aFRRDown,7,5,21.0,4.44,0.8443633044272023,5.2584,sources\20261004T140214Z\bids_aFRR.zip,NOT_PUBLISHED,UNVERIFIED
2026-08-31,2026-08-31T01:00:00Z,aFRRDown,7,5,21.0,4.44,0.8443633044272023,5.2584,sources\20261004T140214Z\bids_aFRR.zip,NOT_PUBLISHED,UNVERIFIED
2026-08-31,2026-08-31T02:00:00Z,aFRRDown,7,5,21.0,4.44,0.8443633044272023,5.2584,sources\20261004T140214Z\bids_aFRR.zip,NOT_PUBLISHED,UNVERIFIED
2026-08-31,2026-08-31T03:00:00Z,aFRRDown,7,5,81.0,1.23,0.2339114559561844,5.2584,sources\20261004T140214Z\bids_aFRR.zip,NOT_PUBLISHED,UNVERIFIED
2026-08-31,2026-08-31T04:00:00Z,aFRRDown,7,5,81.0,1.23,0.2339114559561844,5.2584,sources\20261004T140214Z\bids_aFRR.zip,NOT_PUBLISHED,UNVERIFIED
2026-08-31,2026-08-31T05:00:00Z,aFRRDown,7,5,81.0,1.23,0.2339114559561844,5.2584,sources\20261004T140214Z\bids_aFRR.zip,NOT_PUBLISHED,UNVERIFIED
2026-08-31,2026-08-31T06:00:00Z,aFRRDown,7,5,56.0,1.23,0.2339114559561844,5.2584,sources\20261004T140214Z\bids_aFRR.zip,NOT_PUBLISHED,UNVERIFIED
2026-08-31,2026-08-31T07:00:00Z,aFRRDown,7,5,56.0,1.23,0.2339114559561844,5.2584,sources\20261004T140214Z\bids_aFRR.zip,NOT_PUBLISHED,UNVERIFIED
2026-08-31,2026-08-31T08:00:00Z,aFRRDown,7,5,56.0,1.23,0.2339114559561844,5.2584,sources\20261004T140214Z\bids_aFRR.zip,NOT_PUBLISHED,UNVERIFIED
2026-08-31,2026-08-31T09:00:00Z,aFRRDown,7,5,16.0,4.44,0.8443633044272023,5.2584,sources\20261004T140214Z\bids_aFRR.zip,NOT_PUBLISHED,UNVERIFIED
2026-08-31,2026-08-31T10:00:00Z,aFRRDown,7,5,16.0,4.44,0.8443633044272023,5.2584,sources\20261004T140214Z\bids_aFRR.zip,NOT_PUBLISHED,UNVERIFIED
2026-08-31,2026-08-31T11:00:00Z,aFRRDown,7,5,16.0,4.44,0.8443633044272023,5.2584,sources\20261004T140214Z\bids_aFRR.zip,NOT_PUBLISHED,UNVERIFIED
2026-08-31,2026-08-31T12:00:00Z,aFRRDown,7,5,16.0,4.44,0.8443633044272023,5.2584,sources\20261004T140214Z\bids_aFRR.zip,NOT_PUBLISHED,UNVERIFIED
2026-08-31,2026-08-31T13:00:00Z,aFRRDown,7,5,56.0,3.23,0.6142552867792485,5.2584,sources\20261004T140214Z\bids_aFRR.zip,NOT_PUBLISHED,UNVERIFIED
2026-08-31,2026-08-31T14:00:00Z,aFRRDown,7,5,81.0,1.23,0.2339114559561844,5.2584,sources\20261004T140214Z\bids_aFRR.zip,NOT_PUBLISHED,UNVERIFIED
2026-08-31,2026-08-31T15:00:00Z,aFRRDown,7,5,81.0,1.23,0.2339114559561844,5.2584,sources\20261004T140214Z\bids_aFRR.zip,NOT_PUBLISHED,UNVERIFIED
2026-08-31,2026-08-31T16:00:00Z,aFRRDown,7,5,81.0,1.23,0.2339114559561844,5.2584,sources\20261004T140214Z\bids_aFRR.zip,NOT_PUBLISHED,UNVERIFIED
2026-08-31,2026-08-31T17:00:00Z,aFRRDown,7,5,81.0,1.23,0.2339114559561844,5.2584,sources\20261004T140214Z\bids_aFRR.zip,NOT_PUBLISHED,UNVERIFIED
2026-08-31,2026-08-31T18:00:00Z,aFRRDown,7,5,81.0,1.23,0.2339114559561844,5.2584,sources\20261004T140214Z\bids_aFRR.zip,NOT_PUBLISHED,UNVERIFIED
2026-08-31,2026-08-31T19:00:00Z,aFRRDown,7,5,81.0,1.23,0.2339114559561844,5.2584,sources\20261004T140214Z\bids_aFRR.zip,NOT_PUBLISHED,UNVERIFIED
2026-08-31,2026-08-31T20:00:00Z,aFRRDown,7,5,81.0,1.23,0.2339114559561844,5.2584,sources\20261004T140214Z\bids_aFRR.zip,NOT_PUBLISHED,UNVERIFIED
2026-08-31,2026-08-30T21:00:00Z,aFRRUp,8,6,19.0,39.99,7.604974897307166,5.2584,sources\20261004T140214Z\bids_aFRR.zip,NOT_PUBLISHED,UNVERIFIED
2026-08-31,2026-08-30T22:00:00Z,aFRRUp,8,6,19.0,39.99,7.604974897307166,5.2584,sources\20261004T140214Z\bids_aFRR.zip,NOT_PUBLISHED,UNVERIFIED
2026-08-31,2026-08-30T23:00:00Z,aFRRUp,8,6,19.0,39.99,7.604974897307166,5.2584,sources\20261004T140214Z\bids_aFRR.zip,NOT_PUBLISHED,UNVERIFIED
2026-08-31,2026-08-31T00:00:00Z,aFRRUp,8,6,19.0,39.99,7.604974897307166,5.2584,sources\20261004T140214Z\bids_aFRR.zip,NOT_PUBLISHED,UNVERIFIED
2026-08-31,2026-08-31T01:00:00Z,aFRRUp,8,6,19.0,39.99,7.604974897307166,5.2584,sources\20261004T140214Z\bids_aFRR.zip,NOT_PUBLISHED,UNVERIFIED
2026-08-31,2026-08-31T02:00:00Z,aFRRUp,8,6,19.0,39.99,7.604974897307166,5.2584,sources\20261004T140214Z\bids_aFRR.zip,NOT_PUBLISHED,UNVERIFIED
2026-08-31,2026-08-31T03:00:00Z,aFRRUp,8,6,19.0,39.99,7.604974897307166,5.2584,sources\20261004T140214Z\bids_aFRR.zip,NOT_PUBLISHED,UNVERIFIED
2026-08-31,2026-08-31T04:00:00Z,aFRRUp,8,6,19.0,39.99,7.604974897307166,5.2584,sources\20261004T140214Z\bids_aFRR.zip,NOT_PUBLISHED,UNVERIFIED
2026-08-31,2026-08-31T05:00:00Z,aFRRUp,8,6,19.0,39.99,7.604974897307166,5.2584,sources\20261004T140214Z\bids_aFRR.zip,NOT_PUBLISHED,UNVERIFIED
2026-08-31,2026-08-31T06:00:00Z,aFRRUp,8,6,19.0,39.99,7.604974897307166,5.2584,sources\20261004T140214Z\bids_aFRR.zip,NOT_PUBLISHED,UNVERIFIED
2026-08-31,2026-08-31T07:00:00Z,aFRRUp,8,6,19.0,39.99,7.604974897307166,5.2584,sources\20261004T140214Z\bids_aFRR.zip,NOT_PUBLISHED,UNVERIFIED
2026-08-31,2026-08-31T08:00:00Z,aFRRUp,8,6,19.0,39.99,7.604974897307166,5.2584,sources\20261004T140214Z\bids_aFRR.zip,NOT_PUBLISHED,UNVERIFIED
2026-08-31,2026-08-31T09:00:00Z,aFRRUp,8,6,19.0,39.99,7.604974897307166,5.2584,sources\20261004T140214Z\bids_aFRR.zip,NOT_PUBLISHED,UNVERIFIED
2026-08-31,2026-08-31T10:00:00Z,aFRRUp,8,6,19.0,39.99,7.604974897307166,5.2584,sources\20261004T140214Z\bids_aFRR.zip,NOT_PUBLISHED,UNVERIFIED
2026-08-31,2026-08-31T11:00:00Z,aFRRUp,8,6,19.0,39.99,7.604974897307166,5.2584,sources\20261004T140214Z\bids_aFRR.zip,NOT_PUBLISHED,UNVERIFIED
2026-08-31,2026-08-31T12:00:00Z,aFRRUp,8,6,19.0,39.99,7.604974897307166,5.2584,sources\20261004T140214Z\bids_aFRR.zip,NOT_PUBLISHED,UNVERIFIED
2026-08-31,2026-08-31T13:00:00Z,aFRRUp,8,6,19.0,39.99,7.604974897307166,5.2584,sources\20261004T140214Z\bids_aFRR.zip,NOT_PUBLISHED,UNVERIFIED
2026-08-31,2026-08-31T14:00:00Z,aFRRUp,8,6,19.0,39.99,7.604974897307166,5.2584,sources\20261004T140214Z\bids_aFRR.zip,NOT_PUBLISHED,UNVERIFIED
2026-08-31,2026-08-31T15:00:00Z,aFRRUp,8,6,19.0,39.99,7.604974897307166,5.2584,sources\20261004T140214Z\bids_aFRR.zip,NOT_PUBLISHED,UNVERIFIED
2026-08-31,2026-08-31T16:00:00Z,aFRRUp,8,6,19.0,39.99,7.604974897307166,5.2584,sources\20261004T140214Z\bids_aFRR.zip,NOT_PUBLISHED,UNVERIFIED
2026-08-31,2026-08-31T17:00:00Z,aFRRUp,8,6,118.0,30.32,5.766012475277651,5.2584,sources\20261004T140214Z\bids_aFRR.zip,NOT_PUBLISHED,UNVERIFIED
2026-08-31,2026-08-31T18:00:00Z,aFRRUp,8,6,43.0,39.99,7.604974897307166,5.2584,sources\20261004T140214Z\bids_aFRR.zip,NOT_PUBLISHED,UNVERIFIED
2026-08-31,2026-08-31T19:00:00Z,aFRRUp,8,6,19.0,39.99,7.604974897307166,5.2584,sources\20261004T140214Z\bids_aFRR.zip,NOT_PUBLISHED,UNVERIFIED
2026-08-31,2026-08-31T20:00:00Z,aFRRUp,8,6,19.0,39.99,7.604974897307166,5.2584,sources\20261004T140214Z\bids_aFRR.zip,NOT_PUBLISHED,UNVERIFIED
2026-08-31,2026-08-30T21:00:00Z,aFRRDown,9,7,35.0,4.0,0.7606876616461281,5.2584,sources\20261004T140214Z\bids_aFRR.zip,NOT_PUBLISHED,UNVERIFIED
2026-08-31,2026-08-30T22:00:00Z,aFRRDown,9,7,35.0,4.0,0.7606876616461281,5.2584,sources\20261004T140214Z\bids_aFRR.zip,NOT_PUBLISHED,UNVERIFIED
2026-08-31,2026-08-30T23:00:00Z,aFRRDown,9,7,35.0,4.0,0.7606876616461281,5.2584,sources\20261004T140214Z\bids_aFRR.zip,NOT_PUBLISHED,UNVERIFIED
2026-08-31,2026-08-31T00:00:00Z,aFRRDown,9,7,35.0,5.0,0.9508595770576601,5.2584,sources\20261004T140214Z\bids_aFRR.zip,NOT_PUBLISHED,UNVERIFIED
2026-08-31,2026-08-31T01:00:00Z,aFRRDown,9,7,35.0,5.0,0.9508595770576601,5.2584,sources\20261004T140214Z\bids_aFRR.zip,NOT_PUBLISHED,UNVERIFIED
2026-08-31,2026-08-31T02:00:00Z,aFRRDown,9,7,35.0,5.0,0.9508595770576601,5.2584,sources\20261004T140214Z\bids_aFRR.zip,NOT_PUBLISHED,UNVERIFIED
2026-08-31,2026-08-31T03:00:00Z,aFRRDown,9,7,35.0,4.0,0.7606876616461281,5.2584,sources\20261004T140214Z\bids_aFRR.zip,NOT_PUBLISHED,UNVERIFIED
2026-08-31,2026-08-31T04:00:00Z,aFRRDown,9,7,35.0,4.0,0.7606876616461281,5.2584,sources\20261004T140214Z\bids_aFRR.zip,NOT_PUBLISHED,UNVERIFIED
2026-08-31,2026-08-31T05:00:00Z,aFRRDown,9,7,35.0,4.0,0.7606876616461281,5.2584,sources\20261004T140214Z\bids_aFRR.zip,NOT_PUBLISHED,UNVERIFIED
2026-08-31,2026-08-31T06:00:00Z,aFRRDown,9,7,35.0,4.0,0.7606876616461281,5.2584,sources\20261004T140214Z\bids_aFRR.zip,NOT_PUBLISHED,UNVERIFIED
2026-08-31,2026-08-31T07:00:00Z,aFRRDown,9,7,35.0,4.0,0.7606876616461281,5.2584,sources\20261004T140214Z\bids_aFRR.zip,NOT_PUBLISHED,UNVERIFIED
2026-08-31,2026-08-31T08:00:00Z,aFRRDown,9,7,35.0,4.0,0.7606876616461281,5.2584,sources\20261004T140214Z\bids_aFRR.zip,NOT_PUBLISHED,UNVERIFIED
2026-08-31,2026-08-31T09:00:00Z,aFRRDown,9,7,35.0,5.0,0.9508595770576601,5.2584,sources\20261004T140214Z\bids_aFRR.zip,NOT_PUBLISHED,UNVERIFIED
2026-08-31,2026-08-31T10:00:00Z,aFRRDown,9,7,35.0,5.0,0.9508595770576601,5.2584,sources\20261004T140214Z\bids_aFRR.zip,NOT_PUBLISHED,UNVERIFIED
2026-08-31,2026-08-31T11:00:00Z,aFRRDown,9,7,35.0,5.0,0.9508595770576601,5.2584,sources\20261004T140214Z\bids_aFRR.zip,NOT_PUBLISHED,UNVERIFIED
2026-08-31,2026-08-31T12:00:00Z,aFRRDown,9,7,35.0,5.0,0.9508595770576601,5.2584,sources\20261004T140214Z\bids_aFRR.zip,NOT_PUBLISHED,UNVERIFIED
2026-08-31,2026-08-31T13:00:00Z,aFRRDown,9,7,35.0,5.0,0.9508595770576601,5.2584,sources\20261004T140214Z\bids_aFRR.zip,NOT_PUBLISHED,UNVERIFIED
2026-08-31,2026-08-31T14:00:00Z,aFRRDown,9,7,35.0,5.0,0.9508595770576601,5.2584,sources\20261004T140214Z\bids_aFRR.zip,NOT_PUBLISHED,UNVERIFIED
2026-08-31,2026-08-31T15:00:00Z,aFRRDown,9,7,35.0,5.0,0.9508595770576601,5.2584,sources\20261004T140214Z\bids_aFRR.zip,NOT_PUBLISHED,UNVERIFIED
2026-08-31,2026-08-31T16:00:00Z,aFRRDown,9,7,35.0,5.0,0.9508595770576601,5.2584,sources\20261004T140214Z\bids_aFRR.zip,NOT_PUBLISHED,UNVERIFIED
2026-08-31,2026-08-31T17:00:00Z,aFRRDown,9,7,35.0,5.0,0.9508595770576601,5.2584,sources\20261004T140214Z\bids_aFRR.zip,NOT_PUBLISHED,UNVERIFIED
2026-08-31,2026-08-31T18:00:00Z,aFRRDown,9,7,35.0,5.0,0.9508595770576601,5.2584,sources\20261004T140214Z\bids_aFRR.zip,NOT_PUBLISHED,UNVERIFIED
2026-08-31,2026-08-31T19:00:00Z,aFRRDown,9,7,35.0,5.0,0.9508595770576601,5.2584,sources\20261004T140214Z\bids_aFRR.zip,NOT_PUBLISHED,UNVERIFIED
2026-08-31,2026-08-31T20:00:00Z,aFRRDown,9,7,35.0,5.0,0.9508595770576601,5.2584,sources\20261004T140214Z\bids_aFRR.zip,NOT_PUBLISHED,UNVERIFIED
2026-08-31,2026-08-30T21:00:00Z,aFRRUp,10,8,35.0,39.9,7.587859424920127,5.2584,sources\20261004T140214Z\bids_aFRR.zip,NOT_PUBLISHED,UNVERIFIED
2026-08-31,2026-08-30T22:00:00Z,aFRRUp,10,8,35.0,39.9,7.587859424920127,5.2584,sources\20261004T140214Z\bids_aFRR.zip,NOT_PUBLISHED,UNVERIFIED
2026-08-31,2026-08-30T23:00:00Z,aFRRUp,10,8,35.0,39.9,7.587859424920127,5.2584,sources\20261004T140214Z\bids_aFRR.zip,NOT_PUBLISHED,UNVERIFIED
2026-08-31,2026-08-31T00:00:00Z,aFRRUp,10,8,35.0,39.9,7.587859424920127,5.2584,sources\20261004T140214Z\bids_aFRR.zip,NOT_PUBLISHED,UNVERIFIED
2026-08-31,2026-08-31T01:00:00Z,aFRRUp,10,8,35.0,39.9,7.587859424920127,5.2584,sources\20261004T140214Z\bids_aFRR.zip,NOT_PUBLISHED,UNVERIFIED
2026-08-31,2026-08-31T02:00:00Z,aFRRUp,10,8,35.0,39.9,7.587859424920127,5.2584,sources\20261004T140214Z\bids_aFRR.zip,NOT_PUBLISHED,UNVERIFIED
2026-08-31,2026-08-31T03:00:00Z,aFRRUp,10,8,35.0,39.9,7.587859424920127,5.2584,sources\20261004T140214Z\bids_aFRR.zip,NOT_PUBLISHED,UNVERIFIED
2026-08-31,2026-08-31T04:00:00Z,aFRRUp,10,8,35.0,35.0,6.656017039403621,5.2584,sources\20261004T140214Z\bids_aFRR.zip,NOT_PUBLISHED,UNVERIFIED
2026-08-31,2026-08-31T05:00:00Z,aFRRUp,10,8,35.0,35.0,6.656017039403621,5.2584,sources\20261004T140214Z\bids_aFRR.zip,NOT_PUBLISHED,UNVERIFIED
2026-08-31,2026-08-31T06:00:00Z,aFRRUp,10,8,35.0,39.9,7.587859424920127,5.2584,sources\20261004T140214Z\bids_aFRR.zip,NOT_PUBLISHED,UNVERIFIED
2026-08-31,2026-08-31T07:00:00Z,aFRRUp,10,8,35.0,37.9,7.207515594097064,5.2584,sources\20261004T140214Z\bids_aFRR.zip,NOT_PUBLISHED,UNVERIFIED
2026-08-31,2026-08-31T08:00:00Z,aFRRUp,10,8,35.0,35.0,6.656017039403621,5.2584,sources\20261004T140214Z\bids_aFRR.zip,NOT_PUBLISHED,UNVERIFIED
2026-08-31,2026-08-31T09:00:00Z,aFRRUp,10,8,35.0,35.0,6.656017039403621,5.2584,sources\20261004T140214Z\bids_aFRR.zip,NOT_PUBLISHED,UNVERIFIED
2026-08-31,2026-08-31T10:00:00Z,aFRRUp,10,8,35.0,35.0,6.656017039403621,5.2584,sources\20261004T140214Z\bids_aFRR.zip,NOT_PUBLISHED,UNVERIFIED
2026-08-31,2026-08-31T11:00:00Z,aFRRUp,10,8,35.0,35.0,6.656017039403621,5.2584,sources\20261004T140214Z\bids_aFRR.zip,NOT_PUBLISHED,UNVERIFIED
2026-08-31,2026-08-31T12:00:00Z,aFRRUp,10,8,35.0,35.0,6.656017039403621,5.2584,sources\20261004T140214Z\bids_aFRR.zip,NOT_PUBLISHED,UNVERIFIED
2026-08-31,2026-08-31T13:00:00Z,aFRRUp,10,8,35.0,35.0,6.656017039403621,5.2584,sources\20261004T140214Z\bids_aFRR.zip,NOT_PUBLISHED,UNVERIFIED
2026-08-31,2026-08-31T14:00:00Z,aFRRUp,10,8,35.0,36.9,7.017343678685531,5.2584,sources\20261004T140214Z\bids_aFRR.zip,NOT_PUBLISHED,UNVERIFIED
2026-08-31,2026-08-31T15:00:00Z,aFRRUp,10,8,35.0,39.9,7.587859424920127,5.2584,sources\20261004T140214Z\bids_aFRR.zip,NOT_PUBLISHED,UNVERIFIED
2026-08-31,2026-08-31T16:00:00Z,aFRRUp,10,8,35.0,39.0,7.416704701049749,5.2584,sources\20261004T140214Z\bids_aFRR.zip,NOT_PUBLISHED,UNVERIFIED
2026-08-31,2026-08-31T17:00:00Z,aFRRUp,10,8,35.0,33.0,6.275673208580557,5.2584,sources\20261004T140214Z\bids_aFRR.zip,NOT_PUBLISHED,UNVERIFIED
2026-08-31,2026-08-31T18:00:00Z,aFRRUp,10,8,35.0,35.0,6.656017039403621,5.2584,sources\20261004T140214Z\bids_aFRR.zip,NOT_PUBLISHED,UNVERIFIED
2026-08-31,2026-08-31T19:00:00Z,aFRRUp,10,8,35.0,35.0,6.656017039403621,5.2584,sources\20261004T140214Z\bids_aFRR.zip,NOT_PUBLISHED,UNVERIFIED
2026-08-31,2026-08-31T20:00:00Z,aFRRUp,10,8,35.0,39.9,7.587859424920127,5.2584,sources\20261004T140214Z\bids_aFRR.zip,NOT_PUBLISHED,UNVERIFIED
2026-08-31,2026-08-30T21:00:00Z,aFRRDown,11,9,15.0,4.44,0.8443633044272023,5.2584,sources\20261004T140214Z\bids_aFRR.zip,NOT_PUBLISHED,UNVERIFIED
2026-08-31,2026-08-30T22:00:00Z,aFRRDown,11,9,15.0,4.44,0.8443633044272023,5.2584,sources\20261004T140214Z\bids_aFRR.zip,NOT_PUBLISHED,UNVERIFIED
2026-08-31,2026-08-30T23:00:00Z,aFRRDown,11,9,15.0,4.44,0.8443633044272023,5.2584,sources\20261004T140214Z\bids_aFRR.zip,NOT_PUBLISHED,UNVERIFIED
2026-08-31,2026-08-31T00:00:00Z,aFRRDown,11,9,10.0,4.44,0.8443633044272023,5.2584,sources\20261004T140214Z\bids_aFRR.zip,NOT_PUBLISHED,UNVERIFIED
2026-08-31,2026-08-31T01:00:00Z,aFRRDown,11,9,0.0,0.0,0.0,5.2584,sources\20261004T140214Z\bids_aFRR.zip,NOT_PUBLISHED,UNVERIFIED
2026-08-31,2026-08-31T02:00:00Z,aFRRDown,11,9,5.0,4.44,0.8443633044272023,5.2584,sources\20261004T140214Z\bids_aFRR.zip,NOT_PUBLISHED,UNVERIFIED
2026-08-31,2026-08-31T03:00:00Z,aFRRDown,11,9,15.0,1.23,0.2339114559561844,5.2584,sources\20261004T140214Z\bids_aFRR.zip,NOT_PUBLISHED,UNVERIFIED
2026-08-31,2026-08-31T04:00:00Z,aFRRDown,11,9,15.0,1.23,0.2339114559561844,5.2584,sources\20261004T140214Z\bids_aFRR.zip,NOT_PUBLISHED,UNVERIFIED
2026-08-31,2026-08-31T05:00:00Z,aFRRDown,11,9,15.0,1.23,0.2339114559561844,5.2584,sources\20261004T140214Z\bids_aFRR.zip,NOT_PUBLISHED,UNVERIFIED
2026-08-31,2026-08-31T06:00:00Z,aFRRDown,11,9,15.0,1.23,0.2339114559561844,5.2584,sources\20261004T140214Z\bids_aFRR.zip,NOT_PUBLISHED,UNVERIFIED
2026-08-31,2026-08-31T07:00:00Z,aFRRDown,11,9,15.0,1.23,0.2339114559561844,5.2584,sources\20261004T140214Z\bids_aFRR.zip,NOT_PUBLISHED,UNVERIFIED
2026-08-31,2026-08-31T08:00:00Z,aFRRDown,11,9,15.0,1.23,0.2339114559561844,5.2584,sources\20261004T140214Z\bids_aFRR.zip,NOT_PUBLISHED,UNVERIFIED
2026-08-31,2026-08-31T09:00:00Z,aFRRDown,11,9,15.0,4.44,0.8443633044272023,5.2584,sources\20261004T140214Z\bids_aFRR.zip,NOT_PUBLISHED,UNVERIFIED
2026-08-31,2026-08-31T10:00:00Z,aFRRDown,11,9,15.0,4.44,0.8443633044272023,5.2584,sources\20261004T140214Z\bids_aFRR.zip,NOT_PUBLISHED,UNVERIFIED
2026-08-31,2026-08-31T11:00:00Z,aFRRDown,11,9,15.0,4.44,0.8443633044272023,5.2584,sources\20261004T140214Z\bids_aFRR.zip,NOT_PUBLISHED,UNVERIFIED
2026-08-31,2026-08-31T12:00:00Z,aFRRDown,11,9,15.0,4.44,0.8443633044272023,5.2584,sources\20261004T140214Z\bids_aFRR.zip,NOT_PUBLISHED,UNVERIFIED
2026-08-31,2026-08-31T13:00:00Z,aFRRDown,11,9,15.0,3.23,0.6142552867792485,5.2584,sources\20261004T140214Z\bids_aFRR.zip,NOT_PUBLISHED,UNVERIFIED
2026-08-31,2026-08-31T14:00:00Z,aFRRDown,11,9,15.0,1.23,0.2339114559561844,5.2584,sources\20261004T140214Z\bids_aFRR.zip,NOT_PUBLISHED,UNVERIFIED
2026-08-31,2026-08-31T15:00:00Z,aFRRDown,11,9,15.0,1.23,0.2339114559561844,5.2584,sources\20261004T140214Z\bids_aFRR.zip,NOT_PUBLISHED,UNVERIFIED
2026-08-31,2026-08-31T16:00:00Z,aFRRDown,11,9,15.0,1.23,0.2339114559561844,5.2584,sources\20261004T140214Z\bids_aFRR.zip,NOT_PUBLISHED,UNVERIFIED
2026-08-31,2026-08-31T17:00:00Z,aFRRDown,11,9,15.0,1.23,0.2339114559561844,5.2584,sources\20261004T140214Z\bids_aFRR.zip,NOT_PUBLISHED,UNVERIFIED
2026-08-31,2026-08-31T18:00:00Z,aFRRDown,11,9,15.0,1.23,0.2339114559561844,5.2584,sources\20261004T140214Z\bids_aFRR.zip,NOT_PUBLISHED,UNVERIFIED
2026-08-31,2026-08-31T19:00:00Z,aFRRDown,11,9,15.0,1.23,0.2339114559561844,5.2584,sources\20261004T140214Z\bids_aFRR.zip,NOT_PUBLISHED,UNVERIFIED
2026-08-31,2026-08-31T20:00:00Z,aFRRDown,11,9,15.0,1.23,0.2339114559561844,5.2584,sources\20261004T140214Z\bids_aFRR.zip,NOT_PUBLISHED,UNVERIFIED
2026-08-31,2026-08-30T21:00:00Z,aFRRUp,12,10,15.0,39.99,7.604974897307166,5.2584,sources\20261004T140214Z\bids_aFRR.zip,NOT_PUBLISHED,UNVERIFIED
2026-08-31,2026-08-30T22:00:00Z,aFRRUp,12,10,15.0,39.99,7.604974897307166,5.2584,sources\20261004T140214Z\bids_aFRR.zip,NOT_PUBLISHED,UNVERIFIED
2026-08-31,2026-08-30T23:00:00Z,aFRRUp,12,10,15.0,39.99,7.604974897307166,5.2584,sources\20261004T140214Z\bids_aFRR.zip,NOT_PUBLISHED,UNVERIFIED
2026-08-31,2026-08-31T00:00:00Z,aFRRUp,12,10,15.0,39.99,7.604974897307166,5.2584,sources\20261004T140214Z\bids_aFRR.zip,NOT_PUBLISHED,UNVERIFIED
2026-08-31,2026-08-31T01:00:00Z,aFRRUp,12,10,15.0,39.99,7.604974897307166,5.2584,sources\20261004T140214Z\bids_aFRR.zip,NOT_PUBLISHED,UNVERIFIED
2026-08-31,2026-08-31T02:00:00Z,aFRRUp,12,10,15.0,39.99,7.604974897307166,5.2584,sources\20261004T140214Z\bids_aFRR.zip,NOT_PUBLISHED,UNVERIFIED
2026-08-31,2026-08-31T03:00:00Z,aFRRUp,12,10,5.0,39.99,7.604974897307166,5.2584,sources\20261004T140214Z\bids_aFRR.zip,NOT_PUBLISHED,UNVERIFIED
2026-08-31,2026-08-31T04:00:00Z,aFRRUp,12,10,5.0,39.99,7.604974897307166,5.2584,sources\20261004T140214Z\bids_aFRR.zip,NOT_PUBLISHED,UNVERIFIED
2026-08-31,2026-08-31T05:00:00Z,aFRRUp,12,10,5.0,39.99,7.604974897307166,5.2584,sources\20261004T140214Z\bids_aFRR.zip,NOT_PUBLISHED,UNVERIFIED
2026-08-31,2026-08-31T06:00:00Z,aFRRUp,12,10,5.0,39.99,7.604974897307166,5.2584,sources\20261004T140214Z\bids_aFRR.zip,NOT_PUBLISHED,UNVERIFIED
2026-08-31,2026-08-31T07:00:00Z,aFRRUp,12,10,5.0,39.99,7.604974897307166,5.2584,sources\20261004T140214Z\bids_aFRR.zip,NOT_PUBLISHED,UNVERIFIED
2026-08-31,2026-08-31T08:00:00Z,aFRRUp,12,10,5.0,39.99,7.604974897307166,5.2584,sources\20261004T140214Z\bids_aFRR.zip,NOT_PUBLISHED,UNVERIFIED
2026-08-31,2026-08-31T09:00:00Z,aFRRUp,12,10,5.0,39.99,7.604974897307166,5.2584,sources\20261004T140214Z\bids_aFRR.zip,NOT_PUBLISHED,UNVERIFIED
2026-08-31,2026-08-31T10:00:00Z,aFRRUp,12,10,5.0,39.99,7.604974897307166,5.2584,sources\20261004T140214Z\bids_aFRR.zip,NOT_PUBLISHED,UNVERIFIED
2026-08-31,2026-08-31T11:00:00Z,aFRRUp,12,10,5.0,39.99,7.604974897307166,5.2584,sources\20261004T140214Z\bids_aFRR.zip,NOT_PUBLISHED,UNVERIFIED
2026-08-31,2026-08-31T12:00:00Z,aFRRUp,12,10,5.0,39.99,7.604974897307166,5.2584,sources\20261004T140214Z\bids_aFRR.zip,NOT_PUBLISHED,UNVERIFIED
2026-08-31,2026-08-31T13:00:00Z,aFRRUp,12,10,5.0,39.99,7.604974897307166,5.2584,sources\20261004T140214Z\bids_aFRR.zip,NOT_PUBLISHED,UNVERIFIED
2026-08-31,2026-08-31T14:00:00Z,aFRRUp,12,10,5.0,39.99,7.604974897307166,5.2584,sources\20261004T140214Z\bids_aFRR.zip,NOT_PUBLISHED,UNVERIFIED
2026-08-31,2026-08-31T15:00:00Z,aFRRUp,12,10,5.0,39.99,7.604974897307166,5.2584,sources\20261004T140214Z\bids_aFRR.zip,NOT_PUBLISHED,UNVERIFIED
2026-08-31,2026-08-31T16:00:00Z,aFRRUp,12,10,5.0,39.99,7.604974897307166,5.2584,sources\20261004T140214Z\bids_aFRR.zip,NOT_PUBLISHED,UNVERIFIED
2026-08-31,2026-08-31T17:00:00Z,aFRRUp,12,10,13.0,30.32,5.766012475277651,5.2584,sources\20261004T140214Z\bids_aFRR.zip,NOT_PUBLISHED,UNVERIFIED
2026-08-31,2026-08-31T18:00:00Z,aFRRUp,12,10,10.0,39.99,7.604974897307166,5.2584,sources\20261004T140214Z\bids_aFRR.zip,NOT_PUBLISHED,UNVERIFIED
2026-08-31,2026-08-31T19:00:00Z,aFRRUp,12,10,5.0,39.99,7.604974897307166,5.2584,sources\20261004T140214Z\bids_aFRR.zip,NOT_PUBLISHED,UNVERIFIED
2026-08-31,2026-08-31T20:00:00Z,aFRRUp,12,10,5.0,39.99,7.604974897307166,5.2584,sources\20261004T140214Z\bids_aFRR.zip,NOT_PUBLISHED,UNVERIFIED
2026-08-31,2026-08-30T21:00:00Z,aFRRDown,13,11,100.0,2.2,0.4183782139053705,5.2584,sources\20261004T140214Z\bids_aFRR.zip,NOT_PUBLISHED,UNVERIFIED
2026-08-31,2026-08-30T22:00:00Z,aFRRDown,13,11,100.0,2.2,0.4183782139053705,5.2584,sources\20261004T140214Z\bids_aFRR.zip,NOT_PUBLISHED,UNVERIFIED
2026-08-31,2026-08-30T23:00:00Z,aFRRDown,13,11,100.0,2.2,0.4183782139053705,5.2584,sources\20261004T140214Z\bids_aFRR.zip,NOT_PUBLISHED,UNVERIFIED
2026-08-31,2026-08-31T00:00:00Z,aFRRDown,13,11,100.0,3.43,0.6522896698615549,5.2584,sources\20261004T140214Z\bids_aFRR.zip,NOT_PUBLISHED,UNVERIFIED
2026-08-31,2026-08-31T01:00:00Z,aFRRDown,13,11,100.0,3.9,0.7416704701049749,5.2584,sources\20261004T140214Z\bids_aFRR.zip,NOT_PUBLISHED,UNVERIFIED
2026-08-31,2026-08-31T02:00:00Z,aFRRDown,13,11,100.0,4.33,0.8234443937319337,5.2584,sources\20261004T140214Z\bids_aFRR.zip,NOT_PUBLISHED,UNVERIFIED
2026-08-31,2026-08-31T03:00:00Z,aFRRDown,13,11,100.0,0.79,0.1502358131751103,5.2584,sources\20261004T140214Z\bids_aFRR.zip,NOT_PUBLISHED,UNVERIFIED
2026-08-31,2026-08-31T04:00:00Z,aFRRDown,13,11,100.0,0.79,0.1502358131751103,5.2584,sources\20261004T140214Z\bids_aFRR.zip,NOT_PUBLISHED,UNVERIFIED
2026-08-31,2026-08-31T05:00:00Z,aFRRDown,13,11,100.0,0.79,0.1502358131751103,5.2584,sources\20261004T140214Z\bids_aFRR.zip,NOT_PUBLISHED,UNVERIFIED
2026-08-31,2026-08-31T06:00:00Z,aFRRDown,13,11,100.0,0.83,0.15784268979157157,5.2584,sources\20261004T140214Z\bids_aFRR.zip,NOT_PUBLISHED,UNVERIFIED
2026-08-31,2026-08-31T07:00:00Z,aFRRDown,13,11,100.0,0.82,0.15594097063745624,5.2584,sources\20261004T140214Z\bids_aFRR.zip,NOT_PUBLISHED,UNVERIFIED
2026-08-31,2026-08-31T08:00:00Z,aFRRDown,13,11,100.0,0.82,0.15594097063745624,5.2584,sources\20261004T140214Z\bids_aFRR.zip,NOT_PUBLISHED,UNVERIFIED
2026-08-31,2026-08-31T09:00:00Z,aFRRDown,13,11,100.0,4.46,0.8481667427354328,5.2584,sources\20261004T140214Z\bids_aFRR.zip,NOT_PUBLISHED,UNVERIFIED
2026-08-31,2026-08-31T10:00:00Z,aFRRDown,13,11,100.0,5.01,0.9527612962117754,5.2584,sources\20261004T140214Z\bids_aFRR.zip,NOT_PUBLISHED,UNVERIFIED
2026-08-31,2026-08-31T11:00:00Z,aFRRDown,13,11,100.0,5.01,0.9527612962117754,5.2584,sources\20261004T140214Z\bids_aFRR.zip,NOT_PUBLISHED,UNVERIFIED
2026-08-31,2026-08-31T12:00:00Z,aFRRDown,13,11,100.0,4.46,0.8481667427354328,5.2584,sources\20261004T140214Z\bids_aFRR.zip,NOT_PUBLISHED,UNVERIFIED
2026-08-31,2026-08-31T13:00:00Z,aFRRDown,13,11,100.0,3.49,0.6636999847862468,5.2584,sources\20261004T140214Z\bids_aFRR.zip,NOT_PUBLISHED,UNVERIFIED
2026-08-31,2026-08-31T14:00:00Z,aFRRDown,13,11,100.0,1.0,0.19017191541153203,5.2584,sources\20261004T140214Z\bids_aFRR.zip,NOT_PUBLISHED,UNVERIFIED
2026-08-31,2026-08-31T15:00:00Z,aFRRDown,13,11,100.0,1.0,0.19017191541153203,5.2584,sources\20261004T140214Z\bids_aFRR.zip,NOT_PUBLISHED,UNVERIFIED
2026-08-31,2026-08-31T16:00:00Z,aFRRDown,13,11,100.0,1.0,0.19017191541153203,5.2584,sources\20261004T140214Z\bids_aFRR.zip,NOT_PUBLISHED,UNVERIFIED
2026-08-31,2026-08-31T17:00:00Z,aFRRDown,13,11,100.0,1.0,0.19017191541153203,5.2584,sources\20261004T140214Z\bids_aFRR.zip,NOT_PUBLISHED,UNVERIFIED
2026-08-31,2026-08-31T18:00:00Z,aFRRDown,13,11,100.0,1.0,0.19017191541153203,5.2584,sources\20261004T140214Z\bids_aFRR.zip,NOT_PUBLISHED,UNVERIFIED
2026-08-31,2026-08-31T19:00:00Z,aFRRDown,13,11,100.0,1.0,0.19017191541153203,5.2584,sources\20261004T140214Z\bids_aFRR.zip,NOT_PUBLISHED,UNVERIFIED
2026-08-31,2026-08-31T20:00:00Z,aFRRDown,13,11,100.0,1.0,0.19017191541153203,5.2584,sources\20261004T140214Z\bids_aFRR.zip,NOT_PUBLISHED,UNVERIFIED
2026-08-31,2026-08-30T21:00:00Z,aFRRUp,14,12,6.0,30.0,5.70515746234596,5.2584,sources\20261004T140214Z\bids_aFRR.zip,NOT_PUBLISHED,UNVERIFIED
2026-08-31,2026-08-30T22:00:00Z,aFRRUp,14,12,6.0,30.0,5.70515746234596,5.2584,sources\20261004T140214Z\bids_aFRR.zip,NOT_PUBLISHED,UNVERIFIED
2026-08-31,2026-08-30T23:00:00Z,aFRRUp,14,12,6.0,30.0,5.70515746234596,5.2584,sources\20261004T140214Z\bids_aFRR.zip,NOT_PUBLISHED,UNVERIFIED
2026-08-31,2026-08-31T00:00:00Z,aFRRUp,14,12,6.0,30.0,5.70515746234596,5.2584,sources\20261004T140214Z\bids_aFRR.zip,NOT_PUBLISHED,UNVERIFIED
2026-08-31,2026-08-31T01:00:00Z,aFRRUp,14,12,6.0,30.0,5.70515746234596,5.2584,sources\20261004T140214Z\bids_aFRR.zip,NOT_PUBLISHED,UNVERIFIED
2026-08-31,2026-08-31T02:00:00Z,aFRRUp,14,12,6.0,30.0,5.70515746234596,5.2584,sources\20261004T140214Z\bids_aFRR.zip,NOT_PUBLISHED,UNVERIFIED
2026-08-31,2026-08-31T03:00:00Z,aFRRUp,14,12,6.0,30.0,5.70515746234596,5.2584,sources\20261004T140214Z\bids_aFRR.zip,NOT_PUBLISHED,UNVERIFIED
2026-08-31,2026-08-31T04:00:00Z,aFRRUp,14,12,6.0,30.0,5.70515746234596,5.2584,sources\20261004T140214Z\bids_aFRR.zip,NOT_PUBLISHED,UNVERIFIED
2026-08-31,2026-08-31T05:00:00Z,aFRRUp,14,12,6.0,30.0,5.70515746234596,5.2584,sources\20261004T140214Z\bids_aFRR.zip,NOT_PUBLISHED,UNVERIFIED
2026-08-31,2026-08-31T06:00:00Z,aFRRUp,14,12,6.0,30.0,5.70515746234596,5.2584,sources\20261004T140214Z\bids_aFRR.zip,NOT_PUBLISHED,UNVERIFIED
2026-08-31,2026-08-31T07:00:00Z,aFRRUp,14,12,3.0,30.0,5.70515746234596,5.2584,sources\20261004T140214Z\bids_aFRR.zip,NOT_PUBLISHED,UNVERIFIED
2026-08-31,2026-08-31T08:00:00Z,aFRRUp,14,12,3.0,30.0,5.70515746234596,5.2584,sources\20261004T140214Z\bids_aFRR.zip,NOT_PUBLISHED,UNVERIFIED
2026-08-31,2026-08-31T09:00:00Z,aFRRUp,14,12,3.0,30.0,5.70515746234596,5.2584,sources\20261004T140214Z\bids_aFRR.zip,NOT_PUBLISHED,UNVERIFIED
2026-08-31,2026-08-31T10:00:00Z,aFRRUp,14,12,3.0,30.0,5.70515746234596,5.2584,sources\20261004T140214Z\bids_aFRR.zip,NOT_PUBLISHED,UNVERIFIED
2026-08-31,2026-08-31T11:00:00Z,aFRRUp,14,12,3.0,30.0,5.70515746234596,5.2584,sources\20261004T140214Z\bids_aFRR.zip,NOT_PUBLISHED,UNVERIFIED
2026-08-31,2026-08-31T12:00:00Z,aFRRUp,14,12,3.0,30.0,5.70515746234596,5.2584,sources\20261004T140214Z\bids_aFRR.zip,NOT_PUBLISHED,UNVERIFIED
2026-08-31,2026-08-31T13:00:00Z,aFRRUp,14,12,3.0,30.0,5.70515746234596,5.2584,sources\20261004T140214Z\bids_aFRR.zip,NOT_PUBLISHED,UNVERIFIED
2026-08-31,2026-08-31T14:00:00Z,aFRRUp,14,12,6.0,30.0,5.70515746234596,5.2584,sources\20261004T140214Z\bids_aFRR.zip,NOT_PUBLISHED,UNVERIFIED
2026-08-31,2026-08-31T15:00:00Z,aFRRUp,14,12,6.0,30.0,5.70515746234596,5.2584,sources\20261004T140214Z\bids_aFRR.zip,NOT_PUBLISHED,UNVERIFIED
2026-08-31,2026-08-31T16:00:00Z,aFRRUp,14,12,6.0,30.0,5.70515746234596,5.2584,sources\20261004T140214Z\bids_aFRR.zip,NOT_PUBLISHED,UNVERIFIED
2026-08-31,2026-08-31T17:00:00Z,aFRRUp,14,12,6.0,30.0,5.70515746234596,5.2584,sources\20261004T140214Z\bids_aFRR.zip,NOT_PUBLISHED,UNVERIFIED
2026-08-31,2026-08-31T18:00:00Z,aFRRUp,14,12,6.0,30.0,5.70515746234596,5.2584,sources\20261004T140214Z\bids_aFRR.zip,NOT_PUBLISHED,UNVERIFIED
2026-08-31,2026-08-31T19:00:00Z,aFRRUp,14,12,6.0,30.0,5.70515746234596,5.2584,sources\20261004T140214Z\bids_aFRR.zip,NOT_PUBLISHED,UNVERIFIED
2026-08-31,2026-08-31T20:00:00Z,aFRRUp,14,12,6.0,30.0,5.70515746234596,5.2584,sources\20261004T140214Z\bids_aFRR.zip,NOT_PUBLISHED,UNVERIFIED
2026-08-31,2026-08-30T21:00:00Z,aFRRDown,15,13,10.0,1.0,0.19017191541153203,5.2584,sources\20261004T140214Z\bids_aFRR.zip,NOT_PUBLISHED,UNVERIFIED
2026-08-31,2026-08-30T22:00:00Z,aFRRDown,15,13,10.0,1.0,0.19017191541153203,5.2584,sources\20261004T140214Z\bids_aFRR.zip,NOT_PUBLISHED,UNVERIFIED
2026-08-31,2026-08-30T23:00:00Z,aFRRDown,15,13,10.0,1.0,0.19017191541153203,5.2584,sources\20261004T140214Z\bids_aFRR.zip,NOT_PUBLISHED,UNVERIFIED
2026-08-31,2026-08-31T00:00:00Z,aFRRDown,15,13,10.0,1.0,0.19017191541153203,5.2584,sources\20261004T140214Z\bids_aFRR.zip,NOT_PUBLISHED,UNVERIFIED
2026-08-31,2026-08-31T01:00:00Z,aFRRDown,15,13,10.0,2.0,0.38034383082306406,5.2584,sources\20261004T140214Z\bids_aFRR.zip,NOT_PUBLISHED,UNVERIFIED
2026-08-31,2026-08-31T02:00:00Z,aFRRDown,15,13,10.0,2.0,0.38034383082306406,5.2584,sources\20261004T140214Z\bids_aFRR.zip,NOT_PUBLISHED,UNVERIFIED
2026-08-31,2026-08-31T03:00:00Z,aFRRDown,15,13,10.0,1.0,0.19017191541153203,5.2584,sources\20261004T140214Z\bids_aFRR.zip,NOT_PUBLISHED,UNVERIFIED
2026-08-31,2026-08-31T04:00:00Z,aFRRDown,15,13,12.0,1.0,0.19017191541153203,5.2584,sources\20261004T140214Z\bids_aFRR.zip,NOT_PUBLISHED,UNVERIFIED
2026-08-31,2026-08-31T05:00:00Z,aFRRDown,15,13,19.0,1.0,0.19017191541153203,5.2584,sources\20261004T140214Z\bids_aFRR.zip,NOT_PUBLISHED,UNVERIFIED
2026-08-31,2026-08-31T06:00:00Z,aFRRDown,15,13,28.0,1.0,0.19017191541153203,5.2584,sources\20261004T140214Z\bids_aFRR.zip,NOT_PUBLISHED,UNVERIFIED
2026-08-31,2026-08-31T07:00:00Z,aFRRDown,15,13,35.0,1.0,0.19017191541153203,5.2584,sources\20261004T140214Z\bids_aFRR.zip,NOT_PUBLISHED,UNVERIFIED
2026-08-31,2026-08-31T08:00:00Z,aFRRDown,15,13,35.0,1.0,0.19017191541153203,5.2584,sources\20261004T140214Z\bids_aFRR.zip,NOT_PUBLISHED,UNVERIFIED
2026-08-31,2026-08-31T09:00:00Z,aFRRDown,15,13,35.0,2.0,0.38034383082306406,5.2584,sources\20261004T140214Z\bids_aFRR.zip,NOT_PUBLISHED,UNVERIFIED
2026-08-31,2026-08-31T10:00:00Z,aFRRDown,15,13,35.0,3.0,0.5705157462345961,5.2584,sources\20261004T140214Z\bids_aFRR.zip,NOT_PUBLISHED,UNVERIFIED
2026-08-31,2026-08-31T11:00:00Z,aFRRDown,15,13,35.0,3.0,0.5705157462345961,5.2584,sources\20261004T140214Z\bids_aFRR.zip,NOT_PUBLISHED,UNVERIFIED
2026-08-31,2026-08-31T12:00:00Z,aFRRDown,15,13,35.0,2.0,0.38034383082306406,5.2584,sources\20261004T140214Z\bids_aFRR.zip,NOT_PUBLISHED,UNVERIFIED
2026-08-31,2026-08-31T13:00:00Z,aFRRDown,15,13,35.0,1.0,0.19017191541153203,5.2584,sources\20261004T140214Z\bids_aFRR.zip,NOT_PUBLISHED,UNVERIFIED
2026-08-31,2026-08-31T14:00:00Z,aFRRDown,15,13,26.0,1.0,0.19017191541153203,5.2584,sources\20261004T140214Z\bids_aFRR.zip,NOT_PUBLISHED,UNVERIFIED
2026-08-31,2026-08-31T15:00:00Z,aFRRDown,15,13,18.0,1.0,0.19017191541153203,5.2584,sources\20261004T140214Z\bids_aFRR.zip,NOT_PUBLISHED,UNVERIFIED
2026-08-31,2026-08-31T16:00:00Z,aFRRDown,15,13,11.0,1.0,0.19017191541153203,5.2584,sources\20261004T140214Z\bids_aFRR.zip,NOT_PUBLISHED,UNVERIFIED
2026-08-31,2026-08-31T17:00:00Z,aFRRDown,15,13,10.0,1.0,0.19017191541153203,5.2584,sources\20261004T140214Z\bids_aFRR.zip,NOT_PUBLISHED,UNVERIFIED
2026-08-31,2026-08-31T18:00:00Z,aFRRDown,15,13,10.0,1.0,0.19017191541153203,5.2584,sources\20261004T140214Z\bids_aFRR.zip,NOT_PUBLISHED,UNVERIFIED
2026-08-31,2026-08-31T19:00:00Z,aFRRDown,15,13,10.0,1.0,0.19017191541153203,5.2584,sources\20261004T140214Z\bids_aFRR.zip,NOT_PUBLISHED,UNVERIFIED
2026-08-31,2026-08-31T20:00:00Z,aFRRDown,15,13,10.0,1.0,0.19017191541153203,5.2584,sources\20261004T140214Z\bids_aFRR.zip,NOT_PUBLISHED,UNVERIFIED
2026-08-31,2026-08-30T21:00:00Z,aFRRUp,16,14,20.0,34.0,6.465845123992089,5.2584,sources\20261004T140214Z\bids_aFRR.zip,NOT_PUBLISHED,UNVERIFIED
2026-08-31,2026-08-30T22:00:00Z,aFRRUp,16,14,20.0,34.0,6.465845123992089,5.2584,sources\20261004T140214Z\bids_aFRR.zip,NOT_PUBLISHED,UNVERIFIED
2026-08-31,2026-08-30T23:00:00Z,aFRRUp,16,14,20.0,34.0,6.465845123992089,5.2584,sources\20261004T140214Z\bids_aFRR.zip,NOT_PUBLISHED,UNVERIFIED
2026-08-31,2026-08-31T00:00:00Z,aFRRUp,16,14,20.0,34.0,6.465845123992089,5.2584,sources\20261004T140214Z\bids_aFRR.zip,NOT_PUBLISHED,UNVERIFIED
2026-08-31,2026-08-31T01:00:00Z,aFRRUp,16,14,20.0,34.0,6.465845123992089,5.2584,sources\20261004T140214Z\bids_aFRR.zip,NOT_PUBLISHED,UNVERIFIED
2026-08-31,2026-08-31T02:00:00Z,aFRRUp,16,14,20.0,34.0,6.465845123992089,5.2584,sources\20261004T140214Z\bids_aFRR.zip,NOT_PUBLISHED,UNVERIFIED
2026-08-31,2026-08-31T03:00:00Z,aFRRUp,16,14,20.0,34.0,6.465845123992089,5.2584,sources\20261004T140214Z\bids_aFRR.zip,NOT_PUBLISHED,UNVERIFIED
2026-08-31,2026-08-31T04:00:00Z,aFRRUp,16,14,20.0,34.0,6.465845123992089,5.2584,sources\20261004T140214Z\bids_aFRR.zip,NOT_PUBLISHED,UNVERIFIED
2026-08-31,2026-08-31T05:00:00Z,aFRRUp,16,14,20.0,33.0,6.275673208580557,5.2584,sources\20261004T140214Z\bids_aFRR.zip,NOT_PUBLISHED,UNVERIFIED
2026-08-31,2026-08-31T06:00:00Z,aFRRUp,16,14,20.0,34.0,6.465845123992089,5.2584,sources\20261004T140214Z\bids_aFRR.zip,NOT_PUBLISHED,UNVERIFIED
2026-08-31,2026-08-31T07:00:00Z,aFRRUp,16,14,10.0,34.0,6.465845123992089,5.2584,sources\20261004T140214Z\bids_aFRR.zip,NOT_PUBLISHED,UNVERIFIED
2026-08-31,2026-08-31T08:00:00Z,aFRRUp,16,14,2.0,33.0,6.275673208580557,5.2584,sources\20261004T140214Z\bids_aFRR.zip,NOT_PUBLISHED,UNVERIFIED
2026-08-31,2026-08-31T09:00:00Z,aFRRUp,16,14,0.0,0.0,0.0,5.2584,sources\20261004T140214Z\bids_aFRR.zip,NOT_PUBLISHED,UNVERIFIED
2026-08-31,2026-08-31T10:00:00Z,aFRRUp,16,14,0.0,0.0,0.0,5.2584,sources\20261004T140214Z\bids_aFRR.zip,NOT_PUBLISHED,UNVERIFIED
2026-08-31,2026-08-31T11:00:00Z,aFRRUp,16,14,0.0,0.0,0.0,5.2584,sources\20261004T140214Z\bids_aFRR.zip,NOT_PUBLISHED,UNVERIFIED
2026-08-31,2026-08-31T12:00:00Z,aFRRUp,16,14,6.0,34.0,6.465845123992089,5.2584,sources\20261004T140214Z\bids_aFRR.zip,NOT_PUBLISHED,UNVERIFIED
2026-08-31,2026-08-31T13:00:00Z,aFRRUp,16,14,12.0,34.0,6.465845123992089,5.2584,sources\20261004T140214Z\bids_aFRR.zip,NOT_PUBLISHED,UNVERIFIED
2026-08-31,2026-08-31T14:00:00Z,aFRRUp,16,14,20.0,33.0,6.275673208580557,5.2584,sources\20261004T140214Z\bids_aFRR.zip,NOT_PUBLISHED,UNVERIFIED
2026-08-31,2026-08-31T15:00:00Z,aFRRUp,16,14,20.0,34.0,6.465845123992089,5.2584,sources\20261004T140214Z\bids_aFRR.zip,NOT_PUBLISHED,UNVERIFIED
2026-08-31,2026-08-31T16:00:00Z,aFRRUp,16,14,20.0,34.0,6.465845123992089,5.2584,sources\20261004T140214Z\bids_aFRR.zip,NOT_PUBLISHED,UNVERIFIED
2026-08-31,2026-08-31T17:00:00Z,aFRRUp,16,14,20.0,25.0,4.754297885288301,5.2584,sources\20261004T140214Z\bids_aFRR.zip,NOT_PUBLISHED,UNVERIFIED
2026-08-31,2026-08-31T18:00:00Z,aFRRUp,16,14,20.0,32.0,6.085501293169025,5.2584,sources\20261004T140214Z\bids_aFRR.zip,NOT_PUBLISHED,UNVERIFIED
2026-08-31,2026-08-31T19:00:00Z,aFRRUp,16,14,20.0,33.0,6.275673208580557,5.2584,sources\20261004T140214Z\bids_aFRR.zip,NOT_PUBLISHED,UNVERIFIED
2026-08-31,2026-08-31T20:00:00Z,aFRRUp,16,14,20.0,34.0,6.465845123992089,5.2584,sources\20261004T140214Z\bids_aFRR.zip,NOT_PUBLISHED,UNVERIFIED
2026-08-31,2026-08-30T21:00:00Z,aFRRDown,17,15,1.0,1.0,0.19017191541153203,5.2584,sources\20261004T140214Z\bids_aFRR.zip,NOT_PUBLISHED,UNVERIFIED
2026-08-31,2026-08-30T22:00:00Z,aFRRDown,17,15,1.0,1.0,0.19017191541153203,5.2584,sources\20261004T140214Z\bids_aFRR.zip,NOT_PUBLISHED,UNVERIFIED
2026-08-31,2026-08-30T23:00:00Z,aFRRDown,17,15,1.0,1.0,0.19017191541153203,5.2584,sources\20261004T140214Z\bids_aFRR.zip,NOT_PUBLISHED,UNVERIFIED
2026-08-31,2026-08-31T00:00:00Z,aFRRDown,17,15,1.0,1.0,0.19017191541153203,5.2584,sources\20261004T140214Z\bids_aFRR.zip,NOT_PUBLISHED,UNVERIFIED
2026-08-31,2026-08-31T01:00:00Z,aFRRDown,17,15,1.0,2.0,0.38034383082306406,5.2584,sources\20261004T140214Z\bids_aFRR.zip,NOT_PUBLISHED,UNVERIFIED
2026-08-31,2026-08-31T02:00:00Z,aFRRDown,17,15,1.0,2.0,0.38034383082306406,5.2584,sources\20261004T140214Z\bids_aFRR.zip,NOT_PUBLISHED,UNVERIFIED
2026-08-31,2026-08-31T03:00:00Z,aFRRDown,17,15,1.0,1.0,0.19017191541153203,5.2584,sources\20261004T140214Z\bids_aFRR.zip,NOT_PUBLISHED,UNVERIFIED
2026-08-31,2026-08-31T04:00:00Z,aFRRDown,17,15,1.0,1.0,0.19017191541153203,5.2584,sources\20261004T140214Z\bids_aFRR.zip,NOT_PUBLISHED,UNVERIFIED
2026-08-31,2026-08-31T05:00:00Z,aFRRDown,17,15,1.0,1.0,0.19017191541153203,5.2584,sources\20261004T140214Z\bids_aFRR.zip,NOT_PUBLISHED,UNVERIFIED
2026-08-31,2026-08-31T06:00:00Z,aFRRDown,17,15,1.0,1.0,0.19017191541153203,5.2584,sources\20261004T140214Z\bids_aFRR.zip,NOT_PUBLISHED,UNVERIFIED
2026-08-31,2026-08-31T07:00:00Z,aFRRDown,17,15,1.0,1.0,0.19017191541153203,5.2584,sources\20261004T140214Z\bids_aFRR.zip,NOT_PUBLISHED,UNVERIFIED
2026-08-31,2026-08-31T08:00:00Z,aFRRDown,17,15,1.0,1.0,0.19017191541153203,5.2584,sources\20261004T140214Z\bids_aFRR.zip,NOT_PUBLISHED,UNVERIFIED
2026-08-31,2026-08-31T09:00:00Z,aFRRDown,17,15,1.0,2.0,0.38034383082306406,5.2584,sources\20261004T140214Z\bids_aFRR.zip,NOT_PUBLISHED,UNVERIFIED
2026-08-31,2026-08-31T10:00:00Z,aFRRDown,17,15,1.0,3.0,0.5705157462345961,5.2584,sources\20261004T140214Z\bids_aFRR.zip,NOT_PUBLISHED,UNVERIFIED
2026-08-31,2026-08-31T11:00:00Z,aFRRDown,17,15,1.0,3.0,0.5705157462345961,5.2584,sources\20261004T140214Z\bids_aFRR.zip,NOT_PUBLISHED,UNVERIFIED
2026-08-31,2026-08-31T12:00:00Z,aFRRDown,17,15,1.0,2.0,0.38034383082306406,5.2584,sources\20261004T140214Z\bids_aFRR.zip,NOT_PUBLISHED,UNVERIFIED
2026-08-31,2026-08-31T13:00:00Z,aFRRDown,17,15,1.0,1.0,0.19017191541153203,5.2584,sources\20261004T140214Z\bids_aFRR.zip,NOT_PUBLISHED,UNVERIFIED
2026-08-31,2026-08-31T14:00:00Z,aFRRDown,17,15,1.0,1.0,0.19017191541153203,5.2584,sources\20261004T140214Z\bids_aFRR.zip,NOT_PUBLISHED,UNVERIFIED
2026-08-31,2026-08-31T15:00:00Z,aFRRDown,17,15,1.0,1.0,0.19017191541153203,5.2584,sources\20261004T140214Z\bids_aFRR.zip,NOT_PUBLISHED,UNVERIFIED
2026-08-31,2026-08-31T16:00:00Z,aFRRDown,17,15,1.0,1.0,0.19017191541153203,5.2584,sources\20261004T140214Z\bids_aFRR.zip,NOT_PUBLISHED,UNVERIFIED
2026-08-31,2026-08-31T17:00:00Z,aFRRDown,17,15,1.0,1.0,0.19017191541153203,5.2584,sources\20261004T140214Z\bids_aFRR.zip,NOT_PUBLISHED,UNVERIFIED
2026-08-31,2026-08-31T18:00:00Z,aFRRDown,17,15,1.0,1.0,0.19017191541153203,5.2584,sources\20261004T140214Z\bids_aFRR.zip,NOT_PUBLISHED,UNVERIFIED
2026-08-31,2026-08-31T19:00:00Z,aFRRDown,17,15,1.0,1.0,0.19017191541153203,5.2584,sources\20261004T140214Z\bids_aFRR.zip,NOT_PUBLISHED,UNVERIFIED
2026-08-31,2026-08-31T20:00:00Z,aFRRDown,17,15,1.0,1.0,0.19017191541153203,5.2584,sources\20261004T140214Z\bids_aFRR.zip,NOT_PUBLISHED,UNVERIFIED
2026-08-31,2026-08-30T21:00:00Z,aFRRUp,18,16,1.0,34.0,6.465845123992089,5.2584,sources\20261004T140214Z\bids_aFRR.zip,NOT_PUBLISHED,UNVERIFIED
2026-08-31,2026-08-30T22:00:00Z,aFRRUp,18,16,1.0,34.0,6.465845123992089,5.2584,sources\20261004T140214Z\bids_aFRR.zip,NOT_PUBLISHED,UNVERIFIED
2026-08-31,2026-08-30T23:00:00Z,aFRRUp,18,16,1.0,34.0,6.465845123992089,5.2584,sources\20261004T140214Z\bids_aFRR.zip,NOT_PUBLISHED,UNVERIFIED
2026-08-31,2026-08-31T00:00:00Z,aFRRUp,18,16,1.0,34.0,6.465845123992089,5.2584,sources\20261004T140214Z\bids_aFRR.zip,NOT_PUBLISHED,UNVERIFIED
2026-08-31,2026-08-31T01:00:00Z,aFRRUp,18,16,1.0,34.0,6.465845123992089,5.2584,sources\20261004T140214Z\bids_aFRR.zip,NOT_PUBLISHED,UNVERIFIED
2026-08-31,2026-08-31T02:00:00Z,aFRRUp,18,16,1.0,34.0,6.465845123992089,5.2584,sources\20261004T140214Z\bids_aFRR.zip,NOT_PUBLISHED,UNVERIFIED
2026-08-31,2026-08-31T03:00:00Z,aFRRUp,18,16,1.0,34.0,6.465845123992089,5.2584,sources\20261004T140214Z\bids_aFRR.zip,NOT_PUBLISHED,UNVERIFIED
2026-08-31,2026-08-31T04:00:00Z,aFRRUp,18,16,1.0,34.0,6.465845123992089,5.2584,sources\20261004T140214Z\bids_aFRR.zip,NOT_PUBLISHED,UNVERIFIED
2026-08-31,2026-08-31T05:00:00Z,aFRRUp,18,16,1.0,33.0,6.275673208580557,5.2584,sources\20261004T140214Z\bids_aFRR.zip,NOT_PUBLISHED,UNVERIFIED
2026-08-31,2026-08-31T06:00:00Z,aFRRUp,18,16,1.0,34.0,6.465845123992089,5.2584,sources\20261004T140214Z\bids_aFRR.zip,NOT_PUBLISHED,UNVERIFIED
2026-08-31,2026-08-31T07:00:00Z,aFRRUp,18,16,1.0,34.0,6.465845123992089,5.2584,sources\20261004T140214Z\bids_aFRR.zip,NOT_PUBLISHED,UNVERIFIED
2026-08-31,2026-08-31T08:00:00Z,aFRRUp,18,16,1.0,33.0,6.275673208580557,5.2584,sources\20261004T140214Z\bids_aFRR.zip,NOT_PUBLISHED,UNVERIFIED
2026-08-31,2026-08-31T09:00:00Z,aFRRUp,18,16,1.0,34.0,6.465845123992089,5.2584,sources\20261004T140214Z\bids_aFRR.zip,NOT_PUBLISHED,UNVERIFIED
2026-08-31,2026-08-31T10:00:00Z,aFRRUp,18,16,1.0,34.0,6.465845123992089,5.2584,sources\20261004T140214Z\bids_aFRR.zip,NOT_PUBLISHED,UNVERIFIED
2026-08-31,2026-08-31T11:00:00Z,aFRRUp,18,16,1.0,34.0,6.465845123992089,5.2584,sources\20261004T140214Z\bids_aFRR.zip,NOT_PUBLISHED,UNVERIFIED
2026-08-31,2026-08-31T12:00:00Z,aFRRUp,18,16,1.0,34.0,6.465845123992089,5.2584,sources\20261004T140214Z\bids_aFRR.zip,NOT_PUBLISHED,UNVERIFIED
2026-08-31,2026-08-31T13:00:00Z,aFRRUp,18,16,1.0,34.0,6.465845123992089,5.2584,sources\20261004T140214Z\bids_aFRR.zip,NOT_PUBLISHED,UNVERIFIED
2026-08-31,2026-08-31T14:00:00Z,aFRRUp,18,16,1.0,33.0,6.275673208580557,5.2584,sources\20261004T140214Z\bids_aFRR.zip,NOT_PUBLISHED,UNVERIFIED
2026-08-31,2026-08-31T15:00:00Z,aFRRUp,18,16,1.0,34.0,6.465845123992089,5.2584,sources\20261004T140214Z\bids_aFRR.zip,NOT_PUBLISHED,UNVERIFIED
2026-08-31,2026-08-31T16:00:00Z,aFRRUp,18,16,1.0,34.0,6.465845123992089,5.2584,sources\20261004T140214Z\bids_aFRR.zip,NOT_PUBLISHED,UNVERIFIED
2026-08-31,2026-08-31T17:00:00Z,aFRRUp,18,16,1.0,25.0,4.754297885288301,5.2584,sources\20261004T140214Z\bids_aFRR.zip,NOT_PUBLISHED,UNVERIFIED
2026-08-31,2026-08-31T18:00:00Z,aFRRUp,18,16,1.0,32.0,6.085501293169025,5.2584,sources\20261004T140214Z\bids_aFRR.zip,NOT_PUBLISHED,UNVERIFIED
2026-08-31,2026-08-31T19:00:00Z,aFRRUp,18,16,1.0,33.0,6.275673208580557,5.2584,sources\20261004T140214Z\bids_aFRR.zip,NOT_PUBLISHED,UNVERIFIED
2026-08-31,2026-08-31T20:00:00Z,aFRRUp,18,16,1.0,34.0,6.465845123992089,5.2584,sources\20261004T140214Z\bids_aFRR.zip,NOT_PUBLISHED,UNVERIFIED
2026-08-31,2026-08-30T21:00:00Z,aFRRUp,19,17,80.0,40.0,7.606876616461281,5.2584,sources\20261004T140214Z\bids_aFRR.zip,NOT_PUBLISHED,UNVERIFIED
2026-08-31,2026-08-30T22:00:00Z,aFRRUp,19,17,80.0,40.0,7.606876616461281,5.2584,sources\20261004T140214Z\bids_aFRR.zip,NOT_PUBLISHED,UNVERIFIED
2026-08-31,2026-08-30T23:00:00Z,aFRRUp,19,17,80.0,40.0,7.606876616461281,5.2584,sources\20261004T140214Z\bids_aFRR.zip,NOT_PUBLISHED,UNVERIFIED
2026-08-31,2026-08-31T00:00:00Z,aFRRUp,19,17,80.0,40.0,7.606876616461281,5.2584,sources\20261004T140214Z\bids_aFRR.zip,NOT_PUBLISHED,UNVERIFIED
2026-08-31,2026-08-31T01:00:00Z,aFRRUp,19,17,80.0,40.0,7.606876616461281,5.2584,sources\20261004T140214Z\bids_aFRR.zip,NOT_PUBLISHED,UNVERIFIED
2026-08-31,2026-08-31T02:00:00Z,aFRRUp,19,17,80.0,40.0,7.606876616461281,5.2584,sources\20261004T140214Z\bids_aFRR.zip,NOT_PUBLISHED,UNVERIFIED
2026-08-31,2026-08-31T03:00:00Z,aFRRUp,19,17,80.0,40.0,7.606876616461281,5.2584,sources\20261004T140214Z\bids_aFRR.zip,NOT_PUBLISHED,UNVERIFIED
2026-08-31,2026-08-31T04:00:00Z,aFRRUp,19,17,80.0,40.0,7.606876616461281,5.2584,sources\20261004T140214Z\bids_aFRR.zip,NOT_PUBLISHED,UNVERIFIED
2026-08-31,2026-08-31T05:00:00Z,aFRRUp,19,17,80.0,40.0,7.606876616461281,5.2584,sources\20261004T140214Z\bids_aFRR.zip,NOT_PUBLISHED,UNVERIFIED
2026-08-31,2026-08-31T06:00:00Z,aFRRUp,19,17,80.0,40.0,7.606876616461281,5.2584,sources\20261004T140214Z\bids_aFRR.zip,NOT_PUBLISHED,UNVERIFIED
2026-08-31,2026-08-31T07:00:00Z,aFRRUp,19,17,80.0,40.0,7.606876616461281,5.2584,sources\20261004T140214Z\bids_aFRR.zip,NOT_PUBLISHED,UNVERIFIED
2026-08-31,2026-08-31T08:00:00Z,aFRRUp,19,17,80.0,40.0,7.606876616461281,5.2584,sources\20261004T140214Z\bids_aFRR.zip,NOT_PUBLISHED,UNVERIFIED
2026-08-31,2026-08-31T09:00:00Z,aFRRUp,19,17,80.0,40.0,7.606876616461281,5.2584,sources\20261004T140214Z\bids_aFRR.zip,NOT_PUBLISHED,UNVERIFIED
2026-08-31,2026-08-31T10:00:00Z,aFRRUp,19,17,80.0,40.0,7.606876616461281,5.2584,sources\20261004T140214Z\bids_aFRR.zip,NOT_PUBLISHED,UNVERIFIED
2026-08-31,2026-08-31T11:00:00Z,aFRRUp,19,17,80.0,40.0,7.606876616461281,5.2584,sources\20261004T140214Z\bids_aFRR.zip,NOT_PUBLISHED,UNVERIFIED
2026-08-31,2026-08-31T12:00:00Z,aFRRUp,19,17,80.0,40.0,7.606876616461281,5.2584,sources\20261004T140214Z\bids_aFRR.zip,NOT_PUBLISHED,UNVERIFIED
2026-08-31,2026-08-31T13:00:00Z,aFRRUp,19,17,80.0,40.0,7.606876616461281,5.2584,sources\20261004T140214Z\bids_aFRR.zip,NOT_PUBLISHED,UNVERIFIED
2026-08-31,2026-08-31T14:00:00Z,aFRRUp,19,17,80.0,40.0,7.606876616461281,5.2584,sources\20261004T140214Z\bids_aFRR.zip,NOT_PUBLISHED,UNVERIFIED
2026-08-31,2026-08-31T15:00:00Z,aFRRUp,19,17,80.0,40.0,7.606876616461281,5.2584,sources\20261004T140214Z\bids_aFRR.zip,NOT_PUBLISHED,UNVERIFIED
2026-08-31,2026-08-31T16:00:00Z,aFRRUp,19,17,80.0,40.0,7.606876616461281,5.2584,sources\20261004T140214Z\bids_aFRR.zip,NOT_PUBLISHED,UNVERIFIED
2026-08-31,2026-08-31T17:00:00Z,aFRRUp,19,17,80.0,40.0,7.606876616461281,5.2584,sources\20261004T140214Z\bids_aFRR.zip,NOT_PUBLISHED,UNVERIFIED
2026-08-31,2026-08-31T18:00:00Z,aFRRUp,19,17,80.0,40.0,7.606876616461281,5.2584,sources\20261004T140214Z\bids_aFRR.zip,NOT_PUBLISHED,UNVERIFIED
2026-08-31,2026-08-31T19:00:00Z,aFRRUp,19,17,80.0,40.0,7.606876616461281,5.2584,sources\20261004T140214Z\bids_aFRR.zip,NOT_PUBLISHED,UNVERIFIED
2026-08-31,2026-08-31T20:00:00Z,aFRRUp,19,17,80.0,40.0,7.606876616461281,5.2584,sources\20261004T140214Z\bids_aFRR.zip,NOT_PUBLISHED,UNVERIFIED
2026-08-31,2026-08-30T21:00:00Z,aFRRUp,20,18,39.0,34.03,6.4715502814544354,5.2584,sources\20261004T140214Z\bids_aFRR.zip,NOT_PUBLISHED,UNVERIFIED
2026-08-31,2026-08-30T22:00:00Z,aFRRUp,20,18,39.0,34.03,6.4715502814544354,5.2584,sources\20261004T140214Z\bids_aFRR.zip,NOT_PUBLISHED,UNVERIFIED
2026-08-31,2026-08-30T23:00:00Z,aFRRUp,20,18,39.0,34.03,6.4715502814544354,5.2584,sources\20261004T140214Z\bids_aFRR.zip,NOT_PUBLISHED,UNVERIFIED
2026-08-31,2026-08-31T00:00:00Z,aFRRUp,20,18,39.0,34.03,6.4715502814544354,5.2584,sources\20261004T140214Z\bids_aFRR.zip,NOT_PUBLISHED,UNVERIFIED
2026-08-31,2026-08-31T01:00:00Z,aFRRUp,20,18,39.0,34.03,6.4715502814544354,5.2584,sources\20261004T140214Z\bids_aFRR.zip,NOT_PUBLISHED,UNVERIFIED
2026-08-31,2026-08-31T02:00:00Z,aFRRUp,20,18,39.0,34.03,6.4715502814544354,5.2584,sources\20261004T140214Z\bids_aFRR.zip,NOT_PUBLISHED,UNVERIFIED
2026-08-31,2026-08-31T03:00:00Z,aFRRUp,20,18,39.0,34.47,6.555225924235509,5.2584,sources\20261004T140214Z\bids_aFRR.zip,NOT_PUBLISHED,UNVERIFIED
2026-08-31,2026-08-31T04:00:00Z,aFRRUp,20,18,39.0,34.29,6.520994979461433,5.2584,sources\20261004T140214Z\bids_aFRR.zip,NOT_PUBLISHED,UNVERIFIED
2026-08-31,2026-08-31T05:00:00Z,aFRRUp,20,18,39.0,33.44,6.359348851361631,5.2584,sources\20261004T140214Z\bids_aFRR.zip,NOT_PUBLISHED,UNVERIFIED
2026-08-31,2026-08-31T06:00:00Z,aFRRUp,20,18,39.0,34.47,6.555225924235509,5.2584,sources\20261004T140214Z\bids_aFRR.zip,NOT_PUBLISHED,UNVERIFIED
2026-08-31,2026-08-31T07:00:00Z,aFRRUp,20,18,39.0,34.65,6.5894568690095845,5.2584,sources\20261004T140214Z\bids_aFRR.zip,NOT_PUBLISHED,UNVERIFIED
2026-08-31,2026-08-31T08:00:00Z,aFRRUp,20,18,39.0,33.99,6.463943404837974,5.2584,sources\20261004T140214Z\bids_aFRR.zip,NOT_PUBLISHED,UNVERIFIED
2026-08-31,2026-08-31T09:00:00Z,aFRRUp,20,18,39.0,34.55,6.570439677468431,5.2584,sources\20261004T140214Z\bids_aFRR.zip,NOT_PUBLISHED,UNVERIFIED
2026-08-31,2026-08-31T10:00:00Z,aFRRUp,20,18,39.0,34.72,6.602768903088392,5.2584,sources\20261004T140214Z\bids_aFRR.zip,NOT_PUBLISHED,UNVERIFIED
2026-08-31,2026-08-31T11:00:00Z,aFRRUp,20,18,39.0,34.72,6.602768903088392,5.2584,sources\20261004T140214Z\bids_aFRR.zip,NOT_PUBLISHED,UNVERIFIED
2026-08-31,2026-08-31T12:00:00Z,aFRRUp,20,18,39.0,34.28,6.519093260307318,5.2584,sources\20261004T140214Z\bids_aFRR.zip,NOT_PUBLISHED,UNVERIFIED
2026-08-31,2026-08-31T13:00:00Z,aFRRUp,20,18,39.0,34.0,6.465845123992089,5.2584,sources\20261004T140214Z\bids_aFRR.zip,NOT_PUBLISHED,UNVERIFIED
2026-08-31,2026-08-31T14:00:00Z,aFRRUp,20,18,39.0,33.71,6.410695268522745,5.2584,sources\20261004T140214Z\bids_aFRR.zip,NOT_PUBLISHED,UNVERIFIED
2026-08-31,2026-08-31T15:00:00Z,aFRRUp,20,18,39.0,34.16,6.496272630457933,5.2584,sources\20261004T140214Z\bids_aFRR.zip,NOT_PUBLISHED,UNVERIFIED
2026-08-31,2026-08-31T16:00:00Z,aFRRUp,20,18,39.0,34.67,6.5932603073178155,5.2584,sources\20261004T140214Z\bids_aFRR.zip,NOT_PUBLISHED,UNVERIFIED
2026-08-31,2026-08-31T17:00:00Z,aFRRUp,20,18,0.0,0.0,0.0,5.2584,sources\20261004T140214Z\bids_aFRR.zip,NOT_PUBLISHED,UNVERIFIED
2026-08-31,2026-08-31T18:00:00Z,aFRRUp,20,18,0.0,0.0,0.0,5.2584,sources\20261004T140214Z\bids_aFRR.zip,NOT_PUBLISHED,UNVERIFIED
2026-08-31,2026-08-31T19:00:00Z,aFRRUp,20,18,39.0,33.79,6.425909021755667,5.2584,sources\20261004T140214Z\bids_aFRR.zip,NOT_PUBLISHED,UNVERIFIED
2026-08-31,2026-08-31T20:00:00Z,aFRRUp,20,18,39.0,34.81,6.61988437547543,5.2584,sources\20261004T140214Z\bids_aFRR.zip,NOT_PUBLISHED,UNVERIFIED
