hour,DA_kEUR_per_MW,FCR_cap_kEUR_per_MW,cap_up_kEUR_per_MW,cap_down_kEUR_per_MW,act_up_kEUR_per_MW,act_down_kEUR_per_MW,total_kEUR_per_MW,sample_hours,afrr_valid_hours,fcr_valid_hours
0,-0.00974501797054,0.0194697010012,0.00275185342838,0.00232830859538,0.014660044165,0.00413798917695,0.0336028783964,608,581,451
1,-0.0025690144445,0.0200782617062,0.0027945467868,0.0023521484136,0.0109469572883,0.00268110942656,0.0362840091769,608,586,451
2,-0.0122188578357,0.0200976090827,0.00278860414488,0.00236233737086,0.0109695013496,0.00129433587763,0.0252935299901,608,586,451
3,-0.0204031693527,0.0201225635968,0.00279936852769,0.00241567891123,0.00975311907422,0.00195303506781,0.016640595825,607,590,451
4,-0.0242129449581,0.0200818536108,0.00279754218517,0.00234831291491,0.0091575208637,0.00114223515986,0.0113145197763,608,590,451
5,-0.015326373301,0.0200893080313,0.002822124539,0.00239208602677,0.0087755193445,0.00189269499363,0.0206453596341,608,583,451
6,0.00147707826109,0.0200851088956,0.00274590632589,0.00221522766772,0.0127969078322,0.00439821792687,0.0437184469093,608,575,451
7,0.0292015566707,0.0199294487631,0.00247986254666,0.00216740886772,0.0136831093254,0.00628138221385,0.0737427683874,608,565,451
8,0.0475135787404,0.0194219340285,0.00203869953389,0.00214345677799,0.011532010049,0.00601701158351,0.0886666907134,608,538,451
9,0.0242868736674,0.0197788851294,0.00241928909878,0.00223046681331,0.0143783889504,0.011374610561,0.0744685142204,608,532,451
10,0.00728519309296,0.0199963108062,0.00240977718036,0.00232716106401,0.0124338853096,0.0109967224274,0.0554490498805,608,523,451
11,-0.00204654033926,0.0200112270098,0.00247140338575,0.00251204528514,0.00780062772338,0.00832822028045,0.0390769833453,608,545,451
12,-0.00937638485039,0.0200047685542,0.0025532636288,0.00281761729083,0.00728632087682,0.00741963193112,0.0307052174314,608,552,451
13,-0.0165071294133,0.0200271992778,0.00259817349239,0.00280035930672,0.00755442837399,0.00828174188978,0.0247547729273,608,563,451
14,-0.0153223776471,0.0200271992778,0.00258686814092,0.00270137138496,0.00893145959425,0.0117813075913,0.0307058283421,608,560,451
15,-0.00751500831768,0.0199744411618,0.00239330401283,0.00259077585293,0.00885745813031,0.0108551088196,0.0371560796599,608,527,451
16,0.00113121836705,0.0199425440028,0.00258252278223,0.0027399334277,0.0172014693516,0.00990253619597,0.0535002241273,608,552,451
17,0.015274217997,0.0198221227639,0.00236602587245,0.00218700496493,0.0182561963039,0.0106855145752,0.0685910824774,608,522,451
18,0.0250399626471,0.0198040259939,0.00234029618815,0.00210457575152,0.017803968029,0.00885061479717,0.0759434434068,608,537,451
19,0.0426103491,0.0196445872244,0.00233250682445,0.00215860449044,0.0180757849941,0.00536852447625,0.0901903571096,608,541,451
20,0.0666466846433,0.0187257041576,0.00204547405093,0.00225667584743,0.0134335299603,0.00267460438231,0.105782673042,608,565,451
21,0.0692720563753,0.0191648417425,0.00189407776607,0.00218013412756,0.0145384579546,0.00296756786621,0.110017135832,608,552,451
22,0.0221159676313,0.0195731024752,0.00242655833254,0.00209822796803,0.0172974134662,0.00623874278291,0.0697500126562,608,531,451
23,0.00498049312048,0.0193608207581,0.00280688360646,0.00231248325316,0.0160775040023,0.00379118586435,0.0493293706049,608,579,450
