month,DA_kEUR,DA_kEUR_per_MW,FCR_cap_kEUR,FCR_cap_kEUR_per_MW,cap_up_kEUR,cap_up_kEUR_per_MW,cap_down_kEUR,cap_down_kEUR_per_MW,act_up_kEUR,act_up_kEUR_per_MW,act_down_kEUR,act_down_kEUR_per_MW,total_kEUR,total_kEUR_per_MW,efc,total_qh,executed_qh,execution_coverage,da_valid_qh,afrr_valid_qh,fcr_valid_qh,fcr_in_scope_qh,initial_no_prior_qh,charge_ac_mwh,discharge_ac_mwh,da_data_coverage,afrr_data_coverage,fcr_data_coverage,fcr_in_scope_coverage,afrr_up_activation_mwh,afrr_down_activation_mwh,average_da_mw,average_afrr_up_mw,average_afrr_down_mw,average_fcr_mw,first_local_date,last_local_date,complete_days,calendar_complete
2025-01,660.228441228,6.60228441228,0,0,456.825747561,4.56825747561,474.152169863,4.74152169863,1156.76574517,11.5676574517,708.833832766,7.08833832766,3456.80593659,34.5680593659,61.6759970117,2976,2976,1,2976,2840,0,0,96,12067.0428936,10213.5451051,1,0.954301075269,0,,2914.30925493,4382.964675,-0.517261247825,46.185483871,47.2379032258,0,2025-01-01,2025-01-31,31,True
2025-02,386.744958492,3.86744958492,0,0,302.811931827,3.02811931827,322.187871269,3.22187871269,1857.00965938,18.5700965938,414.309208184,4.14309208184,3283.06362916,32.8306362916,57.207826331,2688,2688,1,2688,2524,0,0,0,11193.9072816,9472.7089577,1,0.938988095238,0,,3578.12359,2052.164595,-4.83207934359,36.1666666667,37.4419642857,0,2025-02-01,2025-02-28,28,True
2025-03,803.164688826,8.03164688826,0,0,393.149657985,3.93149657985,449.563412754,4.49563412754,1705.21838065,17.0521838065,1415.96911049,14.1596911049,4767.06525071,47.6706525071,66.3539785277,2972,2972,1,2972,2740,0,0,0,12981.2284516,10989.1259269,1,0.921938088829,0,,3282.40995852,3828.39753617,-1.9463189059,43.9892328398,45.1238223419,0,2025-03-01,2025-03-31,31,True
2025-04,814.597573092,8.14597573092,0,0,384.991893228,3.84991893228,473.016891715,4.73016891715,1839.96200514,18.3996200514,1987.62572229,19.8762572229,5500.19408546,55.0019408546,63.7545995455,2880,2880,1,2880,2688,0,0,0,12473.725998,10557.7616847,1,0.933333333333,0,,3353.67209048,4281.6287799,-1.37223281095,44.0861111111,46.4180555556,0,2025-04-01,2025-04-30,30,True
2025-05,816.95263102,8.1695263102,0,0,305.171874007,3.05171874007,333.230570179,3.33230570179,1698.28191648,16.9828191648,740.582886725,7.40582886725,3894.21987841,38.9421987841,63.1152789044,2976,2976,1,2976,2792,0,0,0,12349.010086,10451.5782363,1,0.938172043011,0,,2972.07307,3008.1177,-2.50186454259,35.1075268817,36.0483870968,0,2025-05-01,2025-05-31,31,True
2025-06,791.746026867,7.91746026867,1425.03830582,14.2503830582,186.992035145,1.86992035145,163.811133303,1.63811133303,659.774711087,6.59774711087,552.824055063,5.52824055063,3780.18626729,37.8018626729,40.7286190084,2880,2880,1,2880,2664,2304,2880,0,7980.63109438,6734.51245731,1,0.925,0.8,0.8,1466.164225,2452.360535,-0.361003232034,24.6236111111,25.3055555556,31.6972222222,2025-06-01,2025-06-30,30,True
2025-07,577.980399149,5.77980399149,2110.44035622,21.1044035622,173.203535729,1.73203535729,109.380488738,1.09380488738,1131.3893439,11.313893439,560.061729299,5.60061729299,4662.45585304,46.6245585304,42.2458807982,2976,2976,1,2976,2756,2976,2976,0,8264.9563557,6996.3766609,1,0.926075268817,1,1,2194.261335,3102.886235,-0.483810208058,36.4690860215,36.2755376344,39.8077956989,2025-07-01,2025-07-31,31,True
2025-08,703.92785223,7.0392785223,2097.20843046,20.9720843046,143.955448449,1.43955448449,235.393737341,2.35393737341,893.478999991,8.93478999991,887.287475432,8.87287475432,4961.2519439,49.612519439,43.1728253399,2976,2976,1,2976,2760,2976,2976,0,8446.85713171,7149.41987628,1,0.927419354839,1,1,1945.47968,4078.08951,1.12254378302,40.6922043011,41.9341397849,39.7580645161,2025-08-01,2025-08-31,31,True
2025-09,828.672241791,8.28672241791,2034.0535771,20.340535771,168.794762132,1.68794762132,300.168901109,3.00168901109,878.877922499,8.78877922499,307.884119949,3.07884119949,4518.45152458,45.1845152458,48.2569933226,2880,2880,1,2880,2624,2880,2880,0,9455.16201438,7979.86705948,1,0.911111111111,1,1,2209.66188,3265.349915,-0.582787388751,34.1361111111,35.1194444444,39.1041666667,2025-09-01,2025-09-30,30,True
2025-10,847.22879315,8.4722879315,2061.4959145,20.614959145,134.028191814,1.34028191814,61.2966299504,0.612966299504,867.834616754,8.67834616754,38.0403285648,0.380403285648,4009.92447474,40.0992447474,58.157095277,2980,2980,1,2980,2716,2976,2980,0,11370.4599808,9637.67262797,1,0.911409395973,0.998657718121,0.998657718121,2090.51620643,1623.81073714,-2.95233935857,23.7959731544,23.5409395973,39.2416107383,2025-10-01,2025-10-31,31,True
2025-11,514.783283408,5.14783283408,1940.50959713,19.4050959713,133.372945932,1.33372945932,30.1449903833,0.301449903833,936.831338373,9.36831338373,103.809655049,1.03809655049,3659.45181028,36.5945181028,45.5275187679,2880,2880,1,2880,2652,2880,2880,0,8902.08379409,7543.99049261,1,0.920833333333,1,1,2148.41644571,2272.59864571,-1.71376541873,27.3138888889,26.5888888889,39.8152777778,2025-11-01,2025-11-30,30,True
2025-12,130.825335051,1.30825335051,2010.31198176,20.1031198176,35.6627710731,0.356627710731,11.2874549829,0.112874549829,89.0324450055,0.890324450055,103.487829398,1.03487829398,2380.60781727,23.8060781727,9.80338716513,2976,2976,1,2976,2724,2976,2976,0,1918.92535933,1622.70340496,1,0.915322580645,1,1,251.904205714,765.683497143,0.292415775613,8.31182795699,8.14247311828,39.9717741935,2025-12-01,2025-12-31,31,True
2026-01,365.288828578,3.65288828578,1992.06616201,19.9206616201,126.110784669,1.26110784669,27.5650338512,0.275650338512,1173.86569932,11.7386569932,49.4278149952,0.494278149952,3734.32432343,37.3432432343,45.4666553267,2976,2976,1,2976,2708,2976,2976,0,8895.70620226,7529.23051461,1,0.909946236559,1,1,2681.06433143,1627.53240571,-3.25269840507,27.997311828,26.3602150538,39.3319892473,2026-01-01,2026-01-31,31,True
2026-02,371.369066231,3.71369066231,1833.00896927,18.3300896927,117.452698524,1.17452698524,49.9696553,0.499696553,534.556336334,5.34556336334,159.824599972,1.59824599972,3066.18132563,30.6618132563,45.1778337097,2688,2688,1,2688,2496,2688,2688,0,8838.21378219,7482.23437941,1,0.928571428571,1,1,1886.69955429,2111.84049714,-1.68279532726,25.7797619048,25.9523809524,39.9910714286,2026-02-01,2026-02-28,28,True
2026-03,839.09515278,8.3909515278,2013.62111797,20.1362111797,88.051144033,0.88051144033,62.1953411426,0.621953411426,430.014470548,4.30014470548,182.526916515,1.82526916515,3615.50414299,36.1550414299,53.7854889254,2972,2972,1,2972,2604,2972,2972,0,10523.2478332,8906.87696605,1,0.876177658143,1,1,1352.15345714,2063.78612,-1.21768264378,18.5787348587,20.2139973082,39.7563930013,2026-03-01,2026-03-31,31,True
2026-04,804.392824773,8.04392824773,1789.15391669,17.8915391669,96.8368856348,0.968368856348,104.69858879,1.0469858879,368.299835432,3.68299835432,405.073655837,4.05073655837,3568.45570716,35.6845570716,50.836798736,2880,2880,1,2880,2444,2880,2880,0,9946.33018747,8418.57387068,1,0.848611111111,1,1,1109.65387429,2285.34350857,-0.488981503486,18.5611111111,20.6777777778,39.9222222222,2026-04-01,2026-04-30,30,True
2026-05,808.29838857,8.0829838857,1915.32712953,19.1532712953,110.108849652,1.10108849652,94.5822775294,0.945822775294,560.389120454,5.60389120454,175.016220957,1.75016220957,3663.7219867,36.637219867,47.3391939331,2976,2976,1,2976,2692,2976,2976,0,9262.01620431,7839.37051532,1,0.904569892473,1,1,1675.30204571,2019.56732571,-1.44943603358,20.4005376344,21.9260752688,39.4260752688,2026-05-01,2026-05-31,31,True
2026-06,1037.83770373,10.3783770373,1803.39083755,18.0339083755,105.237768561,1.05237768561,58.1513871395,0.581513871395,596.970565592,5.96970565592,98.0536003342,0.980536003342,3699.64186291,36.9964186291,45.8967189412,2880,2880,1,2880,2600,2880,2880,0,8977.32916296,7602.58190981,1,0.902777777778,1,1,1783.63762857,1567.98233143,-2.20889243095,21.0361111111,20.6486111111,38.1569444444,2026-06-01,2026-06-30,30,True
2026-07,804.276732162,8.04276732162,1924.40532288,19.2440532288,101.093745574,1.01093745574,65.3763070965,0.653763070965,397.488302034,3.97488302034,172.940535034,1.72940535034,3465.58094478,34.6558094478,47.0161681404,2976,2976,1,2976,2716,2976,2976,0,9201.27917911,7783.79219091,1,0.912634408602,1,1,1435.51178286,2305.5954,-0.735757219158,20.8319892473,21.2768817204,39.497311828,2026-07-01,2026-07-31,31,True
2026-08,567.448038334,5.67448038334,1942.15712308,19.4215712308,98.7592804119,0.987592804119,23.5236540622,0.235236540622,596.839478565,5.96839478565,14.555868392,0.14555868392,3243.28344284,32.4328344284,45.8185817118,2976,2976,1,2976,2760,2976,2976,0,8952.69037273,7597.55713148,1,0.927419354839,1,1,1929.03394857,1368.18795429,-2.57524090798,20.3454301075,19.1169354839,39.5416666667,2026-08-01,2026-08-31,31,True
