quarter,hour,DA_kEUR_per_MW,FCR_cap_kEUR_per_MW,cap_up_kEUR_per_MW,cap_down_kEUR_per_MW,act_up_kEUR_per_MW,act_down_kEUR_per_MW,total_kEUR_per_MW,sample_hours,afrr_valid_hours,fcr_valid_hours
Q1,0,-0.0119865505323,0.0136233120266,0.00367177109213,0.00336959161326,0.014188570665,0.000940335872348,0.0238070307371,180,172,90
Q1,1,-0.00634632062447,0.0136422565774,0.00372602055498,0.00337873287356,0.0126499076801,0.00246546262808,0.0295160596897,180,173,90
Q1,2,-0.0171114396388,0.0136422565774,0.00370632609446,0.0033337295846,0.0134590624095,0.00212980955768,0.0191597445849,180,174,90
Q1,3,-0.0285043090845,0.0136280457463,0.00382361428689,0.00343065970112,0.0110962702323,0.00277843733949,0.00625271822158,178,175,89
Q1,4,-0.0323082473682,0.013628065863,0.00375528893053,0.00324877165505,0.0136593522236,0.00158090614945,0.00356413745343,180,175,90
Q1,5,-0.0211932447697,0.013628065863,0.00374364093625,0.00334962089249,0.0112830328861,0.00263261437499,0.0134437301831,180,172,90
Q1,6,-0.00196541324383,0.013628065863,0.00341502008934,0.00301659540838,0.0187646959597,0.00688517890365,0.0437441429802,180,163,90
Q1,7,0.0321592838977,0.0131275190856,0.00313925213321,0.00300143093933,0.0187324058783,0.00840812130025,0.0785680132344,180,161,90
Q1,8,0.0707136035726,0.0129916434397,0.00252100498271,0.00311954525726,0.0120021568534,0.00934166426715,0.110689618373,180,157,90
Q1,9,0.0467980162134,0.0133249156049,0.00307415110668,0.00314502643421,0.0211481995119,0.0117028490238,0.0991931578948,180,154,90
Q1,10,0.0161024955722,0.013628065863,0.00324691001399,0.00313170179842,0.0158241685214,0.015593399399,0.0675267411679,180,151,90
Q1,11,-0.00311726205043,0.013628065863,0.00341195630584,0.00319350152955,0.00914287444595,0.00941675062962,0.0356758867235,180,164,90
Q1,12,-0.0182188847838,0.0135522998633,0.00357963741952,0.00323570350148,0.0101156592658,0.00845099782724,0.0207154130934,180,166,90
Q1,13,-0.0304896760045,0.013628065863,0.00362188857603,0.00316748384385,0.011033022906,0.00427273121052,0.00523351639491,180,165,90
Q1,14,-0.0279906585053,0.013628065863,0.00364983074779,0.00309421404865,0.0116301859385,0.0102354754242,0.0142471135168,180,171,90
Q1,15,-0.0110187708057,0.013628065863,0.00337253409434,0.00311471850212,0.015029406026,0.0125141746895,0.0366401283693,180,156,90
Q1,16,0.00252355227428,0.0133246893075,0.00357539912715,0.00327921036392,0.0291390194782,0.0112567683547,0.0630986389057,180,164,90
Q1,17,0.02617012523,0.0134763433209,0.00339597411423,0.00314421709987,0.0271449708404,0.0151222200814,0.0884538506869,180,165,90
Q1,18,0.0657768259026,0.0136053280318,0.00314258059753,0.00316815407857,0.0193708749269,0.00630316225707,0.111366925795,180,165,90
Q1,19,0.0881184054934,0.0135143320506,0.00279458002589,0.00318728022467,0.00921767922212,0.00276904863435,0.119601325651,180,162,90
Q1,20,0.0523883978631,0.013628065863,0.00333180319097,0.00331707057593,0.0155835659147,0.00182089010924,0.0900697935169,180,170,90
Q1,21,0.014006576694,0.013427092097,0.00351056254778,0.00325642377416,0.0203170689856,0.00290241000132,0.0574201341,180,168,90
Q1,22,-0.00458881363478,0.0135144433028,0.00345825016345,0.00302216121415,0.0201412359861,0.0082121630521,0.0437594400838,180,163,90
Q1,23,-0.00990712087163,0.0134763667793,0.00384126328257,0.0033122115365,0.0204182546561,0.00512260504591,0.0362635804288,180,172,90
Q2,0,-0.0139341364002,0.0147733887477,0.00294594928642,0.00287534468218,0.019008164964,0.0096891861574,0.0353578974374,182,175,115
Q2,1,-0.000346271742885,0.016165208223,0.00298373054942,0.00289238823906,0.0111971159241,0.00417718762113,0.0370693588138,182,175,115
Q2,2,-0.0128078376314,0.0161943785028,0.00304721021543,0.00311399850943,0.0103663080026,0.00140645866235,0.0213205162612,182,175,115
Q2,3,-0.0198928107371,0.0161943785028,0.00299187620201,0.00316062640608,0.0101069834987,0.00301496283741,0.0155760167099,182,174,115
Q2,4,-0.02135936013,0.0161943785028,0.00305012695822,0.00322840364032,0.00749170340021,0.00198962944428,0.0105948818158,182,179,115
Q2,5,-0.0116949337695,0.0161943785028,0.00295909840091,0.00308285076846,0.0104076033766,0.00238366928485,0.023332666564,182,173,115
Q2,6,0.00609335035858,0.0161943785028,0.00299807065106,0.00294899138972,0.0123637036818,0.00637057697369,0.0469690715576,182,177,115
Q2,7,0.0338186852432,0.0161943785028,0.00272637980886,0.00287413165462,0.0119831794843,0.00860494061324,0.0762016953069,182,176,115
Q2,8,0.0368636317946,0.0161634487684,0.00241973496141,0.00280012968346,0.0145871533326,0.00955120850688,0.0823853070474,182,168,115
Q2,9,0.0130438187171,0.0161634487684,0.00281874635436,0.00264632369287,0.0116736568768,0.0180234313099,0.0643694257194,182,160,115
Q2,10,0.00337336456383,0.0161634487684,0.00272181900301,0.00253267732537,0.0108761561568,0.0133387199513,0.0490061857687,182,158,115
Q2,11,0.000162863763726,0.0161634487684,0.00282263246755,0.0026724151667,0.00851806272425,0.00969417482082,0.0400335977114,182,162,115
Q2,12,-0.00171647214821,0.0161634487684,0.0028756291838,0.00291381965334,0.00832378394086,0.0101838619407,0.0387440713388,182,164,115
Q2,13,-0.00697666585947,0.0161634487684,0.0028874873051,0.00290523779829,0.0069652732811,0.0122443309731,0.0341891122665,182,165,115
Q2,14,-0.00734933017283,0.0161634487684,0.00282827476888,0.00268242825549,0.00928397375938,0.0165897832632,0.0401985786424,182,158,115
Q2,15,-0.00577790870906,0.0161634487684,0.00268829052536,0.00266780508451,0.00609923415293,0.0102829992661,0.0321238690882,182,156,115
Q2,16,-0.00109264167203,0.0161668779355,0.00291357813847,0.00287192437034,0.0147510111299,0.010694310346,0.0463050602481,182,166,115
Q2,17,0.00305546916181,0.0161668779355,0.00266661912558,0.00260647390853,0.0176356582657,0.0151031852508,0.0572342836479,182,151,115
Q2,18,0.000658945094273,0.0159883904392,0.00273719640467,0.00258903568921,0.0175533309827,0.016073621801,0.055600520411,182,159,115
Q2,19,0.0149980247418,0.0154492212945,0.00270387193,0.00259231353521,0.0214298094972,0.0106458468789,0.0678190878776,182,158,115
Q2,20,0.068803444809,0.0152047843639,0.00204183499937,0.00271315949118,0.0157574915209,0.00674508153531,0.11126579672,182,161,115
Q2,21,0.135118551852,0.0148771052132,0.00115548561056,0.00262403062516,0.0148987000655,0.00626006295644,0.174933936323,182,157,115
Q2,22,0.0504535103073,0.0149534538918,0.00240133223636,0.00254043400471,0.0238524752496,0.00899705907042,0.10319826476,182,149,115
Q2,23,0.0152863101066,0.0147099620888,0.00296333844218,0.00290960854974,0.0193572774009,0.00547286115054,0.0606993577387,182,174,115
Q3,0,-0.00679957497088,0.0270735679039,0.00215594922418,0.00155596638984,0.0137727269254,0.00232670533418,0.0400853408067,154,146,154
Q3,1,-0.00103103901103,0.0278047388272,0.00222031959594,0.00160707559943,0.0120381868127,0.00231365140798,0.0449529332323,154,150,154
Q3,2,-0.00680531143898,0.0278632511889,0.00212454324001,0.00145085342143,0.00959359878513,0.000643279557896,0.0348702147544,154,147,154
Q3,3,-0.013582843608,0.0278471502554,0.00212580197271,0.00156087896452,0.00914969770322,0.00016692624796,0.0272676115358,154,150,154
Q3,4,-0.0213362196207,0.0278176343168,0.00213029619026,0.0014149471983,0.00858361169736,-0.000419004772437,0.0181912650095,154,149,154
Q3,5,-0.0148236332301,0.0278470647559,0.00234435646628,0.00157791055853,0.00679195696507,0.000454559665856,0.0241922151816,154,150,154
Q3,6,0.000846615563052,0.0278470647559,0.00239558347142,0.0014165315431,0.00848530811374,0.00119893503897,0.0421900384862,154,148,154
Q3,7,0.0266295743319,0.0278175651412,0.00212251189324,0.00138058984383,0.00960977440323,0.00378985840982,0.0713498740232,154,148,154
Q3,8,0.0321237288009,0.0269899783828,0.00167572964789,0.00124257304104,0.0110691305119,0.00156547256427,0.0746666129488,154,133,154
Q3,9,0.0113192920442,0.0270955102538,0.00193162034252,0.00173491710841,0.0101267786186,0.0094765238429,0.0616846422105,154,139,154
Q3,10,0.00293761792384,0.0275330386084,0.00176588227169,0.00228137994088,0.0107316171695,0.0087044880436,0.0539540239579,154,140,154
Q3,11,-0.00239876960237,0.0275919285554,0.00159983042982,0.0027047708317,0.00318984751806,0.00944142738137,0.042129035114,154,136,154
Q3,12,-0.00604533527903,0.0276384094933,0.00165428373995,0.00365502477301,0.00268864625958,0.00624522242501,0.0358362514118,154,140,154
Q3,13,-0.0106060231347,0.0276384094933,0.00172981175345,0.00366566058497,0.00322312044435,0.0123970323992,0.0380480115406,154,145,154
Q3,14,-0.0107802539063,0.0276384094933,0.00175755279549,0.00364978132044,0.00493710977589,0.0141203950062,0.041322994485,154,148,154
Q3,15,-0.00918225850789,0.0276075463837,0.00160006919676,0.00318107206783,0.00590100798696,0.0148619165074,0.0439693536348,154,135,154
Q3,16,-0.00221827137254,0.0276680365422,0.00181936737816,0.0033278987429,0.0078541615375,0.0127375085257,0.0511887013539,154,144,154
Q3,17,0.00205125787895,0.027511618975,0.00171183959237,0.00161201635221,0.0134861637036,0.00648499891628,0.0528578954185,154,128,154
Q3,18,-0.0013149073017,0.02748697044,0.00175223052087,0.00127208540264,0.0229419958875,0.00835808166186,0.0604964566112,154,126,154
Q3,19,0.0214951577681,0.0272822606449,0.0020592948178,0.00143907513288,0.0312251778726,0.00557860486031,0.0890795710966,154,137,154
Q3,20,0.0949175870393,0.0242034820349,0.00103620977214,0.00152450657267,0.0127845070393,0.000583404844858,0.135049697303,154,149,154
Q3,21,0.0904252214535,0.0260886496868,0.00105798616201,0.00140474827245,0.0113374679875,0.000982981041519,0.131297054604,154,138,154
Q3,22,0.0337113687778,0.0274084112619,0.00167738338257,0.00144563038369,0.0111152104986,0.0028014520339,0.0781594563385,154,132,154
Q3,23,0.0165907378224,0.027080134406,0.00208445343443,0.00154625454727,0.0124848871455,0.00133686010119,0.0611233274568,154,146,154
Q4,0,-0.00200265717305,0.0274706068981,0.00156553410023,0.000501669341432,0.00846606698565,0.00244448326579,0.0384457034182,92,88,92
Q4,1,-0.0021502348364,0.027478035407,0.00155904965991,0.00052206539571,0.00529359545111,0.000758486895842,0.0334609979732,92,88,92
Q4,2,-0.0105430654193,0.0274502453018,0.00159305114039,0.000500550441701,0.00959503605945,0.000527717008171,0.0291235345323,92,90,92
Q4,3,-0.0171904011859,0.0274490960598,0.00157761699654,0.000430648450232,0.0074890616519,0.00125269420577,0.0210087161784,93,91,93
Q4,4,-0.0188348330764,0.0274502453018,0.00154092305863,0.000407869818294,0.00460568548521,0.00122097876509,0.0163908693527,92,87,92
Q4,5,-0.0118731896197,0.0274502453018,0.00154792985234,0.000514994323441,0.00396113755222,0.00188106489399,0.0234821823041,92,88,92
Q4,6,0.000135537007161,0.0274224944922,0.00152433388007,0.000532706064149,0.00919503445218,0.00098590534422,0.0397960112399,92,87,92
Q4,7,0.0185860890522,0.0274224944922,0.00130025095238,0.000454611145713,0.0139853639948,0.0016943604919,0.0634431701292,92,80,92
Q4,8,0.0489518696645,0.0257808230806,0.000948850988757,0.000442649173953,0.00534310729161,-2.78179180779e-05,0.0814394822814,92,80,92
Q4,9,0.0241916335876,0.0273110988576,0.0011641217784,0.000447944755854,0.0136005990311,0.000756535071694,0.0674719330823,92,79,92
Q4,10,0.00505002920251,0.0274224944922,0.00123243255166,0.000423128468341,0.0117317659759,0.00120714298038,0.0470669936709,92,74,92
Q4,11,-0.00373282655902,0.0274224944922,0.00139530574132,0.000538902061172,0.011473264369,0.00163286068546,0.0387300007901,92,83,92
Q4,12,-0.0128050343914,0.0274502453018,0.00141223199344,0.000407561854409,0.00739439373978,0.00189923346268,0.0257586319608,92,82,92
Q4,13,-0.0178816549276,0.0274502453018,0.00147647652317,0.000426156056693,0.00916421785554,0.00139778504897,0.0220332258586,92,88,92
Q4,14,-0.0139124987551,0.0274502453018,0.0014177951808,0.000382684863589,0.00964017211596,0.00137791363372,0.0263563123408,92,83,92
Q4,15,-0.00130542518334,0.0271532451318,0.00122166490113,0.000425182221456,0.00718723492095,0.00203384467021,0.0367157466622,92,80,92
Q4,16,0.00841321666823,0.0274279702891,0.0012624805573,0.000439511051388,0.0143396191009,0.000941118558394,0.0528239162252,92,78,92
Q4,17,0.040262096739,0.0265972580027,0.000851308824004,0.000446860555509,0.0100773215954,0.000296996720702,0.0785318424373,92,78,92
Q4,18,0.0376851776552,0.0266196549007,0.000969807923658,0.000458789949317,0.00663349423108,0.000370226594566,0.0727371512546,92,87,92
Q4,19,0.043542222442,0.0271532918308,0.00115112664569,0.000492417998626,0.00676078582105,-0.00033712122905,0.0787627235092,92,84,92
Q4,20,0.0429536661792,0.0264953183138,0.00122536275866,0.000504534478108,0.00571594359069,-0.000207064573424,0.0766877607471,92,85,92
Q4,21,0.01173006446,0.0272832826241,0.00159206275104,0.000494135461642,0.00787800583701,-9.63377831295e-05,0.0488812133506,92,89,92
Q4,22,-0.00110429232199,0.0274502453018,0.00171198835686,0.000508125196393,0.00911426084538,0.00267475976733,0.0403550871458,92,87,92
Q4,23,-0.00571370097731,0.0271530348041,0.00168287409227,0.000457823750222,0.00711021182516,0.00196777078568,0.0326580142801,92,87,91
