source_id,sheet,row,date,product,xlsx_accepted_power_day_aggregate,xlsx_average_price,api_observed_hours,api_demand_sum_hourly_mw,api_accepted_sum_hourly_mw,xlsx_minus_api_accepted,interpretation
CAP_XLSX_01.08.2025,Sheet 1,11,2025-08-01,FCR,2652,356.6289592760181,24,2784,2651.064,0.9360000000001492,DAY_AGGREGATE_NOT_INSTANTANEOUS_MW;NOT_TOTAL_OFFERED_VOLUME
CAP_XLSX_01.08.2025,Sheet 1,26,2025-08-01,aFRRDown,4800,2.6723375000000003,24,4800,4800.0,0.0,DAY_AGGREGATE_NOT_INSTANTANEOUS_MW;NOT_TOTAL_OFFERED_VOLUME
CAP_XLSX_01.08.2025,Sheet 1,40,2025-08-01,aFRRUp,4800,22.539127083333334,24,4800,4800.0,0.0,DAY_AGGREGATE_NOT_INSTANTANEOUS_MW;NOT_TOTAL_OFFERED_VOLUME
CAP_XLSX_01.08.2025,Sheet 1,65,2025-08-01,mFRRDown,8364,316.7757532281205,24,8400,8363.25,0.75,DAY_AGGREGATE_NOT_INSTANTANEOUS_MW;NOT_TOTAL_OFFERED_VOLUME
CAP_XLSX_01.08.2025,Sheet 1,79,2025-08-01,mFRRUp,12100,37.792004132231405,24,12100,12100.0,0.0,DAY_AGGREGATE_NOT_INSTANTANEOUS_MW;NOT_TOTAL_OFFERED_VOLUME
CAP_XLSX_15.02.2026,Sheet 1,11,2026-02-15,FCR,3028,335.60766182298545,24,3072,3026.816,1.1840000000001965,DAY_AGGREGATE_NOT_INSTANTANEOUS_MW;NOT_TOTAL_OFFERED_VOLUME
CAP_XLSX_15.02.2026,Sheet 1,24,2026-02-15,aFRRDown,4200,15.711714285714285,24,4200,4200.0,0.0,DAY_AGGREGATE_NOT_INSTANTANEOUS_MW;NOT_TOTAL_OFFERED_VOLUME
CAP_XLSX_15.02.2026,Sheet 1,38,2026-02-15,aFRRUp,4200,34.84911666666666,24,4200,4200.0,0.0,DAY_AGGREGATE_NOT_INSTANTANEOUS_MW;NOT_TOTAL_OFFERED_VOLUME
CAP_XLSX_15.02.2026,Sheet 1,54,2026-02-15,mFRRDown,2400,2.1260125000000003,24,2400,2400.0,0.0,DAY_AGGREGATE_NOT_INSTANTANEOUS_MW;NOT_TOTAL_OFFERED_VOLUME
CAP_XLSX_15.02.2026,Sheet 1,65,2026-02-15,mFRRUp,10900,37.904740366972476,24,10900,10900.0,0.0,DAY_AGGREGATE_NOT_INSTANTANEOUS_MW;NOT_TOTAL_OFFERED_VOLUME
CAP_XLSX_15.08.2025,Sheet 1,11,2025-08-15,FCR,2670,356.34831460674155,24,2784,2668.812,1.1880000000001019,DAY_AGGREGATE_NOT_INSTANTANEOUS_MW;NOT_TOTAL_OFFERED_VOLUME
CAP_XLSX_15.08.2025,Sheet 1,25,2025-08-15,aFRRDown,4800,35.047916666666666,24,4800,4800.0,0.0,DAY_AGGREGATE_NOT_INSTANTANEOUS_MW;NOT_TOTAL_OFFERED_VOLUME
CAP_XLSX_15.08.2025,Sheet 1,41,2025-08-15,aFRRUp,4800,25.233931249999998,24,4800,4800.0,0.0,DAY_AGGREGATE_NOT_INSTANTANEOUS_MW;NOT_TOTAL_OFFERED_VOLUME
CAP_XLSX_15.08.2025,Sheet 1,68,2025-08-15,mFRRDown,8163,332.48728898689205,24,8400,8162.35,0.6499999999996362,DAY_AGGREGATE_NOT_INSTANTANEOUS_MW;NOT_TOTAL_OFFERED_VOLUME
CAP_XLSX_15.08.2025,Sheet 1,81,2025-08-15,mFRRUp,12100,37.683471074380165,24,12100,12100.0,0.0,DAY_AGGREGATE_NOT_INSTANTANEOUS_MW;NOT_TOTAL_OFFERED_VOLUME
CAP_XLSX_26.10.2025,Sheet 1,12,2025-10-26,FCR,2698,339.0919199406968,24,2784,2581.116,116.88400000000001,DAY_AGGREGATE_NOT_INSTANTANEOUS_MW;NOT_TOTAL_OFFERED_VOLUME
CAP_XLSX_26.10.2025,Sheet 1,32,2025-10-26,aFRRDown,4375,14.720640000000001,24,4200,4200.0,175.0,DAY_AGGREGATE_NOT_INSTANTANEOUS_MW;NOT_TOTAL_OFFERED_VOLUME
CAP_XLSX_26.10.2025,Sheet 1,51,2025-10-26,aFRRUp,4375,34.060539428571424,24,4200,4200.0,175.0,DAY_AGGREGATE_NOT_INSTANTANEOUS_MW;NOT_TOTAL_OFFERED_VOLUME
CAP_XLSX_26.10.2025,Sheet 1,79,2025-10-26,mFRRDown,2500,84.51905599999999,24,2400,2400.0,100.0,DAY_AGGREGATE_NOT_INSTANTANEOUS_MW;NOT_TOTAL_OFFERED_VOLUME
CAP_XLSX_26.10.2025,Sheet 1,97,2025-10-26,mFRRUp,11250,37.683352,24,10900,10900.0,350.0,DAY_AGGREGATE_NOT_INSTANTANEOUS_MW;NOT_TOTAL_OFFERED_VOLUME
CAP_XLSX_31.08.2025,Sheet 1,10,2025-08-31,FCR,1420,315.0,24,2784,1419.0280000000002,0.9719999999997526,DAY_AGGREGATE_NOT_INSTANTANEOUS_MW;NOT_TOTAL_OFFERED_VOLUME
CAP_XLSX_31.08.2025,Sheet 1,25,2025-08-31,aFRRDown,4800,135.39479166666666,24,4800,4800.0,0.0,DAY_AGGREGATE_NOT_INSTANTANEOUS_MW;NOT_TOTAL_OFFERED_VOLUME
CAP_XLSX_31.08.2025,Sheet 1,40,2025-08-31,aFRRUp,4800,25.707072916666668,24,4800,4800.0,0.0,DAY_AGGREGATE_NOT_INSTANTANEOUS_MW;NOT_TOTAL_OFFERED_VOLUME
CAP_XLSX_31.08.2025,Sheet 1,66,2025-08-31,mFRRDown,6960,520.1054741379311,24,8400,6957.65,2.350000000000364,DAY_AGGREGATE_NOT_INSTANTANEOUS_MW;NOT_TOTAL_OFFERED_VOLUME
CAP_XLSX_31.08.2025,Sheet 1,78,2025-08-31,mFRRUp,12100,37.79837190082645,24,12100,12100.0,0.0,DAY_AGGREGATE_NOT_INSTANTANEOUS_MW;NOT_TOTAL_OFFERED_VOLUME
