delivery_start_utc,local_time,old_missing_reason,new_up,new_down,source_id,sha256,recovered_energy
2025-01-31T02:15:00Z,2025-01-31T04:15:00+02:00,UP_ENERGY_NULL;DOWN_ENERGY_NULL,,,ACT_RECHECK_2025-01-31,6931c275706778e7177d3b784b2bc8ba326207fc5f794de14f3f9463d00681d6,False
2025-02-02T10:30:00Z,2025-02-02T12:30:00+02:00,UP_ENERGY_NULL;DOWN_ENERGY_NULL,,,ACT_RECHECK_2025-02-02,6de9a177183b27f518be933d60eeee3c61289f5954ba04c450f6c9f279985b68,False
2025-02-02T10:45:00Z,2025-02-02T12:45:00+02:00,UP_ENERGY_NULL;DOWN_ENERGY_NULL,,,ACT_RECHECK_2025-02-02,6de9a177183b27f518be933d60eeee3c61289f5954ba04c450f6c9f279985b68,False
2025-03-28T13:15:00Z,2025-03-28T15:15:00+02:00,UP_ENERGY_NULL;DOWN_ENERGY_NULL,,,ACT_RECHECK_2025-03-28,8287fb8088845cbc2abb3992e94ac76fe341c9b000270d6e316c0306a102cc51,False
2025-03-31T05:30:00Z,2025-03-31T08:30:00+03:00,UP_ENERGY_NULL;DOWN_ENERGY_NULL,,,ACT_RECHECK_2025-03-31,37ecfa0b94007889f8f5eb993c1f11749577b3c607c4759a42facf4ad113065b,False
2025-04-03T00:30:00Z,2025-04-03T03:30:00+03:00,UP_ENERGY_NULL;DOWN_ENERGY_NULL,,,ACT_RECHECK_2025-04-03,7529b975e76934b4f7dbcb8edaaf2b3bc6eaddbfde88dad1d7011fc6f0110285,False
2025-04-03T00:45:00Z,2025-04-03T03:45:00+03:00,UP_ENERGY_NULL;DOWN_ENERGY_NULL,,,ACT_RECHECK_2025-04-03,7529b975e76934b4f7dbcb8edaaf2b3bc6eaddbfde88dad1d7011fc6f0110285,False
2025-04-03T01:00:00Z,2025-04-03T04:00:00+03:00,UP_ENERGY_NULL;DOWN_ENERGY_NULL,,,ACT_RECHECK_2025-04-03,7529b975e76934b4f7dbcb8edaaf2b3bc6eaddbfde88dad1d7011fc6f0110285,False
2025-04-03T01:15:00Z,2025-04-03T04:15:00+03:00,UP_ENERGY_NULL;DOWN_ENERGY_NULL,,,ACT_RECHECK_2025-04-03,7529b975e76934b4f7dbcb8edaaf2b3bc6eaddbfde88dad1d7011fc6f0110285,False
2025-04-03T01:30:00Z,2025-04-03T04:30:00+03:00,UP_ENERGY_NULL;DOWN_ENERGY_NULL,,,ACT_RECHECK_2025-04-03,7529b975e76934b4f7dbcb8edaaf2b3bc6eaddbfde88dad1d7011fc6f0110285,False
2025-04-03T01:45:00Z,2025-04-03T04:45:00+03:00,UP_ENERGY_NULL;DOWN_ENERGY_NULL,,,ACT_RECHECK_2025-04-03,7529b975e76934b4f7dbcb8edaaf2b3bc6eaddbfde88dad1d7011fc6f0110285,False
2025-04-03T02:00:00Z,2025-04-03T05:00:00+03:00,UP_ENERGY_NULL;DOWN_ENERGY_NULL,,,ACT_RECHECK_2025-04-03,7529b975e76934b4f7dbcb8edaaf2b3bc6eaddbfde88dad1d7011fc6f0110285,False
2025-04-03T02:15:00Z,2025-04-03T05:15:00+03:00,UP_ENERGY_NULL;DOWN_ENERGY_NULL,,,ACT_RECHECK_2025-04-03,7529b975e76934b4f7dbcb8edaaf2b3bc6eaddbfde88dad1d7011fc6f0110285,False
2025-04-03T02:30:00Z,2025-04-03T05:30:00+03:00,UP_ENERGY_NULL;DOWN_ENERGY_NULL,,,ACT_RECHECK_2025-04-03,7529b975e76934b4f7dbcb8edaaf2b3bc6eaddbfde88dad1d7011fc6f0110285,False
2025-04-17T12:15:00Z,2025-04-17T15:15:00+03:00,UP_ENERGY_NULL;DOWN_ENERGY_NULL,,,ACT_RECHECK_2025-04-17,043759903cffd2930db6f96d4f8036dc370e8f22b46b553a28b314ae4dc6e4a3,False
2025-04-17T12:30:00Z,2025-04-17T15:30:00+03:00,UP_ENERGY_NULL;DOWN_ENERGY_NULL,,,ACT_RECHECK_2025-04-17,043759903cffd2930db6f96d4f8036dc370e8f22b46b553a28b314ae4dc6e4a3,False
2025-04-17T12:45:00Z,2025-04-17T15:45:00+03:00,UP_ENERGY_NULL;DOWN_ENERGY_NULL,,,ACT_RECHECK_2025-04-17,043759903cffd2930db6f96d4f8036dc370e8f22b46b553a28b314ae4dc6e4a3,False
2025-04-28T12:30:00Z,2025-04-28T15:30:00+03:00,UP_ENERGY_NULL;DOWN_ENERGY_NULL,,,ACT_RECHECK_2025-04-28,fb90196c7622a2641787550ff61dcd0eb30e3ece5747ce9d4d2163e67c9ab616,False
2025-04-29T16:15:00Z,2025-04-29T19:15:00+03:00,UP_ENERGY_NULL;DOWN_ENERGY_NULL,,,ACT_RECHECK_2025-04-29,4b80cac255c38108ed86bc1c9abd5c52c47df509a70c65f597429b23d3362dfe,False
2025-05-08T01:45:00Z,2025-05-08T04:45:00+03:00,UP_ENERGY_NULL;DOWN_ENERGY_NULL,,,ACT_RECHECK_2025-05-08,c46cd071e10a509c6edfbdf8c12ea4b778b512c38986828c94b359ccf18e930b,False
2025-05-08T02:00:00Z,2025-05-08T05:00:00+03:00,UP_ENERGY_NULL;DOWN_ENERGY_NULL,,,ACT_RECHECK_2025-05-08,c46cd071e10a509c6edfbdf8c12ea4b778b512c38986828c94b359ccf18e930b,False
2025-05-08T02:15:00Z,2025-05-08T05:15:00+03:00,UP_ENERGY_NULL;DOWN_ENERGY_NULL,,,ACT_RECHECK_2025-05-08,c46cd071e10a509c6edfbdf8c12ea4b778b512c38986828c94b359ccf18e930b,False
2025-06-12T08:00:00Z,2025-06-12T11:00:00+03:00,UP_ENERGY_NULL;DOWN_ENERGY_NULL,,,ACT_RECHECK_2025-06-12,c2039eea06ef24d75f88861b6a0eb52fa6127393fafadb31e023dbec12eb8420,False
2025-06-14T02:45:00Z,2025-06-14T05:45:00+03:00,UP_ENERGY_NULL;DOWN_ENERGY_NULL,,,ACT_RECHECK_2025-06-14,c2de0c9101e9065b4223b120deebecb1fb32e38041084e78338a9b2ca27afc97,False
2025-06-17T10:30:00Z,2025-06-17T13:30:00+03:00,UP_ENERGY_NULL;DOWN_ENERGY_NULL,,,ACT_RECHECK_2025-06-17,3bd003d57e0aa9eba406664e78e1bcee52248f9511b210bf04f4aac3eece23e9,False
2025-06-24T08:45:00Z,2025-06-24T11:45:00+03:00,UP_ENERGY_NULL;DOWN_ENERGY_NULL,,,ACT_RECHECK_2025-06-24,01c4d2b2ddcbb73dfa5034558af169f2949c7ca6f6f39ab7fe6b6cfc1f2bcb7d,False
2025-07-13T01:00:00Z,2025-07-13T04:00:00+03:00,UP_ENERGY_NULL;DOWN_ENERGY_NULL,,,ACT_RECHECK_2025-07-13,b077ed496756e25810093e88a9ee5a12d8509078c2ddd226fce5ab0b12f74a60,False
2025-10-06T05:00:00Z,2025-10-06T08:00:00+03:00,UP_ENERGY_NULL;DOWN_ENERGY_NULL,,,ACT_RECHECK_2025-10-06,429124586142214a3a25cc1cf3acd6d75fc3ec23a6f7d008cba38c48c7e4cd0b,False
2025-10-06T05:15:00Z,2025-10-06T08:15:00+03:00,UP_ENERGY_NULL;DOWN_ENERGY_NULL,,,ACT_RECHECK_2025-10-06,429124586142214a3a25cc1cf3acd6d75fc3ec23a6f7d008cba38c48c7e4cd0b,False
2025-10-06T05:30:00Z,2025-10-06T08:30:00+03:00,UP_ENERGY_NULL;DOWN_ENERGY_NULL,,,ACT_RECHECK_2025-10-06,429124586142214a3a25cc1cf3acd6d75fc3ec23a6f7d008cba38c48c7e4cd0b,False
2025-10-06T05:45:00Z,2025-10-06T08:45:00+03:00,UP_ENERGY_NULL;DOWN_ENERGY_NULL,,,ACT_RECHECK_2025-10-06,429124586142214a3a25cc1cf3acd6d75fc3ec23a6f7d008cba38c48c7e4cd0b,False
2025-10-26T21:00:00Z,2025-10-26T23:00:00+02:00,UP_CAPACITY_NULL;DOWN_CAPACITY_NULL,0.0,15.292,ACT_RECHECK_2025-10-26,1173de816a107e08edaadf252239ec38aef70bb6971efd80539833c739cdcd3b,False
2025-10-26T21:15:00Z,2025-10-26T23:15:00+02:00,UP_CAPACITY_NULL;DOWN_CAPACITY_NULL,0.0,21.623,ACT_RECHECK_2025-10-26,1173de816a107e08edaadf252239ec38aef70bb6971efd80539833c739cdcd3b,False
2025-10-26T21:30:00Z,2025-10-26T23:30:00+02:00,UP_CAPACITY_NULL;DOWN_CAPACITY_NULL,0.0,22.46,ACT_RECHECK_2025-10-26,1173de816a107e08edaadf252239ec38aef70bb6971efd80539833c739cdcd3b,False
2025-10-26T21:45:00Z,2025-10-26T23:45:00+02:00,UP_CAPACITY_NULL;DOWN_CAPACITY_NULL,0.0,29.27,ACT_RECHECK_2025-10-26,1173de816a107e08edaadf252239ec38aef70bb6971efd80539833c739cdcd3b,False
2025-12-06T00:45:00Z,2025-12-06T02:45:00+02:00,UP_ENERGY_NULL;DOWN_ENERGY_NULL,,,ACT_RECHECK_2025-12-06,93048221328cc7f05d7982c9ce5486b8706fbdfbae92ded3aa9389783b632193,False
2026-01-14T05:30:00Z,2026-01-14T07:30:00+02:00,UP_ENERGY_NULL;DOWN_ENERGY_NULL,,,ACT_RECHECK_2026-01-14,4c98f5e92d509cf4fa54ad3384bec32bf9f441781cb21c933629a2a7ae84ab22,False
2026-01-14T05:45:00Z,2026-01-14T07:45:00+02:00,UP_ENERGY_NULL;DOWN_ENERGY_NULL,,,ACT_RECHECK_2026-01-14,4c98f5e92d509cf4fa54ad3384bec32bf9f441781cb21c933629a2a7ae84ab22,False
2026-01-14T06:00:00Z,2026-01-14T08:00:00+02:00,UP_ENERGY_NULL;DOWN_ENERGY_NULL,,,ACT_RECHECK_2026-01-14,4c98f5e92d509cf4fa54ad3384bec32bf9f441781cb21c933629a2a7ae84ab22,False
2026-02-16T23:00:00Z,2026-02-17T01:00:00+02:00,UP_ENERGY_NULL;DOWN_ENERGY_NULL,,,ACT_RECHECK_2026-02-17,7fe327e2d51604ad48b2858954c73e863b11a87b4756f4dd79e09cc9c0a9cea9,False
2026-04-06T11:15:00Z,2026-04-06T14:15:00+03:00,UP_ENERGY_NULL;DOWN_ENERGY_NULL,,,ACT_RECHECK_2026-04-06,965a51a8ea35ee5f44c780cb4826e5909545bc1b28043aa36c9400edd3af144c,False
2026-05-10T23:00:00Z,2026-05-11T02:00:00+03:00,UP_ENERGY_NULL;DOWN_ENERGY_NULL,,,ACT_RECHECK_2026-05-11,ca8c4ef385612fff79aabc477e239cf4a1e1ed3f3e127f0df4678bc20baa92d8,False
2026-05-23T00:15:00Z,2026-05-23T03:15:00+03:00,UP_ENERGY_NULL;DOWN_ENERGY_NULL,,,ACT_RECHECK_2026-05-23,71cde0cfe7ba17570248f40ee4b14774fc98c72fcc522dd1af760c01d80fe0c9,False
2026-07-07T12:30:00Z,2026-07-07T15:30:00+03:00,UP_ENERGY_NULL;DOWN_ENERGY_NULL,,,ACT_RECHECK_2026-07-07,64144f535754acb510ceb65fcfe2dcd7a0aed2d8fba9d6ba00dc934c55a46648,False
2026-07-23T18:45:00Z,2026-07-23T21:45:00+03:00,UP_ENERGY_NULL;DOWN_ENERGY_NULL,,,ACT_RECHECK_2026-07-23,82b58ea8c8df2c5f57698bc6f69905415121d7ef0bfea2dc3159af563bbd2fe8,False
2026-08-14T14:45:00Z,2026-08-14T17:45:00+03:00,UP_ENERGY_NULL;DOWN_ENERGY_NULL,,,ACT_RECHECK_2026-08-14,9affb9c87fb1ef3f25202f395d703f08687d9ba67f2c65af46be6920ec7d696d,False
2026-08-14T15:00:00Z,2026-08-14T18:00:00+03:00,UP_ENERGY_NULL;DOWN_ENERGY_NULL,,,ACT_RECHECK_2026-08-14,9affb9c87fb1ef3f25202f395d703f08687d9ba67f2c65af46be6920ec7d696d,False
2026-08-22T00:45:00Z,2026-08-22T03:45:00+03:00,DOWN_ENERGY_NULL,0.0,,ACT_RECHECK_2026-08-22,70ff33d143e9886b42732ed47ddb3476752ef9f8b81f1d0d65ffb9ebc9691e19,False
2026-08-27T08:00:00Z,2026-08-27T11:00:00+03:00,UP_ENERGY_NULL;DOWN_ENERGY_NULL,,,ACT_RECHECK_2026-08-27,ebcc89393888981ac091c008225222d9c67ee6569ca9115850c954b58c1c11ab,False
2026-08-29T05:15:00Z,2026-08-29T08:15:00+03:00,UP_ENERGY_NULL;DOWN_ENERGY_NULL,,,ACT_RECHECK_2026-08-29,a3cf30e0d231898d5660ca6001310f6a3ec2a76354554587f63ea5c79e7e07ff,False
