rule_id,layer,topic,rule_fact,evidence_ids,publishers,document_titles,publication_or_approval_dates,effective_or_operational_scope,urls,locations,access_date,confirmation_status,unresolved_ids,modeling_approved
RO-R001,F,机构,ANRE监管、Transelectrica调度/平衡、NEMO组织现货，PRE承担组合偏差,E38|E39|E14|E26,Transelectrica | Transelectrica | ANRE | OPCOM,Transelectrica BRP registration | Transelectrica balancing-provider registration | ANRE Order127/2021 base including BSP/BRP regulations | OPCOM IDCT and IDA operating approval17/2024,动态官方登记页；历史公布未标明 | 官方页注明2024-07-01起实施 | 2021-12-17 | 2024-09-09批准号17；Rev5,研究期主要职责；逐主体登记另核,https://www.transelectrica.ro/web/tel/inregistrare-revocare-pre | https://www.transelectrica.ro/web/tel/inregistrare-revocare-ppe | https://anre.ro/wp-content/uploads/2023/05/Ord_127_2021_2.pdf | https://www.opcom.ro/uploads/doc/PI/M7_Trading/40263_06.09.2024_PO%20PICT_IDA.pdf,官方登记页；BSP art.1—6；IDCT §7.1.7—10,2026-09-30,VERIFIED_WITH_STATED_SCOPE,U10|U11,false
RO-R002,F,NEMO,BRM是另一NEMO，耦合日前2024-11-19、IDCT2024-05-22、IDA2025-08-05运行,E56,ANRE,ANRE December2025 electricity monitoring report,2026-03官方路径；月度报告2025-12,列明实际事件,https://anre.ro/wp-content/uploads/2026/03/Monit-dec25-cu-eticheta.pdf,PDF p4，现货章节,2026-09-30,VERIFIED_WITH_STATED_SCOPE,U11,false
RO-R003,F,技术准入,接网规范、法人登记和逐产品资格是不同条件,E22|E30|E39,ANRE | Transelectrica | Transelectrica,ANRE Order3/2023 storage grid technical connection | Transelectrica technical qualification Order89/2021 | Transelectrica balancing-provider registration,2023-01-19 | 2021-07-21 | 官方页注明2024-07-01起实施,分别按适用版本和项目资格,https://anre.ro/wp-content/uploads/2023/04/Ordin_3_2023-1.pdf | https://www.transelectrica.ro/documents/10179/29755/Ordin%2BANRE%2Bnr.%2B89_14.07.2021%2BProcedura%2Bde%2Bcalificare%2Btehnica%2Bpentru%2Bfurnizarea%2Bserviciilor%2Bde%2Bsistem/9ce8696f-34d7-4e4a-9fee-db046bbd21e7 | https://www.transelectrica.ro/web/tel/inregistrare-revocare-ppe,Order3/2023；Order89/2021；FSE登记页,2026-09-30,VERIFIED_WITH_STATED_SCOPE,U02|U07,false
RO-R004,F,历史FCR,FCR容量第IX章自2025-06-01适用,E15,ANRE,ANRE Order18/2024 amendments,2024-05-30,2025-06-01起；此前U05,https://anre.ro/wp-content/uploads/2024/06/Ord-18-2024-1.pdf,PDF p1 art.I(2)修改Order127 art.7(4),2026-09-30,VERIFIED_WITH_STATED_SCOPE,U05,false
RO-R005,F,版本控制,ANRE托管Order127 PDF有旧容量条款，需由修订令覆盖，不可当统一现行版,E14|E15|E54,ANRE | ANRE | ANRE,ANRE Order127/2021 base including BSP/BRP regulations | ANRE Order18/2024 amendments | ANRE Order127/2021 alternative PDF,2021-12-17 | 2024-05-30 | 同E14,条款级版本核对,https://anre.ro/wp-content/uploads/2023/05/Ord_127_2021_2.pdf | https://anre.ro/wp-content/uploads/2024/06/Ord-18-2024-1.pdf | https://anre.ro/wp-content/uploads/2023/04/Ord_127_2021.pdf,E14 p15 art.161—162对照E15 p1；原件同SHA,2026-09-30,VERIFIED_WITH_STATED_SCOPE,U03|U05,false
RO-R006,F,许可阈值,最大出口>1MW授权要求与总功率<1MW商业许可例外不等价；独立储能列单独许可种类,E19|E48,ANRE | ANRE,ANRE licensing regulation12March2025 base | ANRE Order6/2025 license regulation approval26March2025,2025-03-26批准令公布；PDF另有2025-04-08打印标记 | 2025-03-26,2025-03-26新条例及后续修订,https://anre.ro/wp-content/uploads/2025/04/regulamentul-pentru-acordarea-licentelor-si-autorizatiilor-in-sectorul-energiei-electrice-din-12032025.pdf | https://anre.ro/wp-content/uploads/2025/04/ordinul-nr-6-2025-privind-aprobarea-regulamentului-pentru-acordarea-licentelor-si-autorizatiilor-in-sectorul-energiei-electrice.pdf,条例art.6—7、10(1)(i)、10(3)(b)；批准令p1,2026-09-30,VERIFIED_WITH_STATED_SCOPE,U01|U02,false
RO-R007,F,许可修订,2025/2026有材料、期限和担保修订，具体项目过渡另查,E20|E21,ANRE | ANRE,ANRE Order26/2025 licensing amendment | ANRE Order16/2026 licensing amendment,2025-06-19 | 2026-05-25,分别公布2025-06-19、2026-05-25,https://anre.ro/wp-content/uploads/2025/07/Ord-26-2025.pdf | https://anre.ro/wp-content/uploads/2026/05/Ord-16-2026.pdf,Order26；Order16 art.I新增19¹及art.II—VIII,2026-09-30,VERIFIED_WITH_STATED_SCOPE,U02,false
RO-R008,F,试运行,Order80对临时PRE、PE测试期间报价及试运行电量支付作特别规定；400RON不是商业储能普通上限,E51,ANRE,ANRE Order80/2025 final PDF,2025-12-18；签署2025-12-16,2025-12-18；此前Order60文本另核,https://anre.ro/wp-content/uploads/2025/12/Ordin-80-2025.pdf,PDF p1—2 art.I修改BRP136—142¹；art.V,2026-09-30,VERIFIED_WITH_STATED_SCOPE,U01|U02,false
RO-R009,F,FCR程序,TEL07.51正式储能FCR程序2026-04-07公布；2025-12-22为咨询,E34|E42|E43,Transelectrica | Transelectrica | Transelectrica,Transelectrica BESS FCR draft consultation22December2025 | Transelectrica final storage FCR publication9April2026 | Transelectrica final storage FCR technical procedure7April2026,2025-12-22 | 2026-04-09 | 2026-04-07由E42确认,正式公开日；历史过渡未知,https://web.transelectrica.ro/noutati/noutati/638_2025.12.22_14-14-10.pdf | https://web.transelectrica.ro/noutati/noutati/667_2026.04.09_13-43-49.pdf | https://www.transelectrica.ro/documents/10179/3992484/Verificarea+pt+calificarea+pentru+asigurarea+RSF_instalatii+de+stocare_finala/37960dda-e070-4f7d-9f6b-0e73c35c30b8?version=1.0,E42 p1；E43封面、§8；E34 p1,2026-09-30,VERIFIED_WITH_STATED_SCOPE,U07,false
RO-R010,F,日前粒度,日前交易2025-09-30启动QH，2025-10-01交付15分钟；之前小时,E37|E58,OPCOM | OPCOM,OPCOM DAM QH release12September2025 | OPCOM week40 2025 report MTU operation confirmation,2025-09-12 | 2025-10上旬周报；精确发布日期未标明,以交付日2025-10-01分段,https://www.opcom.ro/anunturi-stiri-comunicate-tip/ro/1425/1 | https://ns1.opcom.ro/uploads/doc/rapoarte/saptaminal/RSS_2025_40_EN.pdf,启动公告正文；E58 p1脚注,2026-09-30,VERIFIED_WITH_STATED_SCOPE,U04,false
RO-R011,F,日前关门,PZU Rev7正常耦合报价关门12:00市场CET；解耦另行公告,E24,OPCOM,OPCOM DAM operating rev7 30September2025,2025-09-30 Rev7封面日期,Rev7；旧版逐条另核,https://www.opcom.ro/uploads/doc/PZU/PO%20PZU%2015%27.pdf,§6.3.44 PDF p22,2026-09-30,VERIFIED_WITH_STATED_SCOPE,U04,false
RO-R012,F,日前订单,Rev7允许15/30/60分钟报价，最小0.1MW；本地RON报价转换耦合EUR,E24,OPCOM,OPCOM DAM operating rev7 30September2025,2025-09-30 Rev7封面日期,Rev7及适用日,https://www.opcom.ro/uploads/doc/PZU/PO%20PZU%2015%27.pdf,§6.2、6.3；PDF p13—22,2026-09-30,VERIFIED_WITH_STATED_SCOPE,U04,false
RO-R013,F,IDA时表,IDA1 D-1 15:00；IDA2 D-1 22:00全天；IDA3 D10:00覆盖市场12—24,E26,OPCOM,OPCOM IDCT and IDA operating approval17/2024,2024-09-09批准号17；Rev5,Rev5市场CET含DST,https://www.opcom.ro/uploads/doc/PI/M7_Trading/40263_06.09.2024_PO%20PICT_IDA.pdf,§8.1.1 PDF p26,2026-09-30,VERIFIED_WITH_STATED_SCOPE,U04,false
RO-R014,F,IDC时表,Rev5 IDCT次日合同D-1 15:00开放，T−60分钟关闭,E26,OPCOM,OPCOM IDCT and IDA operating approval17/2024,2024-09-09批准号17；Rev5,仅此版本；不作未核全期常数,https://www.opcom.ro/uploads/doc/PI/M7_Trading/40263_06.09.2024_PO%20PICT_IDA.pdf,§7.1.4 PDF p17,2026-09-30,VERIFIED_WITH_STATED_SCOPE,U04,false
RO-R015,F,IDC报价,EUR报价两位小数，MW一位小数，最小0.1MW，正零负价格，RON现金收付,E26,OPCOM,OPCOM IDCT and IDA operating approval17/2024,2024-09-09批准号17；Rev5,Rev5；价限历史另核,https://www.opcom.ro/uploads/doc/PI/M7_Trading/40263_06.09.2024_PO%20PICT_IDA.pdf,§6.21 p17；§7.5 p21,2026-09-30,VERIFIED_WITH_STATED_SCOPE,U04,false
RO-R016,F,市场时钟,交易CET市场时钟包含欧洲夏令时，市场日与罗马尼亚民用日不同；DST92/100QH,E26|E58,OPCOM | OPCOM,OPCOM IDCT and IDA operating approval17/2024 | OPCOM week40 2025 report MTU operation confirmation,2024-09-09批准号17；Rev5 | 2025-10上旬周报；精确发布日期未标明,按实际日期时区转换,https://www.opcom.ro/uploads/doc/PI/M7_Trading/40263_06.09.2024_PO%20PICT_IDA.pdf | https://ns1.opcom.ro/uploads/doc/rapoarte/saptaminal/RSS_2025_40_EN.pdf,§2.3、6.19—20 p17；E58脚注,2026-09-30,VERIFIED_WITH_STATED_SCOPE,U04,false
RO-R017,F,IDA事件,OPCOM IDA启动2024-06-13；边界整合2025-03-18；MNA IDA2025-08-05,E57,OPCOM,OPCOM annual2025 board report,2025年度报告；精确首次公布日未标明,各事件不同，不合并,https://www.opcom.ro/opcom/uploads/doc/Compania/2.%20Raport%20CA%20anul%202025%20art.%2056%20OUG%20nr.%20109_2011.pdf,IDA/MNA章节及商业实施专题,2026-09-30,VERIFIED_WITH_STATED_SCOPE,U04|U11,false
RO-R018,F,现货现金,统一现金程序仍分PZU/IDCT/IDA、负价及月度调整；担保是支付能力条件,E27|E28|E29,OPCOM | OPCOM | OPCOM,OPCOM common payment procedure rev0 30September2025 | OPCOM collateral procedure31July2026 | OPCOM participant registration archive current,2025-09-30 Rev0 | 2026-07-31程序日期 | 当前注册压缩包；准确历史公布未标明,当前程序与旧版历史分开,https://www.opcom.ro/uploads/doc/PZU/Anexa%205_PO%20Incasari-Plati%20PZU%20%26%20PI_rev.0_30.09.2025.pdf | https://www.opcom.ro/uploads/doc/PZU/PO%20garantii%20PZU%20%20PI_31.07.2026_final.pdf | https://www.opcom.ro/uploads/doc/PZU/Procedura_inregistrare.zip,现金Rev0各市场章节；担保程序；注册包,2026-09-30,VERIFIED_WITH_STATED_SCOPE,U04|U09|U11,false
RO-R019,F,容量数量,平衡容量最少/步长1MW，采购菜单含QH/1h/4h/一天，不代表实际所有块启用,E14|E67,ANRE | Transelectrica,ANRE Order127/2021 base including BSP/BRP regulations | Transelectrica procurement of balancing capacity operational procedure,2021-12-17 | TEL04.05 Ed.I Rev2；精确批准/部署日期未确认,第VII章适用2024-09-01起；实际公告另核,https://anre.ro/wp-content/uploads/2023/05/Ord_127_2021_2.pdf | https://www.transelectrica.ro/documents/10179/147121/PO+SERVICII+CAPACITATE+DE+ECHILIBRARE/a616ad8d-5936-4a5f-a4ed-febf1e72bd2d?version=1.5,BSP art.150表7、152—153，PDF p15；E67 §8.3—5,2026-09-30,VERIFIED_WITH_STATED_SCOPE,U05|U06,false
RO-R020,F,容量定价,平衡容量升价/同价时间排序，边际笔可部分接受；每笔按接受报价支付,E15,ANRE,ANRE Order18/2024 amendments,2024-05-30,Order18生效2024-06-01；容量专章2024-09-01,https://anre.ro/wp-content/uploads/2024/06/Ord-18-2024-1.pdf,PDF p1 修改BSP161—162,2026-09-30,VERIFIED_WITH_STATED_SCOPE,U05|U06,false
RO-R021,F,FCR定价,FCR升价/时间排序，最后补足一笔不能部分接受；按接受报价支付,E15,ANRE,ANRE Order18/2024 amendments,2024-05-30,FCR第IX章2025-06-01起,https://anre.ro/wp-content/uploads/2024/06/Ord-18-2024-1.pdf,PDF p1 修改BSP213—214,2026-09-30,VERIFIED_WITH_STATED_SCOPE,U05|U06,false
RO-R022,F,容量履约,中标容量对应能量报价义务；无容量合同也可按条件报价；可用性确认及不可用处罚,E14,ANRE,ANRE Order127/2021 base including BSP/BRP regulations,2021-12-17,容量条文按各章日期；具体合同另核,https://anre.ro/wp-content/uploads/2023/05/Ord_127_2021_2.pdf,BSP39、165、167、173、177；182—186,2026-09-30,VERIFIED_WITH_STATED_SCOPE,U05|U06|U07,false
RO-R023,F,FCR方向,FCR对称；最低每方向1MW；单方向R与总带宽2R须区分,E14|E43|E66,ANRE | Transelectrica | Transelectrica,ANRE Order127/2021 base including BSP/BRP regulations | Transelectrica final storage FCR technical procedure7April2026 | Transelectrica procurement of FCR capacity operational procedure,2021-12-17 | 2026-04-07由E42确认 | 封面2024-11，文件名含2024-10-09；精确批准/部署日未确认,第IX章及认证程序相应日期；报价程序历史部署另核,https://anre.ro/wp-content/uploads/2023/05/Ord_127_2021_2.pdf | https://www.transelectrica.ro/documents/10179/3992484/Verificarea+pt+calificarea+pentru+asigurarea+RSF_instalatii+de+stocare_finala/37960dda-e070-4f7d-9f6b-0e73c35c30b8?version=1.0 | https://www.transelectrica.ro/documents/10179/147121/PO+RSF+2024/b683cd41-6fa4-4401-a9d4-9ac2697de556?version=1.0,BSP202、204；TEL07.51 §8.11(b) p12；E66报价章节,2026-09-30,VERIFIED_WITH_STATED_SCOPE,U05|U06|U07,false
RO-R024,F,FCR技术,储能认证每方向1—20MW整数；响应≤2秒开始，15秒50%、30秒100%；30分钟测试/SOC与15分钟检查各有语境,E43,Transelectrica,Transelectrica final storage FCR technical procedure7April2026,2026-04-07由E42确认,2026-04-07正式公开；历史过渡另核,https://www.transelectrica.ro/documents/10179/3992484/Verificarea+pt+calificarea+pentru+asigurarea+RSF_instalatii+de+stocare_finala/37960dda-e070-4f7d-9f6b-0e73c35c30b8?version=1.0,§8.10—11 p11—12；§8.18 p15,2026-09-30,VERIFIED_WITH_STATED_SCOPE,U07,false
RO-R025,F,aFRR时限,完全激活7.5分钟至2025-12-17；2025-12-18起5分钟；1MW最小/步长、15分钟有效,E14|E46,ANRE | Romanian Ministry of Justice / Portal Legislativ（发布ANRE/政府法规）,ANRE Order127/2021 base including BSP/BRP regulations | Official BSP regulation consolidated web,2021-12-17 | 基础2021-12-17；合并历史列至2025-12-18,产品表明确分段；非Order80改写,https://anre.ro/wp-content/uploads/2023/05/Ord_127_2021_2.pdf | https://legislatie.just.ro/Public/DetaliiDocument/249313,BSP art.62表5 PDF p9；门户同表,2026-09-30,VERIFIED_WITH_STATED_SCOPE,U07|U08,false
RO-R026,F,mFRR/RR技术,mFRR FAT12.5分钟、至少1MW、最小满请求交付5分钟，可直接/计划；RR FAT30分钟、至少1MW,E14|E31,ANRE | Transelectrica,ANRE Order127/2021 base including BSP/BRP regulations | Transelectrica balancing energy offers PO138,2021-12-17 | 2023-12-08文件版本；官方页说明自2024-07-01,按合格产品；不推定项目资格,https://anre.ro/wp-content/uploads/2023/05/Ord_127_2021_2.pdf | https://www.transelectrica.ro/documents/10191/0/PO+138_ofertare_08.12.2023_clean1.docx/a9b4da6c-e449-4255-825c-34abbc4fb325,BSP56、59—61表1—4；PO138产品表,2026-09-30,VERIFIED_WITH_STATED_SCOPE,U07,false
RO-R027,F,能量关门,本地RR T−50；mFRR/aFRR T−25分钟,E31|E14,Transelectrica | ANRE,Transelectrica balancing energy offers PO138 | ANRE Order127/2021 base including BSP/BRP regulations,2023-12-08文件版本；官方页说明自2024-07-01 | 2021-12-17,2024-07-01实施说明；现货及容量时表另列,https://www.transelectrica.ro/documents/10191/0/PO+138_ofertare_08.12.2023_clean1.docx/a9b4da6c-e449-4255-825c-34abbc4fb325 | https://anre.ro/wp-content/uploads/2023/05/Ord_127_2021_2.pdf,PO138 §8.4；BSP42、69,2026-09-30,VERIFIED_WITH_STATED_SCOPE,U04|U05,false
RO-R028,F,激活和价格,标准产品按承诺能量及适用边际价格；本地RON、欧盟EUR；方向/负价决定付款方向,E14|E32,ANRE | Transelectrica,ANRE Order127/2021 base including BSP/BRP regulations | Transelectrica selection PO240,2021-12-17 | 2023-12-08文件版本；官方页说明自2024-07-01,本地与欧盟、标准与拥塞交易分开,https://anre.ro/wp-content/uploads/2023/05/Ord_127_2021_2.pdf | https://www.transelectrica.ro/documents/10191/0/PO+240_Selectarea_08.12.2023_clean1.docx/9793160c-9c32-4226-9d71-96b60138b83a,BSP61/63价格表、64—65、90—93；PO240 §8.2,2026-09-30,VERIFIED_WITH_STATED_SCOPE,U08|U10,false
RO-R029,F,EU路线图,2026-02-26 MARI罗马尼亚新计划2026-11，PICASSO预计2027-04；不是实际go-live,E35|E36,ENTSO-E | ENTSO-E,ENTSOE PICASSO roadmapFebruary2026 | ENTSOE MARI roadmapFebruary2026,2026-02-26更新 | 2026-02-26更新,路线图更新日；实际事件U08,https://eepublicdownloads.blob.core.windows.net/public-cdn-container/clean-documents/Network%20codes%20documents/Implementation/picasso/PICASSO_Accession_Roadmap_FEB_2026.pdf | https://www.entsoe.eu/documents/nc/NC%20EB/2026/MARI_Accession_Roadmap_FEB_2026.pdf,均PDF p2 Romania/Transelectrica行和脚注,2026-09-30,VERIFIED_WITH_STATED_SCOPE,U08,false
RO-R030,F,电量桥接,净合约含PE承诺量及规定FCR电量；净计量减净合约确定PRE偏差,E52|E14,Romanian Ministry of Justice / Portal Legislativ（发布ANRE/政府法规） | ANRE,Official BRP regulation consolidated printable | ANRE Order127/2021 base including BSP/BRP regulations,基础2021-12-17；合并含2025-12-18 | 2021-12-17,按PRE/ID；历史完整版本及跨PRE转移另记,https://legislatie.just.ro/Public/FormaPrintabila/00000G2AJ065UJP6K2I1SVV6HL5WJ3ZA | https://anre.ro/wp-content/uploads/2023/05/Ord_127_2021_2.pdf,当前门户BRP147—158、167；E14 BSP237—238及BRP基础条款对照,2026-09-30,VERIFIED_WITH_STATED_SCOPE,U03|U10,false
RO-R031,F,偏差版本,Order9初始/最终价格修改自2025-04-01；估算价格修改自2025-05-01,E17,ANRE,ANRE Order9/2025 BRP amendment,2025-03-27,分条日期；旧版U03,https://anre.ro/wp-content/uploads/2025/04/Ord-9-2025.pdf,art.IV规定art.I(4)—(6)起效；PDF p4／公报p15；art171附带条件art.V同页,2026-09-30,VERIFIED_WITH_STATED_SCOPE,U03,false
RO-R032,F,最终单/双价,最终单价要满足art.195系统条件，另有缺额/盈余双价及价格限界,E17,ANRE,ANRE Order9/2025 BRP amendment,2025-03-27,2025-04-01起修改；旧版另核,https://anre.ro/wp-content/uploads/2025/04/Ord-9-2025.pdf,修改BRP195 PDF p2—3；公式原图,2026-09-30,VERIFIED_WITH_STATED_SCOPE,U03,false
RO-R033,F,月度调整,PRE偏差与月度额外中性化/调整费用分开，不能只保留估算价×本站偏差,E14|E52,ANRE | Romanian Ministry of Justice / Portal Legislativ（发布ANRE/政府法规）,ANRE Order127/2021 base including BSP/BRP regulations | Official BRP regulation consolidated printable,2021-12-17 | 基础2021-12-17；合并含2025-12-18,最终公布版本用于事后结算，非决策时信息,https://anre.ro/wp-content/uploads/2023/05/Ord_127_2021_2.pdf | https://legislatie.just.ro/Public/FormaPrintabila/00000G2AJ065UJP6K2I1SVV6HL5WJ3ZA,BRP221—227及VM/VMA、更正章节,2026-09-30,VERIFIED_WITH_STATED_SCOPE,U03|U10,false
RO-R034,F,FCR电量,FCR激活能量按规定计算并进入PRE净合约；这两条不提供独立能量现金支付价格,E14,ANRE,ANRE Order127/2021 base including BSP/BRP regulations,2021-12-17,第IX章适用及具体合同另核，不套FRR边际价,https://anre.ro/wp-content/uploads/2023/05/Ord_127_2021_2.pdf,BSP第IX章237—238 PDF p19；容量罚则239—240另列,2026-09-30,VERIFIED_WITH_STATED_SCOPE,U05|U06|U07,false
RO-R035,F,费用上位法,Law123 art.66³列储能TL/配电/系统服务及绿证/联产贡献减免,E65,Romanian Ministry of Justice / Portal Legislativ（发布ANRE/政府法规）,OUG134/2024 amendments to Law123/2012 storage definitions and exemptions,2024-11-26,2024-11-26公布；执行配套另查,https://legislatie.just.ro/Public/FormaPrintabila/00000G2DQ7RI2D3EJ451USLG3UOCNC9E,OUG134/2024 art.I新66³,2026-09-30,VERIFIED_WITH_STATED_SCOPE,U09,false
RO-R036,F,费用方法,Order56减免针对存储后返送合格电量；DSO独立储能按月Eex−Ei，期末存量后月返送可产生负计费调整电量,E23|E50,ANRE | Distributie Oltenia,ANRE Order56/2025 stored-energy fee exemption methodology | DSO Oltenia stored-energy exemption operating procedure2025,2025-07-10 | 网址列2025；封面精确批准/生效日期未确认,方法2025-07-10公布；DSO实际执行日期、费率及项目另核,https://anre.ro/wp-content/uploads/2025/08/Ord-56-2025.pdf | https://www.distributieoltenia.ro/resources/ckfinder/core/connector/php/connector.php?command=Proxy&currentFolder=%2FDO%2FCERTIFICARI+SI+PREVEDERI+LEGALE%2FMasurarea+energiei+electrice%2F2025%2F&fileName=Ordin+ANRE+56_2025+-+Procedur%C4%83+operationala+scutire+tarifelor+reglementate+energie+stocat%C4%83.pdf&hash=24460cc7b9aefcd5&lang=en&type=Files,Order56 art.3—5、7、11；DSO §5.2.1.1 p6—7、p9跨月、p10 §5.3.1表3,2026-09-30,VERIFIED_WITH_STATED_SCOPE,U09,false
RO-R037,F,其他费用,Order56列举不能证明TG、CfD、VAT、税/商业费用都为零,E23,ANRE,ANRE Order56/2025 stored-energy fee exemption methodology,2025-07-10,适用性待查，未设模型零值,https://anre.ro/wp-content/uploads/2025/08/Ord-56-2025.pdf,art.4—5费用范围对照,2026-09-30,VERIFIED_WITH_STATED_SCOPE,U09,false
RO-R038,F,新增消费机制,Order54仅特定可调度消费等对象及危机场景；参加平衡服务终端客户有排除,E60,ANRE,ANRE Order54/2026 demand flexibility services,2026-08-26,2026-08-26公布；触发与实施另核,https://anre.ro/wp-content/uploads/2026/09/Ord-54_2026.pdf,附件art.1—2 PDF p1—2,2026-09-30,VERIFIED_WITH_STATED_SCOPE,U12,false
RO-R039,F,未来规则,Order14将Order124指定条款应用延至2027-01-01，不回填研究期,E18,ANRE,ANRE Order14/2025 amendments,2025-04-29,研究期不提前应用；art171交叉条件U03,https://anre.ro/wp-content/uploads/2025/05/Ord-14-2025.pdf,art.I PDF p1,2026-09-30,VERIFIED_WITH_STATED_SCOPE,U03,false
RO-R040,F,FCR采购字段和条件,FCR报价数量为每方向MW、价格lei/hMW；有限能量资源维持30分钟；供方需PRE登记及EIC等条件,E66,Transelectrica,Transelectrica procurement of FCR capacity operational procedure,封面2024-11，文件名含2024-10-09；精确批准/部署日未确认,当前官方托管程序；全历史部署及项目资格不由此批准,https://www.transelectrica.ro/documents/10179/147121/PO+RSF+2024/b683cd41-6fa4-4401-a9d4-9ac2697de556?version=1.0,TEL04.01 Ed.I Rev1：Depunerea ofertelor、Contractarea şi derularea contractelor、Participanţii la licitaţie,2026-09-30,VERIFIED_WITH_STATED_SCOPE,U05|U06|U07,false
RO-R041,F,容量采购事件及单位,容量程序要求公告列明开关门及结果时刻；FRR/RR §8.5.3报价文字仍为lei/MWh,E66|E67,Transelectrica | Transelectrica,Transelectrica procurement of FCR capacity operational procedure | Transelectrica procurement of balancing capacity operational procedure,封面2024-11，文件名含2024-10-09；精确批准/部署日未确认 | TEL04.05 Ed.I Rev2；精确批准/部署日期未确认,当前操作文本；实际历史事件与FRR/RR现金单位另核,https://www.transelectrica.ro/documents/10179/147121/PO+RSF+2024/b683cd41-6fa4-4401-a9d4-9ac2697de556?version=1.0 | https://www.transelectrica.ro/documents/10179/147121/PO+SERVICII+CAPACITATE+DE+ECHILIBRARE/a616ad8d-5936-4a5f-a4ed-febf1e72bd2d?version=1.5,FCR Determinarea cantităţilor、报价章节；E67 §8.4.2、8.5.3 成员PDF p11,2026-09-30,VERIFIED_WITH_STATED_SCOPE,U05|U06,false
