product,bsp,reported_days,positive_days,valid_hourly_points,mean_awarded_mw_reported_days,capacity_mw_hours,share_of_full_month_demand,share_of_full_month_awards,daily_share_p50,daily_share_p90,hourly_share_p50,hourly_share_p90,note
FCR,HIDROELECTRICA (30XROHIDRO-----1),31,31,744,70.64516129032258,52560.0,0.5519153225806451,0.6303065189235861,0.552734375,0.59375,0.609375,0.6875,Monthly numerator from daily results; absent supplier-days not assumed zero; hourly quantiles omit unresolved missing hours
FCR,MONSSON (30XROMONSONALM-O),18,18,432,4.5092592592592595,1948.0,0.020455309139784945,0.023360675396939607,0.0390625,0.0390625,0.0390625,0.0390625,Monthly numerator from daily results; absent supplier-days not assumed zero; hourly quantiles omit unresolved missing hours
FCR,PETROM (30XROPETROM----4),31,31,744,38.81720430107527,28880.0,0.30325940860215056,0.3463328056794743,0.3125,0.3125,0.3125,0.3125,Monthly numerator from daily results; absent supplier-days not assumed zero; hourly quantiles omit unresolved missing hours
aFRRDown,CE OLTENIA (30XROCENCRAIOVAM),31,29,744,10.188172043010754,7580.0,0.05821812596006144,0.05821812596006144,0.051666666666666666,0.1069047619047619,0.0,0.22285714285714286,Monthly numerator from daily results; absent supplier-days not assumed zero; hourly quantiles omit unresolved missing hours
aFRRDown,GLYPTODON (30XROGLYPTODON-B),31,31,744,19.201612903225804,14286.0,0.10972350230414747,0.10972350230414747,0.11166666666666666,0.11476190476190476,0.06857142857142857,0.2,Monthly numerator from daily results; absent supplier-days not assumed zero; hourly quantiles omit unresolved missing hours
aFRRDown,HIDROELECTRICA (30XROHIDRO-----1),31,5,744,0.5430107526881721,404.0,0.0031029185867895545,0.0031029185867895545,0.0,0.002380952380952381,0.0,0.0,Monthly numerator from daily results; absent supplier-days not assumed zero; hourly quantiles omit unresolved missing hours
aFRRDown,MEGALODON STORAGE (30XROMEGALODON-K),31,31,744,1.6733870967741937,1245.0,0.00956221198156682,0.00956221198156682,0.011428571428571429,0.011428571428571429,0.011428571428571429,0.011428571428571429,Monthly numerator from daily results; absent supplier-days not assumed zero; hourly quantiles omit unresolved missing hours
aFRRDown,MONSSON (30XROMONSONALM-O),31,31,744,17.095430107526884,12719.0,0.09768817204301075,0.09768817204301075,0.06904761904761905,0.15142857142857144,0.05714285714285714,0.17142857142857143,Monthly numerator from daily results; absent supplier-days not assumed zero; hourly quantiles omit unresolved missing hours
aFRRDown,NOVA H (30XRONOVAH-----9),31,31,744,29.532258064516128,21972.0,0.1687557603686636,0.1687557603686636,0.15928571428571428,0.26357142857142857,0.12,0.46285714285714286,Monthly numerator from daily results; absent supplier-days not assumed zero; hourly quantiles omit unresolved missing hours
aFRRDown,NOVA POWER & GAS (30XROTENGAZ----B),31,31,744,11.76478494623656,8753.0,0.0672273425499232,0.0672273425499232,0.06428571428571428,0.10904761904761905,0.08571428571428572,0.11428571428571428,Monthly numerator from daily results; absent supplier-days not assumed zero; hourly quantiles omit unresolved missing hours
aFRRDown,NOVA PS 110 (30XRO-NPS50----C),31,30,744,18.13440860215054,13492.0,0.10362519201228879,0.10362519201228879,0.11428571428571428,0.13,0.13714285714285715,0.13714285714285715,Monthly numerator from daily results; absent supplier-days not assumed zero; hourly quantiles omit unresolved missing hours
aFRRDown,PETROM (30XROPETROM----4),31,31,744,66.34543010752688,49361.0,0.3791167434715822,0.3791167434715822,0.40476190476190477,0.5142857142857142,0.5714285714285714,0.5714285714285714,Monthly numerator from daily results; absent supplier-days not assumed zero; hourly quantiles omit unresolved missing hours
aFRRDown,TRUE ENERGY MANAGEMENT (30XROTRUEENERGYE),23,22,552,0.7028985507246377,388.0,0.002980030721966206,0.002980030721966206,0.0035714285714285713,0.006952380952380953,0.0,0.017142857142857144,Monthly numerator from daily results; absent supplier-days not assumed zero; hourly quantiles omit unresolved missing hours
aFRRUp,CE OLTENIA (30XROCENCRAIOVAM),31,31,744,43.344086021505376,32248.0,0.2476804915514593,0.2476804915514593,0.20666666666666667,0.38333333333333336,0.2857142857142857,0.4,Monthly numerator from daily results; absent supplier-days not assumed zero; hourly quantiles omit unresolved missing hours
aFRRUp,ENERGY INNOVATIVE SOLUTIONS (30XRO-EIS------S),31,31,744,36.170698924731184,26911.0,0.20668970814132104,0.20668970814132104,0.21357142857142858,0.22285714285714286,0.22285714285714286,0.22285714285714286,Monthly numerator from daily results; absent supplier-days not assumed zero; hourly quantiles omit unresolved missing hours
aFRRUp,GLYPTODON (30XROGLYPTODON-B),31,31,744,15.897849462365592,11828.0,0.09084485407066052,0.09084485407066052,0.08833333333333333,0.1019047619047619,0.11428571428571428,0.11428571428571428,Monthly numerator from daily results; absent supplier-days not assumed zero; hourly quantiles omit unresolved missing hours
aFRRUp,HIDROELECTRICA (30XROHIDRO-----1),31,30,744,6.516129032258064,4848.0,0.037235023041474656,0.037235023041474656,0.017857142857142856,0.085,0.0,0.13714285714285715,Monthly numerator from daily results; absent supplier-days not assumed zero; hourly quantiles omit unresolved missing hours
aFRRUp,MEGALODON STORAGE (30XROMEGALODON-K),31,31,744,1.674731182795699,1246.0,0.009569892473118279,0.009569892473118279,0.011428571428571429,0.011428571428571429,0.011428571428571429,0.011428571428571429,Monthly numerator from daily results; absent supplier-days not assumed zero; hourly quantiles omit unresolved missing hours
aFRRUp,MONSSON (30XROMONSONALM-O),31,31,744,8.82258064516129,6564.0,0.0504147465437788,0.0504147465437788,0.05119047619047619,0.0630952380952381,0.05714285714285714,0.05714285714285714,Monthly numerator from daily results; absent supplier-days not assumed zero; hourly quantiles omit unresolved missing hours
aFRRUp,NOVA H (30XRONOVAH-----9),31,31,744,19.524193548387096,14526.0,0.1115668202764977,0.1115668202764977,0.11476190476190476,0.13952380952380952,0.10857142857142857,0.18285714285714286,Monthly numerator from daily results; absent supplier-days not assumed zero; hourly quantiles omit unresolved missing hours
aFRRUp,NOVA POWER & GAS (30XROTENGAZ----B),31,31,744,9.748655913978494,7253.0,0.055706605222734254,0.055706605222734254,0.05880952380952381,0.08571428571428572,0.07428571428571429,0.08571428571428572,Monthly numerator from daily results; absent supplier-days not assumed zero; hourly quantiles omit unresolved missing hours
aFRRUp,NOVA PS 110 (30XRO-NPS50----C),31,31,744,15.88709677419355,11820.0,0.09078341013824885,0.09078341013824885,0.09142857142857143,0.10333333333333333,0.09142857142857143,0.14857142857142858,Monthly numerator from daily results; absent supplier-days not assumed zero; hourly quantiles omit unresolved missing hours
aFRRUp,PETROM (30XROPETROM----4),17,17,408,25.637254901960784,10460.0,0.08033794162826421,0.08033794162826421,0.14285714285714285,0.19114285714285714,0.0,0.5714285714285714,Monthly numerator from daily results; absent supplier-days not assumed zero; hourly quantiles omit unresolved missing hours
aFRRUp,TRUE ENERGY MANAGEMENT (30XROTRUEENERGYE),24,24,576,4.333333333333333,2496.0,0.019170506912442396,0.019170506912442396,0.025357142857142856,0.029285714285714286,0.03428571428571429,0.03428571428571429,Monthly numerator from daily results; absent supplier-days not assumed zero; hourly quantiles omit unresolved missing hours
