source_id,side,product,pos,seq,source_qty_mw,source_price_eur_mwh,delivery_start_utc,delivery_end_utc,local_time,utc_offset,duration_hours,publication_time,revision_time,quality_flag
CURVES_XML_2026-08-31,SupplyCurve,PT60M,1,1,0.0,-600.0,2026-08-30T22:00:00Z,2026-08-30T23:00:00Z,2026-08-31T01:00:00+03:00,+0300,1.0,,,EX_POST_SNAPSHOT;NOT_ASOF_APPROVED
CURVES_XML_2026-08-31,SupplyCurve,PT60M,1,2,0.0,-589.72120797201,2026-08-30T22:00:00Z,2026-08-30T23:00:00Z,2026-08-31T01:00:00+03:00,+0300,1.0,,,EX_POST_SNAPSHOT;NOT_ASOF_APPROVED
CURVES_XML_2026-08-31,SupplyCurve,PT60M,1,3,14.0,-589.72120797201,2026-08-30T22:00:00Z,2026-08-30T23:00:00Z,2026-08-31T01:00:00+03:00,+0300,1.0,,,EX_POST_SNAPSHOT;NOT_ASOF_APPROVED
CURVES_XML_2026-08-31,SupplyCurve,PT60M,1,4,14.0,-95.123034,2026-08-30T22:00:00Z,2026-08-30T23:00:00Z,2026-08-31T01:00:00+03:00,+0300,1.0,,,EX_POST_SNAPSHOT;NOT_ASOF_APPROVED
CURVES_XML_2026-08-31,SupplyCurve,PT60M,1,5,14.3,-95.104017,2026-08-30T22:00:00Z,2026-08-30T23:00:00Z,2026-08-31T01:00:00+03:00,+0300,1.0,,,EX_POST_SNAPSHOT;NOT_ASOF_APPROVED
CURVES_XML_2026-08-31,SupplyCurve,PT30M,1,1,0.0,-600.0,2026-08-30T22:00:00Z,2026-08-30T22:30:00Z,2026-08-31T01:00:00+03:00,+0300,0.5,,,EX_POST_SNAPSHOT;NOT_ASOF_APPROVED
CURVES_XML_2026-08-31,SupplyCurve,PT30M,1,2,0.0,4000.0,2026-08-30T22:00:00Z,2026-08-30T22:30:00Z,2026-08-31T01:00:00+03:00,+0300,0.5,,,EX_POST_SNAPSHOT;NOT_ASOF_APPROVED
CURVES_XML_2026-08-31,SupplyCurve,PT15M,1,1,0.0,-600.0,2026-08-30T22:00:00Z,2026-08-30T22:15:00Z,2026-08-31T01:00:00+03:00,+0300,0.25,,,EX_POST_SNAPSHOT;NOT_ASOF_APPROVED
CURVES_XML_2026-08-31,SupplyCurve,PT15M,1,2,0.0,-161.6461280998,2026-08-30T22:00:00Z,2026-08-30T22:15:00Z,2026-08-31T01:00:00+03:00,+0300,0.25,,,EX_POST_SNAPSHOT;NOT_ASOF_APPROVED
CURVES_XML_2026-08-31,SupplyCurve,PT15M,1,3,1.5,-161.6461280998,2026-08-30T22:00:00Z,2026-08-30T22:15:00Z,2026-08-31T01:00:00+03:00,+0300,0.25,,,EX_POST_SNAPSHOT;NOT_ASOF_APPROVED
CURVES_XML_2026-08-31,SupplyCurve,PT15M,1,4,1.5,-152.13766097848,2026-08-30T22:00:00Z,2026-08-30T22:15:00Z,2026-08-31T01:00:00+03:00,+0300,0.25,,,EX_POST_SNAPSHOT;NOT_ASOF_APPROVED
CURVES_XML_2026-08-31,SupplyCurve,PT15M,1,5,8.4,-152.136,2026-08-30T22:00:00Z,2026-08-30T22:15:00Z,2026-08-31T01:00:00+03:00,+0300,0.25,,,EX_POST_SNAPSHOT;NOT_ASOF_APPROVED
CURVES_XML_2026-08-31,DemandCurve,PT60M,1,1,0.0,4000.0,2026-08-30T22:00:00Z,2026-08-30T23:00:00Z,2026-08-31T01:00:00+03:00,+0300,1.0,,,EX_POST_SNAPSHOT;NOT_ASOF_APPROVED
CURVES_XML_2026-08-31,DemandCurve,PT60M,1,2,0.0,1331.39357979614,2026-08-30T22:00:00Z,2026-08-30T23:00:00Z,2026-08-31T01:00:00+03:00,+0300,1.0,,,EX_POST_SNAPSHOT;NOT_ASOF_APPROVED
CURVES_XML_2026-08-31,DemandCurve,PT60M,1,3,180.3,1331.39357979614,2026-08-30T22:00:00Z,2026-08-30T23:00:00Z,2026-08-31T01:00:00+03:00,+0300,1.0,,,EX_POST_SNAPSHOT;NOT_ASOF_APPROVED
CURVES_XML_2026-08-31,DemandCurve,PT60M,1,4,180.3,1142.17252396166,2026-08-30T22:00:00Z,2026-08-30T23:00:00Z,2026-08-31T01:00:00+03:00,+0300,1.0,,,EX_POST_SNAPSHOT;NOT_ASOF_APPROVED
CURVES_XML_2026-08-31,DemandCurve,PT60M,1,5,181.2,1142.17252396166,2026-08-30T22:00:00Z,2026-08-30T23:00:00Z,2026-08-31T01:00:00+03:00,+0300,1.0,,,EX_POST_SNAPSHOT;NOT_ASOF_APPROVED
CURVES_XML_2026-08-31,DemandCurve,PT30M,1,1,0.0,4000.0,2026-08-30T22:00:00Z,2026-08-30T22:30:00Z,2026-08-31T01:00:00+03:00,+0300,0.5,,,EX_POST_SNAPSHOT;NOT_ASOF_APPROVED
CURVES_XML_2026-08-31,DemandCurve,PT30M,1,2,0.0,-600.0,2026-08-30T22:00:00Z,2026-08-30T22:30:00Z,2026-08-31T01:00:00+03:00,+0300,0.5,,,EX_POST_SNAPSHOT;NOT_ASOF_APPROVED
CURVES_XML_2026-08-31,DemandCurve,PT15M,1,1,0.0,4000.0,2026-08-30T22:00:00Z,2026-08-30T22:15:00Z,2026-08-31T01:00:00+03:00,+0300,0.25,,,EX_POST_SNAPSHOT;NOT_ASOF_APPROVED
CURVES_XML_2026-08-31,DemandCurve,PT15M,1,2,0.0,1711.5319017,2026-08-30T22:00:00Z,2026-08-30T22:15:00Z,2026-08-31T01:00:00+03:00,+0300,0.25,,,EX_POST_SNAPSHOT;NOT_ASOF_APPROVED
CURVES_XML_2026-08-31,DemandCurve,PT15M,1,3,5.7,1711.53,2026-08-30T22:00:00Z,2026-08-30T22:15:00Z,2026-08-31T01:00:00+03:00,+0300,0.25,,,EX_POST_SNAPSHOT;NOT_ASOF_APPROVED
CURVES_XML_2026-08-31,DemandCurve,PT15M,1,4,5.7,1521.37532329226,2026-08-30T22:00:00Z,2026-08-30T22:15:00Z,2026-08-31T01:00:00+03:00,+0300,0.25,,,EX_POST_SNAPSHOT;NOT_ASOF_APPROVED
CURVES_XML_2026-08-31,DemandCurve,PT15M,1,5,6.7,1521.37532329226,2026-08-30T22:00:00Z,2026-08-30T22:15:00Z,2026-08-31T01:00:00+03:00,+0300,0.25,,,EX_POST_SNAPSHOT;NOT_ASOF_APPROVED
