issue,source_id,field,derived,source_value,ratio,handling,tender,product,expected_native_hours,raw_rows,valid_in_tender_rows,outside_rows,missing_hours
SQ01,DA_2025-10-01,ROPEX_DAM_Base summary Quantity [MWh],41160.275,164641.1,4,original retained; summary not used as physical MWh; native MW multiplied by duration; monthly control agrees,,,,,,,
SQ02,tenderStatistics_2025-03-30,,,,,outside rows retained in raw only; missing rows not filled; DST capacity series not full approved input,91_2025,aFRRDown,23,24,23,1,0
SQ02,tenderStatistics_2025-03-30,,,,,outside rows retained in raw only; missing rows not filled; DST capacity series not full approved input,91_2025,aFRRUp,23,24,23,1,0
SQ02,tenderStatistics_2025-03-30,,,,,outside rows retained in raw only; missing rows not filled; DST capacity series not full approved input,91_2025,mFRRDown,23,24,23,1,0
SQ02,tenderStatistics_2025-03-30,,,,,outside rows retained in raw only; missing rows not filled; DST capacity series not full approved input,91_2025,mFRRUp,23,24,23,1,0
SQ02,tenderStatistics_2025-10-26,,,,,outside rows retained in raw only; missing rows not filled; DST capacity series not full approved input,470_2025,FCR,25,24,24,0,1
SQ02,tenderStatistics_2025-10-26,,,,,outside rows retained in raw only; missing rows not filled; DST capacity series not full approved input,469_2025,aFRRDown,25,24,24,0,1
SQ02,tenderStatistics_2025-10-26,,,,,outside rows retained in raw only; missing rows not filled; DST capacity series not full approved input,469_2025,aFRRUp,25,24,24,0,1
SQ02,tenderStatistics_2025-10-26,,,,,outside rows retained in raw only; missing rows not filled; DST capacity series not full approved input,469_2025,mFRRDown,25,24,24,0,1
SQ02,tenderStatistics_2025-10-26,,,,,outside rows retained in raw only; missing rows not filled; DST capacity series not full approved input,469_2025,mFRRUp,25,24,24,0,1
SQ02,tenderStatistics_2026-03-29_R1,,,,,outside rows retained in raw only; missing rows not filled; DST capacity series not full approved input,178_2026,FCR,23,24,23,1,0
SQ02,tenderStatistics_2026-03-29_R1,,,,,outside rows retained in raw only; missing rows not filled; DST capacity series not full approved input,174_2026,aFRRDown,23,24,23,1,0
SQ02,tenderStatistics_2026-03-29_R1,,,,,outside rows retained in raw only; missing rows not filled; DST capacity series not full approved input,174_2026,aFRRUp,23,24,23,1,0
SQ02,tenderStatistics_2026-03-29_R1,,,,,outside rows retained in raw only; missing rows not filled; DST capacity series not full approved input,174_2026,mFRRDown,23,24,23,1,0
SQ02,tenderStatistics_2026-03-29_R1,,,,,outside rows retained in raw only; missing rows not filled; DST capacity series not full approved input,174_2026,mFRRUp,23,24,23,1,0
