start,local_time,phase,hours,minutes,Y,C,D,ein,eout,efc
2025-11-25T22:00:00Z,2025-11-26T00:00:00+02:00,d,0.04411428571428571428571428571428572,2.646857142857142857142857142857143,0.0,0.0,0.0,88.68598260869577,88.68598260869577000000000000000000,0E-38
2025-11-25T22:00:00Z,2025-11-26T00:00:00+02:00,0,0.2058857142857142857142857142857143,12.35314285714285714285714285714286,0.0,0.0,0.0,88.68598260869577000000000000000000,88.68598260869577000000000000000000,0E-37
2025-11-25T22:15:00Z,2025-11-26T00:15:00+02:00,d,0.0234400,1.4064000,0.0,0.0,0.0,88.68598260869577000000000000000000,88.68598260869577000000000000000000,0E-10
2025-11-25T22:15:00Z,2025-11-26T00:15:00+02:00,0,0.2265600,13.5936000,0.0,0.0,0.0,88.68598260869577000000000000000000,88.68598260869577000000000000000000,0E-10
2025-11-25T22:30:00Z,2025-11-26T00:30:00+02:00,d,0.04825142857142857142857142857142858,2.895085714285714285714285714285715,0.0,0.0,0.0,88.68598260869577000000000000000000,88.68598260869577000000000000000000,0E-38
2025-11-25T22:30:00Z,2025-11-26T00:30:00+02:00,0,0.2017485714285714285714285714285714,12.10491428571428571428571428571428,0.0,0.0,0.0,88.68598260869577000000000000000000,88.68598260869577000000000000000000,0E-37
2025-11-25T22:45:00Z,2025-11-26T00:45:00+02:00,d,0.001657142857142857142857142857142857,0.09942857142857142857142857142857142,0.0,0.0,0.0,88.68598260869577000000000000000000,88.68598260869577000000000000000000,0E-39
2025-11-25T22:45:00Z,2025-11-26T00:45:00+02:00,u,0.0000400,0.0024000,0.0,0.0,0.0,88.68598260869577000000000000000000,88.68598260869577000000000000000000,0E-10
2025-11-25T22:45:00Z,2025-11-26T00:45:00+02:00,0,0.2483028571428571428571428571428572,14.89817142857142857142857142857143,0.0,0.0,0.0,88.68598260869577000000000000000000,88.68598260869577000000000000000000,0E-37
2025-11-25T23:00:00Z,2025-11-26T01:00:00+02:00,d,0.02386857142857142857142857142857143,1.432114285714285714285714285714286,0.0,0.0,0.0,88.68598260869577000000000000000000,88.68598260869577000000000000000000,0E-38
2025-11-25T23:00:00Z,2025-11-26T01:00:00+02:00,u,0.0002571428571428571428571428571428572,0.01542857142857142857142857142857143,0.0,0.0,0.0,88.68598260869577000000000000000000,88.68598260869577000000000000000000,0E-40
2025-11-25T23:00:00Z,2025-11-26T01:00:00+02:00,0,0.2258742857142857142857142857142857,13.55245714285714285714285714285714,0.0,0.0,0.0,88.68598260869577000000000000000000,88.68598260869577000000000000000000,0E-37
2025-11-25T23:15:00Z,2025-11-26T01:15:00+02:00,d,0.08758285714285714285714285714285715,5.254971428571428571428571428571429,0.0,0.0,0.0,88.68598260869577000000000000000000,88.68598260869577000000000000000000,0E-38
2025-11-25T23:15:00Z,2025-11-26T01:15:00+02:00,0,0.1624171428571428571428571428571428,9.745028571428571428571428571428568,0.0,0.0,0.0,88.68598260869577000000000000000000,88.68598260869577000000000000000000,0E-37
2025-11-25T23:30:00Z,2025-11-26T01:30:00+02:00,d,0.03315428571428571428571428571428572,1.989257142857142857142857142857143,0.0,0.0,0.0,88.68598260869577000000000000000000,88.68598260869577000000000000000000,0E-38
2025-11-25T23:30:00Z,2025-11-26T01:30:00+02:00,0,0.2168457142857142857142857142857143,13.01074285714285714285714285714286,0.0,0.0,0.0,88.68598260869577000000000000000000,88.68598260869577000000000000000000,0E-37
2025-11-25T23:45:00Z,2025-11-26T01:45:00+02:00,d,0.08521714285714285714285714285714285,5.113028571428571428571428571428571,0.0,0.0,0.0,88.68598260869577000000000000000000,88.68598260869577000000000000000000,0E-38
2025-11-25T23:45:00Z,2025-11-26T01:45:00+02:00,0,0.1647828571428571428571428571428572,9.886971428571428571428571428571432,0.0,0.0,0.0,88.68598260869577000000000000000000,88.68598260869577000000000000000000,0E-37
2025-11-26T00:00:00Z,2025-11-26T02:00:00+02:00,d,0.01870285714285714285714285714285714,1.122171428571428571428571428571428,-1.888303070670623E-14,1.888303070670623E-14,0,88.68598260869577000000000000000000,88.68598260869577032491329567317447,9.025369324254846274095238095238094E-19
2025-11-26T00:00:00Z,2025-11-26T02:00:00+02:00,u,0.00004571428571428571428571428571428572,0.002742857142857142857142857142857143,99.99999999999998111696929329377,0,99.99999999999998111696929329377,88.68598260869577032491329567317447,88.68101366459639144386400527350770,0.00001380262249827466958136222129658662
2025-11-26T00:00:00Z,2025-11-26T02:00:00+02:00,0,0.2312514285714285714285714285714286,13.87508571428571428571428571428572,-1.888303070670623E-14,1.888303070670623E-14,0,88.68101366459639144386400527350770,88.68101366459639546125360582275837,1.115941555708125187492698412698413E-17
2025-11-26T00:15:00Z,2025-11-26T02:15:00+02:00,d,0.0003885714285714285714285714285714285,0.02331428571428571428571428571428571,-100.0,100.0,0,88.68101366459639546125360582275837,88.71676223602496688982503439418694,0.00009930158730158730158730158730158728
2025-11-26T00:15:00Z,2025-11-26T02:15:00+02:00,u,0.001091428571428571428571428571428572,0.06548571428571428571428571428571432,0.0,0.0,0.0,88.71676223602496688982503439418694,88.71676223602496688982503439418694,0E-39
2025-11-26T00:15:00Z,2025-11-26T02:15:00+02:00,0,0.2485200000000000000000000000000000,14.91120000000000000000000000000000,-100.0,100.0,0,88.71676223602496688982503439418694,111.5806022360249668898250343941869,0.06351066666666666666666666666666667
2025-11-26T00:30:00Z,2025-11-26T02:30:00+02:00,d,0.0001485714285714285714285714285714286,0.008914285714285714285714285714285716,-100.0,100.0,0,111.5806022360249668898250343941869,111.5942708074535383183964629656155,0.00003796825396825396825396825396825397
2025-11-26T00:30:00Z,2025-11-26T02:30:00+02:00,u,0.0461600,2.7696000,0.0,0.0,0.0,111.5942708074535383183964629656155,111.5942708074535383183964629656155,0E-10
2025-11-26T00:30:00Z,2025-11-26T02:30:00+02:00,0,0.2036914285714285714285714285714286,12.22148571428571428571428571428572,-100.0,100.0,0,111.5942708074535383183964629656155,130.3338822360249668898250343941869,0.05205447619047619047619047619047619
2025-11-26T00:45:00Z,2025-11-26T02:45:00+02:00,u,0.1526285714285714285714285714285714,9.157714285714285714285714285714284,0.0,0.0,0.0,130.3338822360249668898250343941869,130.3338822360249668898250343941869,0E-37
2025-11-26T00:45:00Z,2025-11-26T02:45:00+02:00,0,0.09737142857142857142857142857142858,5.842285714285714285714285714285715,-100.0,100.0,0,130.3338822360249668898250343941869,139.2920536645963954612536058227583,0.02488380952380952380952380952380952
2025-11-26T01:00:00Z,2025-11-26T03:00:00+02:00,u,0.1688857142857142857142857142857143,10.13314285714285714285714285714286,0.0,0.0,0.0,139.2920536645963954612536058227583,139.2920536645963954612536058227583,0E-37
2025-11-26T01:00:00Z,2025-11-26T03:00:00+02:00,0,0.08111428571428571428571428571428572,4.866857142857142857142857142857143,-100.0,100.0,0,139.2920536645963954612536058227583,146.7545679503106811755393201084726,0.02072920634920634920634920634920635
2025-11-26T01:15:00Z,2025-11-26T03:15:00+02:00,u,0.1693314285714285714285714285714286,10.15988571428571428571428571428572,0.0,0.0,0.0,146.7545679503106811755393201084726,146.7545679503106811755393201084726,0E-37
2025-11-26T01:15:00Z,2025-11-26T03:15:00+02:00,0,0.08066857142857142857142857142857142,4.840114285714285714285714285714285,-100.0,100.0,0,146.7545679503106811755393201084726,154.1760765217392526041107486799012,0.02061530158730158730158730158730159
2025-11-26T01:30:00Z,2025-11-26T03:30:00+02:00,u,0.1725657142857142857142857142857143,10.35394285714285714285714285714286,20.07520373919101,0,20.07520373919101,154.1760765217392526041107486799012,150.4105418775167102998250343941869,0.01045981845617372862301587301587302
2025-11-26T01:30:00Z,2025-11-26T03:30:00+02:00,0,0.07743428571428571428571428571428572,4.646057142857142857142857142857143,-79.92479626080899,79.92479626080899,0,150.4105418775167102998250343941869,156.1043478260870235204581772513298,0.01581612763491753672398095238095238
2025-11-26T01:45:00Z,2025-11-26T03:45:00+02:00,u,0.1113600,6.6816000,100.0,0,100.0,156.1043478260870235204581772513298,144.0000000000000669987190468165472,0.03362318840579710144927536231884058
2025-11-26T01:45:00Z,2025-11-26T03:45:00+02:00,0,0.1386400,8.3184000,0.0,0.0,0.0,144.0000000000000669987190468165472,144.0000000000000669987190468165472,0E-10
2025-11-26T02:00:00Z,2025-11-26T04:00:00+02:00,d,0.001708571428571428571428571428571428,0.1025142857142857142857142857142857,0.0,0.0,0.0,144.0000000000000669987190468165472,144.0000000000000669987190468165472,0E-39
2025-11-26T02:00:00Z,2025-11-26T04:00:00+02:00,u,0.008914285714285714285714285714285715,0.5348571428571428571428571428571429,0.0,0.0,0.0,144.0000000000000669987190468165472,144.0000000000000669987190468165472,0E-39
2025-11-26T02:00:00Z,2025-11-26T04:00:00+02:00,0,0.2393771428571428571428571428571428,14.36262857142857142857142857142857,0.0,0.0,0.0,144.0000000000000669987190468165472,144.0000000000000669987190468165472,0E-37
2025-11-26T02:15:00Z,2025-11-26T04:15:00+02:00,d,0.004137142857142857142857142857142858,0.2482285714285714285714285714285715,0.0,0.0,0.0,144.0000000000000669987190468165472,144.0000000000000669987190468165472,0E-39
2025-11-26T02:15:00Z,2025-11-26T04:15:00+02:00,u,0.00100,0.06000,0.0,0.0,0.0,144.0000000000000669987190468165472,144.0000000000000669987190468165472,0E-8
2025-11-26T02:15:00Z,2025-11-26T04:15:00+02:00,0,0.2448628571428571428571428571428572,14.69177142857142857142857142857143,0.0,0.0,0.0,144.0000000000000669987190468165472,144.0000000000000669987190468165472,0E-37
2025-11-26T02:30:00Z,2025-11-26T04:30:00+02:00,u,0.009731428571428571428571428571428572,0.5838857142857142857142857142857143,0.0,0.0,0.0,144.0000000000000669987190468165472,144.0000000000000669987190468165472,0E-39
2025-11-26T02:30:00Z,2025-11-26T04:30:00+02:00,0,0.2402685714285714285714285714285714,14.41611428571428571428571428571428,0.0,0.0,0.0,144.0000000000000669987190468165472,144.0000000000000669987190468165472,0E-37
2025-11-26T02:45:00Z,2025-11-26T04:45:00+02:00,d,0.0001828571428571428571428571428571428,0.01097142857142857142857142857142857,0.0,0.0,0.0,144.0000000000000669987190468165472,144.0000000000000669987190468165472,0E-40
2025-11-26T02:45:00Z,2025-11-26T04:45:00+02:00,u,0.0008400,0.0504000,0.0,0.0,0.0,144.0000000000000669987190468165472,144.0000000000000669987190468165472,0E-10
2025-11-26T02:45:00Z,2025-11-26T04:45:00+02:00,0,0.2489771428571428571428571428571428,14.93862857142857142857142857142857,0.0,0.0,0.0,144.0000000000000669987190468165472,144.0000000000000669987190468165472,0E-37
2025-11-26T03:00:00Z,2025-11-26T05:00:00+02:00,d,0.0003771428571428571428571428571428572,0.02262857142857142857142857142857143,0.0,0.0,0.0,144.0000000000000669987190468165472,144.0000000000000669987190468165472,0E-40
2025-11-26T03:00:00Z,2025-11-26T05:00:00+02:00,u,0.008005714285714285714285714285714285,0.4803428571428571428571428571428571,0.0,0.0,0.0,144.0000000000000669987190468165472,144.0000000000000669987190468165472,0E-39
2025-11-26T03:00:00Z,2025-11-26T05:00:00+02:00,0,0.2416171428571428571428571428571429,14.49702857142857142857142857142857,0.0,0.0,0.0,144.0000000000000669987190468165472,144.0000000000000669987190468165472,0E-37
2025-11-26T03:15:00Z,2025-11-26T05:15:00+02:00,u,0.0399200,2.3952000,0.0,0.0,0.0,144.0000000000000669987190468165472,144.0000000000000669987190468165472,0E-10
2025-11-26T03:15:00Z,2025-11-26T05:15:00+02:00,0,0.2100800,12.6048000,0.0,0.0,0.0,144.0000000000000669987190468165472,144.0000000000000669987190468165472,0E-10
2025-11-26T03:30:00Z,2025-11-26T05:30:00+02:00,d,0.0000800,0.0048000,0.0,0.0,0.0,144.0000000000000669987190468165472,144.0000000000000669987190468165472,0E-10
2025-11-26T03:30:00Z,2025-11-26T05:30:00+02:00,u,0.02172571428571428571428571428571428,1.303542857142857142857142857142857,0.0,0.0,0.0,144.0000000000000669987190468165472,144.0000000000000669987190468165472,0E-38
2025-11-26T03:30:00Z,2025-11-26T05:30:00+02:00,0,0.2281942857142857142857142857142857,13.69165714285714285714285714285714,0.0,0.0,0.0,144.0000000000000669987190468165472,144.0000000000000669987190468165472,0E-37
2025-11-26T03:45:00Z,2025-11-26T05:45:00+02:00,d,0.003491428571428571428571428571428572,0.2094857142857142857142857142857143,0.0,0.0,0.0,144.0000000000000669987190468165472,144.0000000000000669987190468165472,0E-39
2025-11-26T03:45:00Z,2025-11-26T05:45:00+02:00,u,0.01692571428571428571428571428571428,1.015542857142857142857142857142857,0.0,0.0,0.0,144.0000000000000669987190468165472,144.0000000000000669987190468165472,0E-38
2025-11-26T03:45:00Z,2025-11-26T05:45:00+02:00,0,0.2295828571428571428571428571428572,13.77497142857142857142857142857143,0.0,0.0,0.0,144.0000000000000669987190468165472,144.0000000000000669987190468165472,0E-37
2025-11-26T04:00:00Z,2025-11-26T06:00:00+02:00,d,0.04391428571428571428571428571428572,2.634857142857142857142857142857143,0.0,0.0,0.0,144.0000000000000669987190468165472,144.0000000000000669987190468165472,0E-38
2025-11-26T04:00:00Z,2025-11-26T06:00:00+02:00,u,0.004897142857142857142857142857142858,0.2938285714285714285714285714285715,0.0,0.0,0.0,144.0000000000000669987190468165472,144.0000000000000669987190468165472,0E-39
2025-11-26T04:00:00Z,2025-11-26T06:00:00+02:00,0,0.2011885714285714285714285714285714,12.07131428571428571428571428571428,0.0,0.0,0.0,144.0000000000000669987190468165472,144.0000000000000669987190468165472,0E-37
2025-11-26T04:15:00Z,2025-11-26T06:15:00+02:00,d,0.004748571428571428571428571428571428,0.2849142857142857142857142857142857,0.0,0.0,0.0,144.0000000000000669987190468165472,144.0000000000000669987190468165472,0E-39
2025-11-26T04:15:00Z,2025-11-26T06:15:00+02:00,u,0.001622857142857142857142857142857143,0.09737142857142857142857142857142858,0.0,0.0,0.0,144.0000000000000669987190468165472,144.0000000000000669987190468165472,0E-39
2025-11-26T04:15:00Z,2025-11-26T06:15:00+02:00,0,0.2436285714285714285714285714285714,14.61771428571428571428571428571428,0.0,0.0,0.0,144.0000000000000669987190468165472,144.0000000000000669987190468165472,0E-37
2025-11-26T04:30:00Z,2025-11-26T06:30:00+02:00,d,0.0045600,0.2736000,0.0,0.0,0.0,144.0000000000000669987190468165472,144.0000000000000669987190468165472,0E-10
2025-11-26T04:30:00Z,2025-11-26T06:30:00+02:00,u,0.002588571428571428571428571428571428,0.1553142857142857142857142857142857,0.0,0.0,0.0,144.0000000000000669987190468165472,144.0000000000000669987190468165472,0E-39
2025-11-26T04:30:00Z,2025-11-26T06:30:00+02:00,0,0.2428514285714285714285714285714286,14.57108571428571428571428571428572,0.0,0.0,0.0,144.0000000000000669987190468165472,144.0000000000000669987190468165472,0E-37
2025-11-26T04:45:00Z,2025-11-26T06:45:00+02:00,d,0.007245714285714285714285714285714285,0.4347428571428571428571428571428571,0.0,0.0,0.0,144.0000000000000669987190468165472,144.0000000000000669987190468165472,0E-39
2025-11-26T04:45:00Z,2025-11-26T06:45:00+02:00,u,0.00001142857142857142857142857142857143,0.0006857142857142857142857142857142858,0.0,0.0,0.0,144.0000000000000669987190468165472,144.0000000000000669987190468165472,0E-41
2025-11-26T04:45:00Z,2025-11-26T06:45:00+02:00,0,0.2427428571428571428571428571428572,14.56457142857142857142857142857143,0.0,0.0,0.0,144.0000000000000669987190468165472,144.0000000000000669987190468165472,0E-37
2025-11-26T05:00:00Z,2025-11-26T07:00:00+02:00,d,0.0042400,0.2544000,0.0,0.0,0.0,144.0000000000000669987190468165472,144.0000000000000669987190468165472,0E-10
2025-11-26T05:00:00Z,2025-11-26T07:00:00+02:00,u,0.0005771428571428571428571428571428572,0.03462857142857142857142857142857143,0.0,0.0,0.0,144.0000000000000669987190468165472,144.0000000000000669987190468165472,0E-40
2025-11-26T05:00:00Z,2025-11-26T07:00:00+02:00,0,0.2451828571428571428571428571428572,14.71097142857142857142857142857143,0.0,0.0,0.0,144.0000000000000669987190468165472,144.0000000000000669987190468165472,0E-37
2025-11-26T05:15:00Z,2025-11-26T07:15:00+02:00,d,0.00004571428571428571428571428571428572,0.002742857142857142857142857142857143,0.0,0.0,0.0,144.0000000000000669987190468165472,144.0000000000000669987190468165472,0E-41
2025-11-26T05:15:00Z,2025-11-26T07:15:00+02:00,u,0.04866857142857142857142857142857142,2.920114285714285714285714285714285,0.0,0.0,0.0,144.0000000000000669987190468165472,144.0000000000000669987190468165472,0E-38
2025-11-26T05:15:00Z,2025-11-26T07:15:00+02:00,0,0.2012857142857142857142857142857143,12.07714285714285714285714285714286,0.0,0.0,0.0,144.0000000000000669987190468165472,144.0000000000000669987190468165472,0E-37
2025-11-26T05:30:00Z,2025-11-26T07:30:00+02:00,d,0.0003828571428571428571428571428571428,0.02297142857142857142857142857142857,0.0,0.0,0.0,144.0000000000000669987190468165472,144.0000000000000669987190468165472,0E-40
2025-11-26T05:30:00Z,2025-11-26T07:30:00+02:00,u,0.008062857142857142857142857142857142,0.4837714285714285714285714285714285,0.0,0.0,0.0,144.0000000000000669987190468165472,144.0000000000000669987190468165472,0E-39
2025-11-26T05:30:00Z,2025-11-26T07:30:00+02:00,0,0.2415542857142857142857142857142857,14.49325714285714285714285714285714,0.0,0.0,0.0,144.0000000000000669987190468165472,144.0000000000000669987190468165472,0E-37
2025-11-26T05:45:00Z,2025-11-26T07:45:00+02:00,d,0.0008114285714285714285714285714285715,0.04868571428571428571428571428571429,0.0,0.0,0.0,144.0000000000000669987190468165472,144.0000000000000669987190468165472,0E-40
2025-11-26T05:45:00Z,2025-11-26T07:45:00+02:00,u,0.0029200,0.1752000,0.0,0.0,0.0,144.0000000000000669987190468165472,144.0000000000000669987190468165472,0E-10
2025-11-26T05:45:00Z,2025-11-26T07:45:00+02:00,0,0.2462685714285714285714285714285714,14.77611428571428571428571428571428,0.0,0.0,0.0,144.0000000000000669987190468165472,144.0000000000000669987190468165472,0E-37
2025-11-26T06:00:00Z,2025-11-26T08:00:00+02:00,d,0.003474285714285714285714285714285715,0.2084571428571428571428571428571429,0.0,0.0,0.0,144.0000000000000669987190468165472,144.0000000000000669987190468165472,0E-39
2025-11-26T06:00:00Z,2025-11-26T08:00:00+02:00,u,0.0001485714285714285714285714285714286,0.008914285714285714285714285714285716,0.0,0.0,0.0,144.0000000000000669987190468165472,144.0000000000000669987190468165472,0E-40
2025-11-26T06:00:00Z,2025-11-26T08:00:00+02:00,0,0.2463771428571428571428571428571428,14.78262857142857142857142857142857,0.0,0.0,0.0,144.0000000000000669987190468165472,144.0000000000000669987190468165472,0E-37
2025-11-26T06:15:00Z,2025-11-26T08:15:00+02:00,d,0.001257142857142857142857142857142857,0.07542857142857142857142857142857142,0.0,0.0,0.0,144.0000000000000669987190468165472,144.0000000000000669987190468165472,0E-39
2025-11-26T06:15:00Z,2025-11-26T08:15:00+02:00,u,0.00007428571428571428571428571428571428,0.004457142857142857142857142857142857,0.0,0.0,0.0,144.0000000000000669987190468165472,144.0000000000000669987190468165472,0E-41
2025-11-26T06:15:00Z,2025-11-26T08:15:00+02:00,0,0.2486685714285714285714285714285714,14.92011428571428571428571428571428,0.0,0.0,0.0,144.0000000000000669987190468165472,144.0000000000000669987190468165472,0E-37
2025-11-26T06:30:00Z,2025-11-26T08:30:00+02:00,d,0.08887428571428571428571428571428572,5.332457142857142857142857142857143,0.0,0.0,0.0,144.0000000000000669987190468165472,144.0000000000000669987190468165472,0E-38
2025-11-26T06:30:00Z,2025-11-26T08:30:00+02:00,0,0.1611257142857142857142857142857143,9.667542857142857142857142857142858,0.0,0.0,0.0,144.0000000000000669987190468165472,144.0000000000000669987190468165472,0E-37
2025-11-26T06:45:00Z,2025-11-26T08:45:00+02:00,d,0.1071485714285714285714285714285714,6.428914285714285714285714285714284,0.0,0.0,0.0,144.0000000000000669987190468165472,144.0000000000000669987190468165472,0E-37
2025-11-26T06:45:00Z,2025-11-26T08:45:00+02:00,0,0.1428514285714285714285714285714286,8.571085714285714285714285714285716,0.0,0.0,0.0,144.0000000000000669987190468165472,144.0000000000000669987190468165472,0E-37
2025-11-26T07:00:00Z,2025-11-26T09:00:00+02:00,d,0.024200,1.452000,-100.0,100.0,0,144.0000000000000669987190468165472,146.2264000000000669987190468165472,0.006184444444444444444444444444444444
2025-11-26T07:00:00Z,2025-11-26T09:00:00+02:00,0,0.225800,13.548000,0.0,0.0,0.0,146.2264000000000669987190468165472,146.2264000000000669987190468165472,0E-9
2025-11-26T07:15:00Z,2025-11-26T09:15:00+02:00,d,0.0019600,0.1176000,-100.0,100.0,0,146.2264000000000669987190468165472,146.4067200000000669987190468165472,0.0005008888888888888888888888888888889
2025-11-26T07:15:00Z,2025-11-26T09:15:00+02:00,u,0.03284571428571428571428571428571428,1.970742857142857142857142857142857,100.0,0,100.0,146.4067200000000669987190468165472,142.8365336645963402906445126550565,0.009917184265010351966873706004140786
2025-11-26T07:15:00Z,2025-11-26T09:15:00+02:00,0,0.2151942857142857142857142857142857,12.91165714285714285714285714285714,0.0,0.0,0.0,142.8365336645963402906445126550565,142.8365336645963402906445126550565,0E-37
2025-11-26T07:30:00Z,2025-11-26T09:30:00+02:00,u,0.1388800,8.3328000,100.0,0,100.0,142.8365336645963402906445126550565,127.7408814906832968123836430898391,0.04193236714975845410628019323671497
2025-11-26T07:30:00Z,2025-11-26T09:30:00+02:00,0,0.1111200,6.6672000,0.0,0.0,0.0,127.7408814906832968123836430898391,127.7408814906832968123836430898391,0E-10
2025-11-26T07:45:00Z,2025-11-26T09:45:00+02:00,u,0.08729142857142857142857142857142858,5.237485714285714285714285714285715,100.0,0,100.0,127.7408814906832968123836430898391,118.2526827329193216571041399842490,0.02635610766045548654244306418219462
2025-11-26T07:45:00Z,2025-11-26T09:45:00+02:00,0,0.1627085714285714285714285714285714,9.762514285714285714285714285714284,0.0,0.0,0.0,118.2526827329193216571041399842490,118.2526827329193216571041399842490,0E-37
2025-11-26T08:00:00Z,2025-11-26T10:00:00+02:00,NO_AFRR_OBLIGATION,0.25,15.00,0.0,0.0,0.0,118.2526827329193216571041399842490,118.2526827329193216571041399842490,0.00000
2025-11-26T08:15:00Z,2025-11-26T10:15:00+02:00,NO_AFRR_OBLIGATION,0.25,15.00,0.0,0.0,0.0,118.2526827329193216571041399842490,118.2526827329193216571041399842490,0.00000
2025-11-26T08:30:00Z,2025-11-26T10:30:00+02:00,NO_AFRR_OBLIGATION,0.25,15.00,0.0,0.0,0.0,118.2526827329193216571041399842490,118.2526827329193216571041399842490,0.00000
2025-11-26T08:45:00Z,2025-11-26T10:45:00+02:00,NO_AFRR_OBLIGATION,0.25,15.00,0.0,0.0,0.0,118.2526827329193216571041399842490,118.2526827329193216571041399842490,0.00000
2025-11-26T09:00:00Z,2025-11-26T11:00:00+02:00,d,0.01365142857142857142857142857142857,0.8190857142857142857142857142857142,0.0,0.0,0.0,118.2526827329193216571041399842490,118.2526827329193216571041399842490,0E-38
2025-11-26T09:00:00Z,2025-11-26T11:00:00+02:00,u,0.0008342857142857142857142857142857142,0.05005714285714285714285714285714285,0.0,0.0,0.0,118.2526827329193216571041399842490,118.2526827329193216571041399842490,0E-40
2025-11-26T09:00:00Z,2025-11-26T11:00:00+02:00,0,0.2355142857142857142857142857142857,14.13085714285714285714285714285714,0.0,0.0,0.0,118.2526827329193216571041399842490,118.2526827329193216571041399842490,0E-37
2025-11-26T09:15:00Z,2025-11-26T11:15:00+02:00,d,0.01901714285714285714285714285714286,1.141028571428571428571428571428572,0.0,0.0,0.0,118.2526827329193216571041399842490,118.2526827329193216571041399842490,0E-38
2025-11-26T09:15:00Z,2025-11-26T11:15:00+02:00,0,0.2309828571428571428571428571428572,13.85897142857142857142857142857143,0.0,0.0,0.0,118.2526827329193216571041399842490,118.2526827329193216571041399842490,0E-37
2025-11-26T09:30:00Z,2025-11-26T11:30:00+02:00,d,0.003800,0.228000,0.0,0.0,0.0,118.2526827329193216571041399842490,118.2526827329193216571041399842490,0E-9
2025-11-26T09:30:00Z,2025-11-26T11:30:00+02:00,u,0.0358400,2.1504000,0.0,0.0,0.0,118.2526827329193216571041399842490,118.2526827329193216571041399842490,0E-10
2025-11-26T09:30:00Z,2025-11-26T11:30:00+02:00,0,0.2103600,12.6216000,0.0,0.0,0.0,118.2526827329193216571041399842490,118.2526827329193216571041399842490,0E-10
2025-11-26T09:45:00Z,2025-11-26T11:45:00+02:00,d,0.009125714285714285714285714285714285,0.5475428571428571428571428571428571,0.0,0.0,0.0,118.2526827329193216571041399842490,118.2526827329193216571041399842490,0E-39
2025-11-26T09:45:00Z,2025-11-26T11:45:00+02:00,u,0.01544571428571428571428571428571428,0.9267428571428571428571428571428568,0.0,0.0,0.0,118.2526827329193216571041399842490,118.2526827329193216571041399842490,0E-38
2025-11-26T09:45:00Z,2025-11-26T11:45:00+02:00,0,0.2254285714285714285714285714285714,13.52571428571428571428571428571428,0.0,0.0,0.0,118.2526827329193216571041399842490,118.2526827329193216571041399842490,0E-37
2025-11-26T10:00:00Z,2025-11-26T12:00:00+02:00,NO_AFRR_OBLIGATION,0.25,15.00,0.0,0.0,0.0,118.2526827329193216571041399842490,118.2526827329193216571041399842490,0.00000
2025-11-26T10:15:00Z,2025-11-26T12:15:00+02:00,NO_AFRR_OBLIGATION,0.25,15.00,0.0,0.0,0.0,118.2526827329193216571041399842490,118.2526827329193216571041399842490,0.00000
2025-11-26T10:30:00Z,2025-11-26T12:30:00+02:00,NO_AFRR_OBLIGATION,0.25,15.00,0.0,0.0,0.0,118.2526827329193216571041399842490,118.2526827329193216571041399842490,0.00000
2025-11-26T10:45:00Z,2025-11-26T12:45:00+02:00,NO_AFRR_OBLIGATION,0.25,15.00,0.0,0.0,0.0,118.2526827329193216571041399842490,118.2526827329193216571041399842490,0.00000
2025-11-26T11:00:00Z,2025-11-26T13:00:00+02:00,u,0.1810228571428571428571428571428572,10.86137142857142857142857142857143,0.0,0.0,0.0,118.2526827329193216571041399842490,118.2526827329193216571041399842490,0E-37
2025-11-26T11:00:00Z,2025-11-26T13:00:00+02:00,0,0.06897714285714285714285714285714285,4.138628571428571428571428571428571,-100.0,100.0,0,118.2526827329193216571041399842490,124.5985798757764645142469971271061,0.01762749206349206349206349206349206
2025-11-26T11:15:00Z,2025-11-26T13:15:00+02:00,u,0.1633657142857142857142857142857143,9.801942857142857142857142857142858,0.0,0.0,0.0,124.5985798757764645142469971271061,124.5985798757764645142469971271061,0E-37
2025-11-26T11:15:00Z,2025-11-26T13:15:00+02:00,0,0.08663428571428571428571428571428572,5.198057142857142857142857142857143,-100.0,100.0,0,124.5985798757764645142469971271061,132.5689341614907502285327114128204,0.02213987301587301587301587301587302
2025-11-26T11:30:00Z,2025-11-26T13:30:00+02:00,u,0.1360628571428571428571428571428572,8.163771428571428571428571428571432,3.76942135871079,0,3.76942135871079,132.5689341614907502285327114128204,132.0114578138369451310792952637521,0.001548545410149458604037267080745342
2025-11-26T11:30:00Z,2025-11-26T13:30:00+02:00,0,0.1139371428571428571428571428571428,6.836228571428571428571428571428568,-96.23057864128921,96.23057864128921,0,132.0114578138369451310792952637521,142.0985560248447869227067238351807,0.02801971725279956053229841269841269
2025-11-26T11:45:00Z,2025-11-26T13:45:00+02:00,d,0.006085714285714285714285714285714285,0.3651428571428571428571428571428571,0.0,0.0,0.0,142.0985560248447869227067238351807,142.0985560248447869227067238351807,0E-39
2025-11-26T11:45:00Z,2025-11-26T13:45:00+02:00,u,0.007085714285714285714285714285714285,0.4251428571428571428571428571428571,100.0,0,100.0,142.0985560248447869227067238351807,141.3283696894410602146321896736900,0.002139406487232574189095928226363009
2025-11-26T11:45:00Z,2025-11-26T13:45:00+02:00,0,0.2368285714285714285714285714285714,14.20971428571428571428571428571428,0.0,0.0,0.0,141.3283696894410602146321896736900,141.3283696894410602146321896736900,0E-37
2025-11-26T12:00:00Z,2025-11-26T14:00:00+02:00,d,0.2161600,12.9696000,-100.0,100.0,0,141.3283696894410602146321896736900,161.2150896894410602146321896736900,0.05524088888888888888888888888888889
2025-11-26T12:00:00Z,2025-11-26T14:00:00+02:00,0,0.0338400,2.0304000,0.0,0.0,0.0,161.2150896894410602146321896736900,161.2150896894410602146321896736900,0E-10
2025-11-26T12:15:00Z,2025-11-26T14:15:00+02:00,d,0.0216800,1.3008000,-100.0,100.0,0,161.2150896894410602146321896736900,163.2096496894410602146321896736900,0.005540444444444444444444444444444444
2025-11-26T12:15:00Z,2025-11-26T14:15:00+02:00,u,0.0009142857142857142857142857142857142,0.05485714285714285714285714285714285,100.0,0,100.0,163.2096496894410602146321896736900,163.1102708074534825748806368786589,0.0002760524499654934437543133195307108
2025-11-26T12:15:00Z,2025-11-26T14:15:00+02:00,0,0.2274057142857142857142857142857143,13.64434285714285714285714285714286,0.0,0.0,0.0,163.1102708074534825748806368786589,163.1102708074534825748806368786589,0E-37
2025-11-26T12:30:00Z,2025-11-26T14:30:00+02:00,u,0.06433142857142857142857142857142858,3.859885714285714285714285714285715,100.0,0,100.0,163.1102708074534825748806368786589,156.1177242236025508978620033382862,0.01942374051069703243616287094547964
2025-11-26T12:30:00Z,2025-11-26T14:30:00+02:00,0,0.1856685714285714285714285714285714,11.14011428571428571428571428571428,0.0,0.0,0.0,156.1177242236025508978620033382862,156.1177242236025508978620033382862,0E-37
2025-11-26T12:45:00Z,2025-11-26T14:45:00+02:00,d,0.00005714285714285714285714285714285715,0.003428571428571428571428571428571429,-100.0,100.0,0,156.1177242236025508978620033382862,156.1229813664596937550048604811433,0.00001460317460317460317460317460317461
2025-11-26T12:45:00Z,2025-11-26T14:45:00+02:00,u,0.1115314285714285714285714285714286,6.691885714285714285714285714285716,100.0,0,100.0,156.1229813664596937550048604811433,144.0000000000000664258123138972924,0.03367494824016563146997929606625261
2025-11-26T12:45:00Z,2025-11-26T14:45:00+02:00,0,0.1384114285714285714285714285714286,8.304685714285714285714285714285716,0.0,0.0,0.0,144.0000000000000664258123138972924,144.0000000000000664258123138972924,0E-37
2025-11-26T13:00:00Z,2025-11-26T15:00:00+02:00,NO_AFRR_OBLIGATION,0.25,15.00,0.0,0.0,0.0,144.0000000000000664258123138972924,144.0000000000000664258123138972924,0.00000
2025-11-26T13:15:00Z,2025-11-26T15:15:00+02:00,NO_AFRR_OBLIGATION,0.25,15.00,0.0,0.0,0.0,144.0000000000000664258123138972924,144.0000000000000664258123138972924,0.00000
2025-11-26T13:30:00Z,2025-11-26T15:30:00+02:00,NO_AFRR_OBLIGATION,0.25,15.00,0.0,0.0,0.0,144.0000000000000664258123138972924,144.0000000000000664258123138972924,0.00000
2025-11-26T13:45:00Z,2025-11-26T15:45:00+02:00,NO_AFRR_OBLIGATION,0.25,15.00,0.0,0.0,0.0,144.0000000000000664258123138972924,144.0000000000000664258123138972924,0.00000
2025-11-26T14:00:00Z,2025-11-26T16:00:00+02:00,u,0.1145600,6.8736000,99.0,0,99.0,144.0000000000000664258123138972924,131.6723478260870229475514443320750,0.03424347826086956521739130434782608
2025-11-26T14:00:00Z,2025-11-26T16:00:00+02:00,0,0.1354400,8.1264000,0.0,0.0,0.0,131.6723478260870229475514443320750,131.6723478260870229475514443320750,0E-10
2025-11-26T14:15:00Z,2025-11-26T16:15:00+02:00,u,0.070400,4.224000,99.24747285942854091,0,99.24747285942854091,131.6723478260870229475514443320750,124.0777585985829259040036182451185,0.02109608118751138067652173913043479
2025-11-26T14:15:00Z,2025-11-26T16:15:00+02:00,0,0.179600,10.776000,0.24747285942854091,0,0.24747285942854091,124.0777585985829259040036182451185,124.0294475925466585698340530277272,0.0001341972389896314838043478260869565
2025-11-26T14:30:00Z,2025-11-26T16:30:00+02:00,d,0.02706857142857142857142857142857142,1.624114285714285714285714285714285,-99.0,99.0,0,124.0294475925466585698340530277272,126.4948530782609442841197673134415,0.006848348571428571428571428571428569
2025-11-26T14:30:00Z,2025-11-26T16:30:00+02:00,u,0.002285714285714285714285714285714286,0.1371428571428571428571428571428572,100.0,0,100.0,126.4948530782609442841197673134415,126.2464058732920001847408853258639,0.0006901311249137336093857832988267772
2025-11-26T14:30:00Z,2025-11-26T16:30:00+02:00,0,0.2206457142857142857142857142857143,13.23874285714285714285714285714286,1.0,0,1.0,126.2464058732920001847408853258639,126.0065735751553542220079660712055,0.0006662008281573498964803312629399586
2025-11-26T14:45:00Z,2025-11-26T16:45:00+02:00,d,0.2031657142857142857142857142857143,12.18994285714285714285714285714286,-99.0,99.0,0,126.0065735751553542220079660712055,144.5109068322982113648651089283484,0.05140092571428571428571428571428572
2025-11-26T14:45:00Z,2025-11-26T16:45:00+02:00,0,0.04683428571428571428571428571428572,2.810057142857142857142857142857143,1.0,0,1.0,144.5109068322982113648651089283484,144.4600000000000747189023760090937,0.0001414078674948240165631469979296067
2025-11-26T15:00:00Z,2025-11-26T17:00:00+02:00,NO_AFRR_OBLIGATION,0.25,15.00,0.0,0.0,0.0,144.4600000000000747189023760090937,144.4600000000000747189023760090937,0.00000
2025-11-26T15:15:00Z,2025-11-26T17:15:00+02:00,NO_AFRR_OBLIGATION,0.25,15.00,0.830857142857198,0,0.830857142857198,144.4600000000000747189023760090937,144.2342236024845317841197673134415,0.0006271566597653970410628019323671497
2025-11-26T15:30:00Z,2025-11-26T17:30:00+02:00,NO_AFRR_OBLIGATION,0.25,15.00,1.0,0,1.0,144.2342236024845317841197673134415,143.9624844720497491754241151395285,0.0007548309178743961352657004830917875
2025-11-26T15:45:00Z,2025-11-26T17:45:00+02:00,NO_AFRR_OBLIGATION,0.25,15.00,1.0,0,1.0,143.9624844720497491754241151395285,143.6907453416149665667284629656155,0.0007548309178743961352657004830917875
2025-11-26T16:00:00Z,2025-11-26T18:00:00+02:00,d,0.03323428571428571428571428571428572,1.994057142857142857142857142857143,0.0,0.0,0.0,143.6907453416149665667284629656155,143.6907453416149665667284629656155,0E-38
2025-11-26T16:00:00Z,2025-11-26T18:00:00+02:00,0,0.2167657142857142857142857142857143,13.00594285714285714285714285714286,87.0,0,87.0,143.6907453416149665667284629656155,123.1922484472050286785297052016403,0.05694026915113871635610766045548656
2025-11-26T16:15:00Z,2025-11-26T18:15:00+02:00,d,0.004422857142857142857142857142857142,0.2653714285714285714285714285714285,4E-14,0,4E-14,123.1922484472050286785297052016403,123.1922484472050284862315685556776,5.341614906832298136645962732919253E-19
2025-11-26T16:15:00Z,2025-11-26T18:15:00+02:00,u,0.0001257142857142857142857142857142857,0.007542857142857142857142857142857142,87.00000000000004,0,87.00000000000004,123.1922484472050284862315685556776,123.1803602484472645056104505432552,0.00003302277432712216839199447895100069
2025-11-26T16:15:00Z,2025-11-26T18:15:00+02:00,0,0.2454514285714285714285714285714286,14.72708571428571428571428571428572,87.00000000000004,0,87.00000000000004,123.1803602484472645056104505432552,99.96919254658389979654212756188874,0.06447546583850934641407867494824017
2025-11-26T16:30:00Z,2025-11-26T18:30:00+02:00,d,0.05873714285714285714285714285714285,3.524228571428571428571428571428571,0.0,0.0,0.0,99.96919254658389979654212756188874,99.96919254658389979654212756188874,0E-38
2025-11-26T16:30:00Z,2025-11-26T18:30:00+02:00,0,0.1912628571428571428571428571428572,11.47577142857142857142857142857143,87.0,0,87.0,99.96919254658389979654212756188874,81.88237888198762650461666172337942,0.05024114906832298136645962732919256
2025-11-26T16:45:00Z,2025-11-26T18:45:00+02:00,d,0.06457714285714285714285714285714285,3.874628571428571428571428571428571,0.0,0.0,0.0,81.88237888198762650461666172337942,81.88237888198762650461666172337942,0E-38
2025-11-26T16:45:00Z,2025-11-26T18:45:00+02:00,0,0.1854228571428571428571428571428572,11.12537142857142857142857142857143,87.0,0,87.0,81.88237888198762650461666172337942,64.34782608695657060399554371095705,0.04870709109730848861283643892339547
2025-11-26T17:00:00Z,2025-11-26T19:00:00+02:00,d,0.03565714285714285714285714285714285,2.139428571428571428571428571428571,0.0,0.0,0.0,64.34782608695657060399554371095705,64.34782608695657060399554371095705,0E-38
2025-11-26T17:00:00Z,2025-11-26T19:00:00+02:00,0,0.2143428571428571428571428571428572,12.86057142857142857142857142857143,0.0,0.0,0.0,64.34782608695657060399554371095705,64.34782608695657060399554371095705,0E-37
2025-11-26T17:15:00Z,2025-11-26T19:15:00+02:00,d,0.002314285714285714285714285714285714,0.1388571428571428571428571428571428,0.0,0.0,0.0,64.34782608695657060399554371095705,64.34782608695657060399554371095705,0E-39
2025-11-26T17:15:00Z,2025-11-26T19:15:00+02:00,u,0.0002171428571428571428571428571428572,0.01302857142857142857142857142857143,0.0,0.0,0.0,64.34782608695657060399554371095705,64.34782608695657060399554371095705,0E-40
2025-11-26T17:15:00Z,2025-11-26T19:15:00+02:00,0,0.2474685714285714285714285714285714,14.84811428571428571428571428571428,0.0,0.0,0.0,64.34782608695657060399554371095705,64.34782608695657060399554371095705,0E-37
2025-11-26T17:30:00Z,2025-11-26T19:30:00+02:00,d,0.0433200,2.5992000,0.0,0.0,0.0,64.34782608695657060399554371095705,64.34782608695657060399554371095705,0E-10
2025-11-26T17:30:00Z,2025-11-26T19:30:00+02:00,0,0.2066800,12.4008000,0.0,0.0,0.0,64.34782608695657060399554371095705,64.34782608695657060399554371095705,0E-10
2025-11-26T17:45:00Z,2025-11-26T19:45:00+02:00,d,0.03236571428571428571428571428571428,1.941942857142857142857142857142857,0.0,0.0,0.0,64.34782608695657060399554371095705,64.34782608695657060399554371095705,0E-38
2025-11-26T17:45:00Z,2025-11-26T19:45:00+02:00,0,0.2176342857142857142857142857142857,13.05805714285714285714285714285714,0.0,0.0,0.0,64.34782608695657060399554371095705,64.34782608695657060399554371095705,0E-37
2025-11-26T18:00:00Z,2025-11-26T20:00:00+02:00,d,0.2337885714285714285714285714285714,14.02731428571428571428571428571428,1E-13,0,1E-13,64.34782608695657060399554371095705,64.34782608695654519219430147493221,7.058833678398895790200138026224983E-17
2025-11-26T18:00:00Z,2025-11-26T20:00:00+02:00,0,0.01621142857142857142857142857142858,0.9726857142857142857142857142857148,100.0000000000001,0,100.0000000000001,64.34782608695654519219430147493221,62.58571428571430740523777973580177,0.004894755003450660519323671497584544
2025-11-26T18:15:00Z,2025-11-26T20:15:00+02:00,d,0.1949028571428571428571428571428572,11.69417142857142857142857142857143,1E-14,0,1E-14,62.58571428571430740523777973580177,62.58571428571430528672846296561543,5.884748102139406487232574189095931E-18
2025-11-26T18:15:00Z,2025-11-26T20:15:00+02:00,0,0.05509714285714285714285714285714285,3.305828571428571428571428571428571,100.00000000000001,0,100.00000000000001,62.58571428571430528672846296561543,56.59689440993790717231852507741668,0.01663561076604555031780538302277432
2025-11-26T18:30:00Z,2025-11-26T20:30:00+02:00,d,0.1917600,11.5056000,-0.79204211293998,0.79204211293998,0,56.59689440993790717231852507741668,56.73662584586908809193452507741668,0.00038814287758661366560
2025-11-26T18:30:00Z,2025-11-26T20:30:00+02:00,0,0.0582400,3.4944000,99.20795788706002,0,99.20795788706002,56.73662584586908809193452507741668,50.45633077267085378236930768611233,0.01744526409221731752657004830917874
2025-11-26T18:45:00Z,2025-11-26T20:45:00+02:00,d,0.1363600,8.1816000,-100.0,100.0,0,50.45633077267085378236930768611233,63.00145077267085378236930768611233,0.03484755555555555555555555555555556
2025-11-26T18:45:00Z,2025-11-26T20:45:00+02:00,0,0.1136400,6.8184000,0.0,0.0,0.0,63.00145077267085378236930768611233,63.00145077267085378236930768611233,0E-10
2025-11-26T19:00:00Z,2025-11-26T21:00:00+02:00,d,0.1476685714285714285714285714285714,8.860114285714285714285714285714284,-3.0,3.0,0,63.00145077267085378236930768611233,63.40901602981371092522645054325519,0.001132125714285714285714285714285714
2025-11-26T19:00:00Z,2025-11-26T21:00:00+02:00,0,0.1023314285714285714285714285714286,6.139885714285714285714285714285716,0.0,0.0,0.0,63.40901602981371092522645054325519,63.40901602981371092522645054325519,0E-37
2025-11-26T19:15:00Z,2025-11-26T21:15:00+02:00,d,0.1056914285714285714285714285714286,6.341485714285714285714285714285716,-3.0,3.0,0,63.40901602981371092522645054325519,63.70072437267085378236930768611233,0.0008103009523809523809523809523809525
2025-11-26T19:15:00Z,2025-11-26T21:15:00+02:00,0,0.1443085714285714285714285714285714,8.658514285714285714285714285714284,0.0,0.0,0.0,63.70072437267085378236930768611233,63.70072437267085378236930768611233,0E-37
2025-11-26T19:30:00Z,2025-11-26T21:30:00+02:00,d,0.1523657142857142857142857142857143,9.141942857142857142857142857142858,-3.0,3.0,0,63.70072437267085378236930768611233,64.12125374409942521094073625754090,0.001168137142857142857142857142857143
2025-11-26T19:30:00Z,2025-11-26T21:30:00+02:00,0,0.09763428571428571428571428571428572,5.858057142857142857142857142857143,0.0,0.0,0.0,64.12125374409942521094073625754090,64.12125374409942521094073625754090,0E-38
2025-11-26T19:45:00Z,2025-11-26T21:45:00+02:00,d,0.08209142857142857142857142857142858,4.925485714285714285714285714285715,-3.0,3.0,0,64.12125374409942521094073625754090,64.34782608695656806808359340039804,0.0006293676190476190476190476190476192
2025-11-26T19:45:00Z,2025-11-26T21:45:00+02:00,0,0.1679085714285714285714285714285714,10.07451428571428571428571428571428,0.0,0.0,0.0,64.34782608695656806808359340039804,64.34782608695656806808359340039804,0E-37
2025-11-26T20:00:00Z,2025-11-26T22:00:00+02:00,d,0.0519600,3.1176000,0.0,0.0,0.0,64.34782608695656806808359340039804,64.34782608695656806808359340039804,0E-10
2025-11-26T20:00:00Z,2025-11-26T22:00:00+02:00,0,0.1980400,11.8824000,0.0,0.0,0.0,64.34782608695656806808359340039804,64.34782608695656806808359340039804,0E-10
2025-11-26T20:15:00Z,2025-11-26T22:15:00+02:00,d,0.01833142857142857142857142857142857,1.099885714285714285714285714285714,0.0,0.0,0.0,64.34782608695656806808359340039804,64.34782608695656806808359340039804,0E-38
2025-11-26T20:15:00Z,2025-11-26T22:15:00+02:00,0,0.2316685714285714285714285714285714,13.90011428571428571428571428571428,0.0,0.0,0.0,64.34782608695656806808359340039804,64.34782608695656806808359340039804,0E-37
2025-11-26T20:30:00Z,2025-11-26T22:30:00+02:00,d,0.05998285714285714285714285714285715,3.598971428571428571428571428571429,0.0,0.0,0.0,64.34782608695656806808359340039804,64.34782608695656806808359340039804,0E-38
2025-11-26T20:30:00Z,2025-11-26T22:30:00+02:00,0,0.1900171428571428571428571428571428,11.40102857142857142857142857142857,0.0,0.0,0.0,64.34782608695656806808359340039804,64.34782608695656806808359340039804,0E-37
2025-11-26T20:45:00Z,2025-11-26T22:45:00+02:00,d,0.05922285714285714285714285714285715,3.553371428571428571428571428571429,0.0,0.0,0.0,64.34782608695656806808359340039804,64.34782608695656806808359340039804,0E-38
2025-11-26T20:45:00Z,2025-11-26T22:45:00+02:00,0,0.1907771428571428571428571428571428,11.44662857142857142857142857142857,0.0,0.0,0.0,64.34782608695656806808359340039804,64.34782608695656806808359340039804,0E-37
2025-11-26T21:00:00Z,2025-11-26T23:00:00+02:00,d,0.1137885714285714285714285714285714,6.827314285714285714285714285714284,0.0,0.0,0.0,64.34782608695656806808359340039804,64.34782608695656806808359340039804,0E-37
2025-11-26T21:00:00Z,2025-11-26T23:00:00+02:00,0,0.1362114285714285714285714285714286,8.172685714285714285714285714285716,0.0,0.0,0.0,64.34782608695656806808359340039804,64.34782608695656806808359340039804,0E-37
2025-11-26T21:15:00Z,2025-11-26T23:15:00+02:00,d,0.03067428571428571428571428571428572,1.840457142857142857142857142857143,0.0,0.0,0.0,64.34782608695656806808359340039804,64.34782608695656806808359340039804,0E-38
2025-11-26T21:15:00Z,2025-11-26T23:15:00+02:00,u,0.00001714285714285714285714285714285714,0.001028571428571428571428571428571428,0.0,0.0,0.0,64.34782608695656806808359340039804,64.34782608695656806808359340039804,0E-41
2025-11-26T21:15:00Z,2025-11-26T23:15:00+02:00,0,0.2193085714285714285714285714285714,13.15851428571428571428571428571428,0.0,0.0,0.0,64.34782608695656806808359340039804,64.34782608695656806808359340039804,0E-37
2025-11-26T21:30:00Z,2025-11-26T23:30:00+02:00,d,0.009662857142857142857142857142857142,0.5797714285714285714285714285714285,0.0,0.0,0.0,64.34782608695656806808359340039804,64.34782608695656806808359340039804,0E-39
2025-11-26T21:30:00Z,2025-11-26T23:30:00+02:00,u,0.0002857142857142857142857142857142858,0.01714285714285714285714285714285715,0.0,0.0,0.0,64.34782608695656806808359340039804,64.34782608695656806808359340039804,0E-40
2025-11-26T21:30:00Z,2025-11-26T23:30:00+02:00,0,0.2400514285714285714285714285714286,14.40308571428571428571428571428572,0.0,0.0,0.0,64.34782608695656806808359340039804,64.34782608695656806808359340039804,0E-37
2025-11-26T21:45:00Z,2025-11-26T23:45:00+02:00,d,0.04965714285714285714285714285714285,2.979428571428571428571428571428571,0.0,0.0,0.0,64.34782608695656806808359340039804,64.34782608695656806808359340039804,0E-38
2025-11-26T21:45:00Z,2025-11-26T23:45:00+02:00,u,0.0003428571428571428571428571428571428,0.02057142857142857142857142857142857,0.0,0.0,0.0,64.34782608695656806808359340039804,64.34782608695656806808359340039804,0E-40
2025-11-26T21:45:00Z,2025-11-26T23:45:00+02:00,0,0.2000000000000000000000000000000000,12.00000000000000000000000000000000,0.0,0.0,0.0,64.34782608695656806808359340039804,64.34782608695656806808359340039804,0E-37
2025-11-26T22:00:00Z,2025-11-27T00:00:00+02:00,d,0.02577142857142857142857142857142858,1.546285714285714285714285714285715,0.0,0.0,0.0,64.34782608695656806808359340039804,64.34782608695656806808359340039804,0E-38
2025-11-26T22:00:00Z,2025-11-27T00:00:00+02:00,u,0.01430857142857142857142857142857143,0.8585142857142857142857142857142858,0.0,0.0,0.0,64.34782608695656806808359340039804,64.34782608695656806808359340039804,0E-38
2025-11-26T22:00:00Z,2025-11-27T00:00:00+02:00,0,0.2099200000000000000000000000000000,12.59520000000000000000000000000000,0.0,0.0,0.0,64.34782608695656806808359340039804,64.34782608695656806808359340039804,0E-37
2025-11-26T22:15:00Z,2025-11-27T00:15:00+02:00,d,0.01029714285714285714285714285714286,0.6178285714285714285714285714285716,0.0,0.0,0.0,64.34782608695656806808359340039804,64.34782608695656806808359340039804,0E-38
2025-11-26T22:15:00Z,2025-11-27T00:15:00+02:00,0,0.2397028571428571428571428571428572,14.38217142857142857142857142857143,0.0,0.0,0.0,64.34782608695656806808359340039804,64.34782608695656806808359340039804,0E-37
2025-11-26T22:30:00Z,2025-11-27T00:30:00+02:00,d,0.1669714285714285714285714285714286,10.01828571428571428571428571428572,0.0,0.0,0.0,64.34782608695656806808359340039804,64.34782608695656806808359340039804,0E-37
2025-11-26T22:30:00Z,2025-11-27T00:30:00+02:00,0,0.08302857142857142857142857142857142,4.981714285714285714285714285714285,0.0,0.0,0.0,64.34782608695656806808359340039804,64.34782608695656806808359340039804,0E-38
2025-11-26T22:45:00Z,2025-11-27T00:45:00+02:00,d,0.1718285714285714285714285714285714,10.30971428571428571428571428571428,0.0,0.0,0.0,64.34782608695656806808359340039804,64.34782608695656806808359340039804,0E-37
2025-11-26T22:45:00Z,2025-11-27T00:45:00+02:00,0,0.07817142857142857142857142857142858,4.690285714285714285714285714285715,0.0,0.0,0.0,64.34782608695656806808359340039804,64.34782608695656806808359340039804,0E-38
2025-11-26T23:00:00Z,2025-11-27T01:00:00+02:00,d,0.0402400,2.4144000,0.0,0.0,0.0,64.34782608695656806808359340039804,64.34782608695656806808359340039804,0E-10
2025-11-26T23:00:00Z,2025-11-27T01:00:00+02:00,0,0.2097600,12.5856000,0.0,0.0,0.0,64.34782608695656806808359340039804,64.34782608695656806808359340039804,0E-10
2025-11-26T23:15:00Z,2025-11-27T01:15:00+02:00,d,0.001457142857142857142857142857142857,0.08742857142857142857142857142857142,0.0,0.0,0.0,64.34782608695656806808359340039804,64.34782608695656806808359340039804,0E-39
2025-11-26T23:15:00Z,2025-11-27T01:15:00+02:00,u,0.03130857142857142857142857142857142,1.878514285714285714285714285714285,0.0,0.0,0.0,64.34782608695656806808359340039804,64.34782608695656806808359340039804,0E-38
2025-11-26T23:15:00Z,2025-11-27T01:15:00+02:00,0,0.2172342857142857142857142857142857,13.03405714285714285714285714285714,0.0,0.0,0.0,64.34782608695656806808359340039804,64.34782608695656806808359340039804,0E-37
2025-11-26T23:30:00Z,2025-11-27T01:30:00+02:00,u,0.02186857142857142857142857142857143,1.312114285714285714285714285714286,0.0,0.0,0.0,64.34782608695656806808359340039804,64.34782608695656806808359340039804,0E-38
2025-11-26T23:30:00Z,2025-11-27T01:30:00+02:00,0,0.2281314285714285714285714285714286,13.68788571428571428571428571428572,0.0,0.0,0.0,64.34782608695656806808359340039804,64.34782608695656806808359340039804,0E-37
2025-11-26T23:45:00Z,2025-11-27T01:45:00+02:00,u,0.1025828571428571428571428571428572,6.154971428571428571428571428571432,0.0,0.0,0.0,64.34782608695656806808359340039804,64.34782608695656806808359340039804,0E-37
2025-11-26T23:45:00Z,2025-11-27T01:45:00+02:00,0,0.1474171428571428571428571428571428,8.845028571428571428571428571428568,0.0,0.0,0.0,64.34782608695656806808359340039804,64.34782608695656806808359340039804,0E-37
2025-11-27T00:00:00Z,2025-11-27T02:00:00+02:00,u,0.05891428571428571428571428571428572,3.534857142857142857142857142857143,0.0,0.0,0.0,64.34782608695656806808359340039804,64.34782608695656806808359340039804,0E-38
2025-11-27T00:00:00Z,2025-11-27T02:00:00+02:00,0,0.1910857142857142857142857142857143,11.46514285714285714285714285714286,0.0,0.0,0.0,64.34782608695656806808359340039804,64.34782608695656806808359340039804,0E-37
2025-11-27T00:15:00Z,2025-11-27T02:15:00+02:00,d,0.0001028571428571428571428571428571428,0.006171428571428571428571428571428568,0.0,0.0,0.0,64.34782608695656806808359340039804,64.34782608695656806808359340039804,0E-40
2025-11-27T00:15:00Z,2025-11-27T02:15:00+02:00,u,0.001257142857142857142857142857142857,0.07542857142857142857142857142857142,0.0,0.0,0.0,64.34782608695656806808359340039804,64.34782608695656806808359340039804,0E-39
2025-11-27T00:15:00Z,2025-11-27T02:15:00+02:00,0,0.2486400000000000000000000000000000,14.91840000000000000000000000000000,0.0,0.0,0.0,64.34782608695656806808359340039804,64.34782608695656806808359340039804,0E-37
2025-11-27T00:30:00Z,2025-11-27T02:30:00+02:00,d,0.001205714285714285714285714285714286,0.07234285714285714285714285714285716,0.0,0.0,0.0,64.34782608695656806808359340039804,64.34782608695656806808359340039804,0E-39
2025-11-27T00:30:00Z,2025-11-27T02:30:00+02:00,u,0.001382857142857142857142857142857143,0.08297142857142857142857142857142858,0.0,0.0,0.0,64.34782608695656806808359340039804,64.34782608695656806808359340039804,0E-39
2025-11-27T00:30:00Z,2025-11-27T02:30:00+02:00,0,0.2474114285714285714285714285714286,14.84468571428571428571428571428572,0.0,0.0,0.0,64.34782608695656806808359340039804,64.34782608695656806808359340039804,0E-37
2025-11-27T00:45:00Z,2025-11-27T02:45:00+02:00,d,0.0002971428571428571428571428571428572,0.01782857142857142857142857142857143,0.0,0.0,0.0,64.34782608695656806808359340039804,64.34782608695656806808359340039804,0E-40
2025-11-27T00:45:00Z,2025-11-27T02:45:00+02:00,u,0.0230800,1.3848000,0.0,0.0,0.0,64.34782608695656806808359340039804,64.34782608695656806808359340039804,0E-10
2025-11-27T00:45:00Z,2025-11-27T02:45:00+02:00,0,0.2266228571428571428571428571428572,13.59737142857142857142857142857143,0.0,0.0,0.0,64.34782608695656806808359340039804,64.34782608695656806808359340039804,0E-37
2025-11-27T01:00:00Z,2025-11-27T03:00:00+02:00,d,0.001125714285714285714285714285714286,0.06754285714285714285714285714285716,-100.0,100.0,0,64.34782608695656806808359340039804,64.45139180124228235379787911468375,0.0002876825396825396825396825396825397
2025-11-27T01:00:00Z,2025-11-27T03:00:00+02:00,u,0.0002628571428571428571428571428571428,0.01577142857142857142857142857142857,0.0,0.0,0.0,64.45139180124228235379787911468375,64.45139180124228235379787911468375,0E-40
2025-11-27T01:00:00Z,2025-11-27T03:00:00+02:00,0,0.2486114285714285714285714285714286,14.91668571428571428571428571428572,-100.0,100.0,0,64.45139180124228235379787911468375,87.32364322981371092522645054325518,0.06353403174603174603174603174603175
2025-11-27T01:15:00Z,2025-11-27T03:15:00+02:00,u,0.0683600,4.1016000,0.0,0.0,0.0,87.32364322981371092522645054325518,87.32364322981371092522645054325518,0E-10
2025-11-27T01:15:00Z,2025-11-27T03:15:00+02:00,0,0.1816400,10.8984000,-100.0,100.0,0,87.32364322981371092522645054325518,104.0345232298137109252264505432552,0.04641911111111111111111111111111111
2025-11-27T01:30:00Z,2025-11-27T03:30:00+02:00,u,0.1464057142857142857142857142857143,8.784342857142857142857142857142858,0.0,0.0,0.0,104.0345232298137109252264505432552,104.0345232298137109252264505432552,0E-37
2025-11-27T01:30:00Z,2025-11-27T03:30:00+02:00,0,0.1035942857142857142857142857142857,6.215657142857142857142857142857142,-100.0,100.0,0,104.0345232298137109252264505432552,113.5651975155279966395121648289695,0.02647409523809523809523809523809523
2025-11-27T01:45:00Z,2025-11-27T03:45:00+02:00,u,0.1316228571428571428571428571428572,7.897371428571428571428571428571432,0.0,0.0,0.0,113.5651975155279966395121648289695,113.5651975155279966395121648289695,0E-37
2025-11-27T01:45:00Z,2025-11-27T03:45:00+02:00,0,0.1183771428571428571428571428571428,7.102628571428571428571428571428568,-100.0,100.0,0,113.5651975155279966395121648289695,124.4558946583851394966550219718266,0.0302519365079365079365079365079365
2025-11-27T02:00:00Z,2025-11-27T04:00:00+02:00,d,0.0001600,0.0096000,0.0,0.0,0.0,124.4558946583851394966550219718266,124.4558946583851394966550219718266,0E-10
2025-11-27T02:00:00Z,2025-11-27T04:00:00+02:00,u,0.04869142857142857142857142857142858,2.921485714285714285714285714285715,0.0,0.0,0.0,124.4558946583851394966550219718266,124.4558946583851394966550219718266,0E-38
2025-11-27T02:00:00Z,2025-11-27T04:00:00+02:00,0,0.2011485714285714285714285714285714,12.06891428571428571428571428571428,0.0,0.0,0.0,124.4558946583851394966550219718266,124.4558946583851394966550219718266,0E-37
2025-11-27T02:15:00Z,2025-11-27T04:15:00+02:00,u,0.01262857142857142857142857142857143,0.7577142857142857142857142857142858,0.0,0.0,0.0,124.4558946583851394966550219718266,124.4558946583851394966550219718266,0E-38
2025-11-27T02:15:00Z,2025-11-27T04:15:00+02:00,0,0.2373714285714285714285714285714286,14.24228571428571428571428571428572,0.0,0.0,0.0,124.4558946583851394966550219718266,124.4558946583851394966550219718266,0E-37
2025-11-27T02:30:00Z,2025-11-27T04:30:00+02:00,u,0.03962285714285714285714285714285715,2.377371428571428571428571428571429,0.0,0.0,0.0,124.4558946583851394966550219718266,124.4558946583851394966550219718266,0E-38
2025-11-27T02:30:00Z,2025-11-27T04:30:00+02:00,0,0.2103771428571428571428571428571428,12.62262857142857142857142857142857,0.0,0.0,0.0,124.4558946583851394966550219718266,124.4558946583851394966550219718266,0E-37
2025-11-27T02:45:00Z,2025-11-27T04:45:00+02:00,d,0.0009200,0.0552000,0.0,0.0,0.0,124.4558946583851394966550219718266,124.4558946583851394966550219718266,0E-10
2025-11-27T02:45:00Z,2025-11-27T04:45:00+02:00,u,0.001565714285714285714285714285714286,0.09394285714285714285714285714285716,0.0,0.0,0.0,124.4558946583851394966550219718266,124.4558946583851394966550219718266,0E-39
2025-11-27T02:45:00Z,2025-11-27T04:45:00+02:00,0,0.2475142857142857142857142857142857,14.85085714285714285714285714285714,0.0,0.0,0.0,124.4558946583851394966550219718266,124.4558946583851394966550219718266,0E-37
2025-11-27T03:00:00Z,2025-11-27T05:00:00+02:00,d,0.0003028571428571428571428571428571428,0.01817142857142857142857142857142857,0.0,0.0,0.0,124.4558946583851394966550219718266,124.4558946583851394966550219718266,0E-40
2025-11-27T03:00:00Z,2025-11-27T05:00:00+02:00,u,0.003297142857142857142857142857142858,0.1978285714285714285714285714285715,0.0,0.0,0.0,124.4558946583851394966550219718266,124.4558946583851394966550219718266,0E-39
2025-11-27T03:00:00Z,2025-11-27T05:00:00+02:00,0,0.2464000000000000000000000000000000,14.78400000000000000000000000000000,0.0,0.0,0.0,124.4558946583851394966550219718266,124.4558946583851394966550219718266,0E-37
2025-11-27T03:15:00Z,2025-11-27T05:15:00+02:00,d,0.001057142857142857142857142857142857,0.06342857142857142857142857142857142,0.0,0.0,0.0,124.4558946583851394966550219718266,124.4558946583851394966550219718266,0E-39
2025-11-27T03:15:00Z,2025-11-27T05:15:00+02:00,u,0.002777142857142857142857142857142858,0.1666285714285714285714285714285715,0.0,0.0,0.0,124.4558946583851394966550219718266,124.4558946583851394966550219718266,0E-39
2025-11-27T03:15:00Z,2025-11-27T05:15:00+02:00,0,0.2461657142857142857142857142857143,14.76994285714285714285714285714286,0.0,0.0,0.0,124.4558946583851394966550219718266,124.4558946583851394966550219718266,0E-37
2025-11-27T03:30:00Z,2025-11-27T05:30:00+02:00,u,0.009565714285714285714285714285714285,0.5739428571428571428571428571428571,0.0,0.0,0.0,124.4558946583851394966550219718266,124.4558946583851394966550219718266,0E-39
2025-11-27T03:30:00Z,2025-11-27T05:30:00+02:00,0,0.2404342857142857142857142857142857,14.42605714285714285714285714285714,0.0,0.0,0.0,124.4558946583851394966550219718266,124.4558946583851394966550219718266,0E-37
2025-11-27T03:45:00Z,2025-11-27T05:45:00+02:00,u,0.03846285714285714285714285714285715,2.307771428571428571428571428571429,0.0,0.0,0.0,124.4558946583851394966550219718266,124.4558946583851394966550219718266,0E-38
2025-11-27T03:45:00Z,2025-11-27T05:45:00+02:00,0,0.2115371428571428571428571428571428,12.69222857142857142857142857142857,0.0,0.0,0.0,124.4558946583851394966550219718266,124.4558946583851394966550219718266,0E-37
2025-11-27T04:00:00Z,2025-11-27T06:00:00+02:00,d,0.0001485714285714285714285714285714286,0.008914285714285714285714285714285716,0.0,0.0,0.0,124.4558946583851394966550219718266,124.4558946583851394966550219718266,0E-40
2025-11-27T04:00:00Z,2025-11-27T06:00:00+02:00,u,0.06563428571428571428571428571428572,3.938057142857142857142857142857143,0.0,0.0,0.0,124.4558946583851394966550219718266,124.4558946583851394966550219718266,0E-38
2025-11-27T04:00:00Z,2025-11-27T06:00:00+02:00,0,0.1842171428571428571428571428571428,11.05302857142857142857142857142857,0.0,0.0,0.0,124.4558946583851394966550219718266,124.4558946583851394966550219718266,0E-37
2025-11-27T04:15:00Z,2025-11-27T06:15:00+02:00,u,0.1050400,6.3024000,0.0,0.0,0.0,124.4558946583851394966550219718266,124.4558946583851394966550219718266,0E-10
2025-11-27T04:15:00Z,2025-11-27T06:15:00+02:00,0,0.1449600,8.6976000,0.0,0.0,0.0,124.4558946583851394966550219718266,124.4558946583851394966550219718266,0E-10
2025-11-27T04:30:00Z,2025-11-27T06:30:00+02:00,u,0.08680571428571428571428571428571428,5.208342857142857142857142857142857,0.0,0.0,0.0,124.4558946583851394966550219718266,124.4558946583851394966550219718266,0E-38
2025-11-27T04:30:00Z,2025-11-27T06:30:00+02:00,0,0.1631942857142857142857142857142857,9.791657142857142857142857142857142,0.0,0.0,0.0,124.4558946583851394966550219718266,124.4558946583851394966550219718266,0E-37
2025-11-27T04:45:00Z,2025-11-27T06:45:00+02:00,u,0.05646285714285714285714285714285715,3.387771428571428571428571428571429,0.0,0.0,0.0,124.4558946583851394966550219718266,124.4558946583851394966550219718266,0E-38
2025-11-27T04:45:00Z,2025-11-27T06:45:00+02:00,0,0.1935371428571428571428571428571428,11.61222857142857142857142857142857,0.0,0.0,0.0,124.4558946583851394966550219718266,124.4558946583851394966550219718266,0E-37
2025-11-27T05:00:00Z,2025-11-27T07:00:00+02:00,d,0.001074285714285714285714285714285714,0.06445714285714285714285714285714284,-100.0,100.0,0,124.4558946583851394966550219718266,124.5547289440994252109407362575409,0.0002745396825396825396825396825396825
2025-11-27T05:00:00Z,2025-11-27T07:00:00+02:00,u,0.09336571428571428571428571428571428,5.601942857142857142857142857142857,0.0,0.0,0.0,124.5547289440994252109407362575409,124.5547289440994252109407362575409,0E-38
2025-11-27T05:00:00Z,2025-11-27T07:00:00+02:00,0,0.1555600000000000000000000000000000,9.333600000000000000000000000000000,-100.0,100.0,0,124.5547289440994252109407362575409,138.8662489440994252109407362575409,0.03975422222222222222222222222222222
2025-11-27T05:15:00Z,2025-11-27T07:15:00+02:00,u,0.1094400,6.5664000,100.0,0,100.0,138.8662489440994252109407362575409,126.9705967701863817326798666923235,0.03304347826086956521739130434782608
2025-11-27T05:15:00Z,2025-11-27T07:15:00+02:00,0,0.1405600,8.4336000,0.0,0.0,0.0,126.9705967701863817326798666923235,126.9705967701863817326798666923235,0E-10
2025-11-27T05:30:00Z,2025-11-27T07:30:00+02:00,u,0.0586800,3.5208000,100.0,0,100.0,126.9705967701863817326798666923235,120.5923359006211643413755188662365,0.01771739130434782608695652173913044
2025-11-27T05:30:00Z,2025-11-27T07:30:00+02:00,0,0.1913200,11.4792000,0.0,0.0,0.0,120.5923359006211643413755188662365,120.5923359006211643413755188662365,0E-10
2025-11-27T05:45:00Z,2025-11-27T07:45:00+02:00,u,0.06753714285714285714285714285714285,4.052228571428571428571428571428571,100.0,0,100.0,120.5923359006211643413755188662365,113.2513421118012885649780033382862,0.02039164941338854382332643202208419
2025-11-27T05:45:00Z,2025-11-27T07:45:00+02:00,0,0.1824628571428571428571428571428572,10.94777142857142857142857142857143,0.0,0.0,0.0,113.2513421118012885649780033382862,113.2513421118012885649780033382862,0E-37
2025-11-27T06:00:00Z,2025-11-27T08:00:00+02:00,d,0.00009714285714285714285714285714285715,0.005828571428571428571428571428571429,0.0,0.0,0.0,113.2513421118012885649780033382862,113.2513421118012885649780033382862,0E-41
2025-11-27T06:00:00Z,2025-11-27T08:00:00+02:00,u,0.05579428571428571428571428571428572,3.347657142857142857142857142857143,0.0,0.0,0.0,113.2513421118012885649780033382862,113.2513421118012885649780033382862,0E-38
2025-11-27T06:00:00Z,2025-11-27T08:00:00+02:00,0,0.1941085714285714285714285714285714,11.64651428571428571428571428571428,0.0,0.0,0.0,113.2513421118012885649780033382862,113.2513421118012885649780033382862,0E-37
2025-11-27T06:15:00Z,2025-11-27T08:15:00+02:00,d,0.003714285714285714285714285714285715,0.2228571428571428571428571428571429,0.0,0.0,0.0,113.2513421118012885649780033382862,113.2513421118012885649780033382862,0E-39
2025-11-27T06:15:00Z,2025-11-27T08:15:00+02:00,u,0.02866285714285714285714285714285715,1.719771428571428571428571428571429,0.0,0.0,0.0,113.2513421118012885649780033382862,113.2513421118012885649780033382862,0E-38
2025-11-27T06:15:00Z,2025-11-27T08:15:00+02:00,0,0.2176228571428571428571428571428571,13.05737142857142857142857142857143,0.0,0.0,0.0,113.2513421118012885649780033382862,113.2513421118012885649780033382862,0E-37
2025-11-27T06:30:00Z,2025-11-27T08:30:00+02:00,u,0.004897142857142857142857142857142858,0.2938285714285714285714285714285715,0.0,0.0,0.0,113.2513421118012885649780033382862,113.2513421118012885649780033382862,0E-39
2025-11-27T06:30:00Z,2025-11-27T08:30:00+02:00,0,0.2451028571428571428571428571428572,14.70617142857142857142857142857143,0.0,0.0,0.0,113.2513421118012885649780033382862,113.2513421118012885649780033382862,0E-37
2025-11-27T06:45:00Z,2025-11-27T08:45:00+02:00,d,0.002177142857142857142857142857142857,0.1306285714285714285714285714285714,0.0,0.0,0.0,113.2513421118012885649780033382862,113.2513421118012885649780033382862,0E-39
2025-11-27T06:45:00Z,2025-11-27T08:45:00+02:00,u,0.002097142857142857142857142857142857,0.1258285714285714285714285714285714,0.0,0.0,0.0,113.2513421118012885649780033382862,113.2513421118012885649780033382862,0E-39
2025-11-27T06:45:00Z,2025-11-27T08:45:00+02:00,0,0.2457257142857142857142857142857143,14.74354285714285714285714285714286,0.0,0.0,0.0,113.2513421118012885649780033382862,113.2513421118012885649780033382862,0E-37
2025-11-27T07:00:00Z,2025-11-27T09:00:00+02:00,d,0.0342800,2.0568000,0.0,0.0,0.0,113.2513421118012885649780033382862,113.2513421118012885649780033382862,0E-10
2025-11-27T07:00:00Z,2025-11-27T09:00:00+02:00,u,0.009462857142857142857142857142857142,0.5677714285714285714285714285714285,0.0,0.0,0.0,113.2513421118012885649780033382862,113.2513421118012885649780033382862,0E-39
2025-11-27T07:00:00Z,2025-11-27T09:00:00+02:00,0,0.2062571428571428571428571428571428,12.37542857142857142857142857142857,0.0,0.0,0.0,113.2513421118012885649780033382862,113.2513421118012885649780033382862,0E-37
2025-11-27T07:15:00Z,2025-11-27T09:15:00+02:00,u,0.05480571428571428571428571428571428,3.288342857142857142857142857142857,0.0,0.0,0.0,113.2513421118012885649780033382862,113.2513421118012885649780033382862,0E-38
2025-11-27T07:15:00Z,2025-11-27T09:15:00+02:00,0,0.1951942857142857142857142857142857,11.71165714285714285714285714285714,0.0,0.0,0.0,113.2513421118012885649780033382862,113.2513421118012885649780033382862,0E-37
2025-11-27T07:30:00Z,2025-11-27T09:30:00+02:00,d,0.00005142857142857142857142857142857142,0.003085714285714285714285714285714285,0.0,0.0,0.0,113.2513421118012885649780033382862,113.2513421118012885649780033382862,0E-41
2025-11-27T07:30:00Z,2025-11-27T09:30:00+02:00,u,0.02249714285714285714285714285714286,1.349828571428571428571428571428572,0.0,0.0,0.0,113.2513421118012885649780033382862,113.2513421118012885649780033382862,0E-38
2025-11-27T07:30:00Z,2025-11-27T09:30:00+02:00,0,0.2274514285714285714285714285714286,13.64708571428571428571428571428572,0.0,0.0,0.0,113.2513421118012885649780033382862,113.2513421118012885649780033382862,0E-37
2025-11-27T07:45:00Z,2025-11-27T09:45:00+02:00,d,0.02485142857142857142857142857142857,1.491085714285714285714285714285714,0.0,0.0,0.0,113.2513421118012885649780033382862,113.2513421118012885649780033382862,0E-38
2025-11-27T07:45:00Z,2025-11-27T09:45:00+02:00,u,0.002411428571428571428571428571428572,0.1446857142857142857142857142857143,0.0,0.0,0.0,113.2513421118012885649780033382862,113.2513421118012885649780033382862,0E-39
2025-11-27T07:45:00Z,2025-11-27T09:45:00+02:00,0,0.2227371428571428571428571428571428,13.36422857142857142857142857142857,0.0,0.0,0.0,113.2513421118012885649780033382862,113.2513421118012885649780033382862,0E-37
2025-11-27T08:00:00Z,2025-11-27T10:00:00+02:00,d,0.03649142857142857142857142857142858,2.189485714285714285714285714285715,0.0,0.0,0.0,113.2513421118012885649780033382862,113.2513421118012885649780033382862,0E-38
2025-11-27T08:00:00Z,2025-11-27T10:00:00+02:00,0,0.2135085714285714285714285714285714,12.81051428571428571428571428571428,0.0,0.0,0.0,113.2513421118012885649780033382862,113.2513421118012885649780033382862,0E-37
2025-11-27T08:15:00Z,2025-11-27T10:15:00+02:00,d,0.002662857142857142857142857142857142,0.1597714285714285714285714285714285,0.0,0.0,0.0,113.2513421118012885649780033382862,113.2513421118012885649780033382862,0E-39
2025-11-27T08:15:00Z,2025-11-27T10:15:00+02:00,u,0.01373142857142857142857142857142857,0.8238857142857142857142857142857142,0.0,0.0,0.0,113.2513421118012885649780033382862,113.2513421118012885649780033382862,0E-38
2025-11-27T08:15:00Z,2025-11-27T10:15:00+02:00,0,0.2336057142857142857142857142857143,14.01634285714285714285714285714286,0.0,0.0,0.0,113.2513421118012885649780033382862,113.2513421118012885649780033382862,0E-37
2025-11-27T08:30:00Z,2025-11-27T10:30:00+02:00,d,0.003771428571428571428571428571428572,0.2262857142857142857142857142857143,0.0,0.0,0.0,113.2513421118012885649780033382862,113.2513421118012885649780033382862,0E-39
2025-11-27T08:30:00Z,2025-11-27T10:30:00+02:00,u,0.0005542857142857142857142857142857142,0.03325714285714285714285714285714285,0.0,0.0,0.0,113.2513421118012885649780033382862,113.2513421118012885649780033382862,0E-40
2025-11-27T08:30:00Z,2025-11-27T10:30:00+02:00,0,0.2456742857142857142857142857142857,14.74045714285714285714285714285714,0.0,0.0,0.0,113.2513421118012885649780033382862,113.2513421118012885649780033382862,0E-37
2025-11-27T08:45:00Z,2025-11-27T10:45:00+02:00,d,0.0007314285714285714285714285714285715,0.04388571428571428571428571428571429,0.0,0.0,0.0,113.2513421118012885649780033382862,113.2513421118012885649780033382862,0E-40
2025-11-27T08:45:00Z,2025-11-27T10:45:00+02:00,u,0.004577142857142857142857142857142858,0.2746285714285714285714285714285715,0.0,0.0,0.0,113.2513421118012885649780033382862,113.2513421118012885649780033382862,0E-39
2025-11-27T08:45:00Z,2025-11-27T10:45:00+02:00,0,0.2446914285714285714285714285714286,14.68148571428571428571428571428572,0.0,0.0,0.0,113.2513421118012885649780033382862,113.2513421118012885649780033382862,0E-37
2025-11-27T09:00:00Z,2025-11-27T11:00:00+02:00,d,0.001148571428571428571428571428571428,0.06891428571428571428571428571428568,0.0,0.0,0.0,113.2513421118012885649780033382862,113.2513421118012885649780033382862,0E-39
2025-11-27T09:00:00Z,2025-11-27T11:00:00+02:00,u,0.003154285714285714285714285714285715,0.1892571428571428571428571428571429,100.0,0,100.0,113.2513421118012885649780033382862,112.9084849689441457078351461954291,0.0009523809523809523809523809523809528
2025-11-27T09:00:00Z,2025-11-27T11:00:00+02:00,0,0.2456971428571428571428571428571428,14.74182857142857142857142857142857,0.0,0.0,0.0,112.9084849689441457078351461954291,112.9084849689441457078351461954291,0E-37
2025-11-27T09:15:00Z,2025-11-27T11:15:00+02:00,d,0.0003657142857142857142857142857142858,0.02194285714285714285714285714285715,0.0,0.0,0.0,112.9084849689441457078351461954291,112.9084849689441457078351461954291,0E-40
2025-11-27T09:15:00Z,2025-11-27T11:15:00+02:00,u,0.003731428571428571428571428571428572,0.2238857142857142857142857142857143,100.0,0,100.0,112.9084849689441457078351461954291,112.5028949068323444655991213507086,0.001126639061421670117322291235334714
2025-11-27T09:15:00Z,2025-11-27T11:15:00+02:00,0,0.2459028571428571428571428571428572,14.75417142857142857142857142857143,0.0,0.0,0.0,112.5028949068323444655991213507086,112.5028949068323444655991213507086,0E-37
2025-11-27T09:30:00Z,2025-11-27T11:30:00+02:00,d,0.0003200,0.0192000,0.0,0.0,0.0,112.5028949068323444655991213507086,112.5028949068323444655991213507086,0E-10
2025-11-27T09:30:00Z,2025-11-27T11:30:00+02:00,u,0.05136571428571428571428571428571428,3.081942857142857142857142857142857,100.0,0,100.0,112.5028949068323444655991213507086,106.9196650931677481923071958848701,0.01550897170462387853692201518288475
2025-11-27T09:30:00Z,2025-11-27T11:30:00+02:00,0,0.1983142857142857142857142857142857,11.89885714285714285714285714285714,0.0,0.0,0.0,106.9196650931677481923071958848701,106.9196650931677481923071958848701,0E-37
2025-11-27T09:45:00Z,2025-11-27T11:45:00+02:00,d,0.00002285714285714285714285714285714286,0.001371428571428571428571428571428572,-100.0,100.0,0,106.9196650931677481923071958848701,106.9217679503106053351643387420130,0.000005841269841269841269841269841269842
2025-11-27T09:45:00Z,2025-11-27T11:45:00+02:00,u,0.1050171428571428571428571428571428,6.301028571428571428571428571428568,0.0,0.0,0.0,106.9217679503106053351643387420130,106.9217679503106053351643387420130,0E-37
2025-11-27T09:45:00Z,2025-11-27T11:45:00+02:00,0,0.1449600000000000000000000000000000,8.697600000000000000000000000000000,-100.0,100.0,0,106.9217679503106053351643387420130,120.2580879503106053351643387420130,0.03704533333333333333333333333333333
2025-11-27T10:00:00Z,2025-11-27T12:00:00+02:00,d,0.01638285714285714285714285714285714,0.9829714285714285714285714285714284,0.0,0.0,0.0,120.2580879503106053351643387420130,120.2580879503106053351643387420130,0E-38
2025-11-27T10:00:00Z,2025-11-27T12:00:00+02:00,u,0.001565714285714285714285714285714286,0.09394285714285714285714285714285716,0.0,0.0,0.0,120.2580879503106053351643387420130,120.2580879503106053351643387420130,0E-39
2025-11-27T10:00:00Z,2025-11-27T12:00:00+02:00,0,0.2320514285714285714285714285714286,13.92308571428571428571428571428572,0.0,0.0,0.0,120.2580879503106053351643387420130,120.2580879503106053351643387420130,0E-37
2025-11-27T10:15:00Z,2025-11-27T12:15:00+02:00,d,0.006954285714285714285714285714285715,0.4172571428571428571428571428571429,0.0,0.0,0.0,120.2580879503106053351643387420130,120.2580879503106053351643387420130,0E-39
2025-11-27T10:15:00Z,2025-11-27T12:15:00+02:00,u,0.001217142857142857142857142857142857,0.07302857142857142857142857142857142,0.0,0.0,0.0,120.2580879503106053351643387420130,120.2580879503106053351643387420130,0E-39
2025-11-27T10:15:00Z,2025-11-27T12:15:00+02:00,0,0.2418285714285714285714285714285714,14.50971428571428571428571428571428,0.0,0.0,0.0,120.2580879503106053351643387420130,120.2580879503106053351643387420130,0E-37
2025-11-27T10:30:00Z,2025-11-27T12:30:00+02:00,d,0.00700,0.42000,0.0,0.0,0.0,120.2580879503106053351643387420130,120.2580879503106053351643387420130,0E-8
2025-11-27T10:30:00Z,2025-11-27T12:30:00+02:00,u,0.001788571428571428571428571428571428,0.1073142857142857142857142857142857,0.0,0.0,0.0,120.2580879503106053351643387420130,120.2580879503106053351643387420130,0E-39
2025-11-27T10:30:00Z,2025-11-27T12:30:00+02:00,0,0.2412114285714285714285714285714286,14.47268571428571428571428571428572,0.0,0.0,0.0,120.2580879503106053351643387420130,120.2580879503106053351643387420130,0E-37
2025-11-27T10:45:00Z,2025-11-27T12:45:00+02:00,d,0.00005142857142857142857142857142857142,0.003085714285714285714285714285714285,0.0,0.0,0.0,120.2580879503106053351643387420130,120.2580879503106053351643387420130,0E-41
2025-11-27T10:45:00Z,2025-11-27T12:45:00+02:00,u,0.08437714285714285714285714285714285,5.062628571428571428571428571428571,0.0,0.0,0.0,120.2580879503106053351643387420130,120.2580879503106053351643387420130,0E-38
2025-11-27T10:45:00Z,2025-11-27T12:45:00+02:00,0,0.1655714285714285714285714285714286,9.934285714285714285714285714285716,0.0,0.0,0.0,120.2580879503106053351643387420130,120.2580879503106053351643387420130,0E-37
2025-11-27T11:00:00Z,2025-11-27T13:00:00+02:00,u,0.07378857142857142857142857142857142,4.427314285714285714285714285714285,0.0,0.0,0.0,120.2580879503106053351643387420130,120.2580879503106053351643387420130,0E-38
2025-11-27T11:00:00Z,2025-11-27T13:00:00+02:00,0,0.1762114285714285714285714285714286,10.57268571428571428571428571428572,0.0,0.0,0.0,120.2580879503106053351643387420130,120.2580879503106053351643387420130,0E-37
2025-11-27T11:15:00Z,2025-11-27T13:15:00+02:00,d,0.001348571428571428571428571428571428,0.08091428571428571428571428571428568,0.0,0.0,0.0,120.2580879503106053351643387420130,120.2580879503106053351643387420130,0E-39
2025-11-27T11:15:00Z,2025-11-27T13:15:00+02:00,u,0.008537142857142857142857142857142858,0.5122285714285714285714285714285715,0.0,0.0,0.0,120.2580879503106053351643387420130,120.2580879503106053351643387420130,0E-39
2025-11-27T11:15:00Z,2025-11-27T13:15:00+02:00,0,0.2401142857142857142857142857142857,14.40685714285714285714285714285714,0.0,0.0,0.0,120.2580879503106053351643387420130,120.2580879503106053351643387420130,0E-37
2025-11-27T11:30:00Z,2025-11-27T13:30:00+02:00,d,0.0007885714285714285714285714285714285,0.04731428571428571428571428571428571,0.0,0.0,0.0,120.2580879503106053351643387420130,120.2580879503106053351643387420130,0E-40
2025-11-27T11:30:00Z,2025-11-27T13:30:00+02:00,u,0.005548571428571428571428571428571428,0.3329142857142857142857142857142857,0.0,0.0,0.0,120.2580879503106053351643387420130,120.2580879503106053351643387420130,0E-39
2025-11-27T11:30:00Z,2025-11-27T13:30:00+02:00,0,0.2436628571428571428571428571428572,14.61977142857142857142857142857143,0.0,0.0,0.0,120.2580879503106053351643387420130,120.2580879503106053351643387420130,0E-37
2025-11-27T11:45:00Z,2025-11-27T13:45:00+02:00,d,0.009908571428571428571428571428571428,0.5945142857142857142857142857142857,0.0,0.0,0.0,120.2580879503106053351643387420130,120.2580879503106053351643387420130,0E-39
2025-11-27T11:45:00Z,2025-11-27T13:45:00+02:00,u,0.009857142857142857142857142857142858,0.5914285714285714285714285714285715,0.0,0.0,0.0,120.2580879503106053351643387420130,120.2580879503106053351643387420130,0E-39
2025-11-27T11:45:00Z,2025-11-27T13:45:00+02:00,0,0.2302342857142857142857142857142857,13.81405714285714285714285714285714,0.0,0.0,0.0,120.2580879503106053351643387420130,120.2580879503106053351643387420130,0E-37
2025-11-27T12:00:00Z,2025-11-27T14:00:00+02:00,d,0.06601714285714285714285714285714285,3.961028571428571428571428571428571,0.0,0.0,0.0,120.2580879503106053351643387420130,120.2580879503106053351643387420130,0E-38
2025-11-27T12:00:00Z,2025-11-27T14:00:00+02:00,0,0.1839828571428571428571428571428572,11.03897142857142857142857142857143,0.0,0.0,0.0,120.2580879503106053351643387420130,120.2580879503106053351643387420130,0E-37
2025-11-27T12:15:00Z,2025-11-27T14:15:00+02:00,d,0.089800,5.388000,0.0,0.0,0.0,120.2580879503106053351643387420130,120.2580879503106053351643387420130,0E-9
2025-11-27T12:15:00Z,2025-11-27T14:15:00+02:00,0,0.160200,9.612000,0.0,0.0,0.0,120.2580879503106053351643387420130,120.2580879503106053351643387420130,0E-9
2025-11-27T12:30:00Z,2025-11-27T14:30:00+02:00,d,0.02746857142857142857142857142857142,1.648114285714285714285714285714285,0.0,0.0,0.0,120.2580879503106053351643387420130,120.2580879503106053351643387420130,0E-38
2025-11-27T12:30:00Z,2025-11-27T14:30:00+02:00,u,0.005805714285714285714285714285714285,0.3483428571428571428571428571428571,0.0,0.0,0.0,120.2580879503106053351643387420130,120.2580879503106053351643387420130,0E-39
2025-11-27T12:30:00Z,2025-11-27T14:30:00+02:00,0,0.2167257142857142857142857142857143,13.00354285714285714285714285714286,0.0,0.0,0.0,120.2580879503106053351643387420130,120.2580879503106053351643387420130,0E-37
2025-11-27T12:45:00Z,2025-11-27T14:45:00+02:00,d,0.0009942857142857142857142857142857142,0.05965714285714285714285714285714285,0.0,0.0,0.0,120.2580879503106053351643387420130,120.2580879503106053351643387420130,0E-40
2025-11-27T12:45:00Z,2025-11-27T14:45:00+02:00,u,0.02049714285714285714285714285714286,1.229828571428571428571428571428572,0.0,0.0,0.0,120.2580879503106053351643387420130,120.2580879503106053351643387420130,0E-38
2025-11-27T12:45:00Z,2025-11-27T14:45:00+02:00,0,0.2285085714285714285714285714285714,13.71051428571428571428571428571428,0.0,0.0,0.0,120.2580879503106053351643387420130,120.2580879503106053351643387420130,0E-37
2025-11-27T13:00:00Z,2025-11-27T15:00:00+02:00,d,0.05574285714285714285714285714285715,3.344571428571428571428571428571429,0.0,0.0,0.0,120.2580879503106053351643387420130,120.2580879503106053351643387420130,0E-38
2025-11-27T13:00:00Z,2025-11-27T15:00:00+02:00,0,0.1942571428571428571428571428571428,11.65542857142857142857142857142857,0.0,0.0,0.0,120.2580879503106053351643387420130,120.2580879503106053351643387420130,0E-37
2025-11-27T13:15:00Z,2025-11-27T15:15:00+02:00,d,0.003211428571428571428571428571428572,0.1926857142857142857142857142857143,0.0,0.0,0.0,120.2580879503106053351643387420130,120.2580879503106053351643387420130,0E-39
2025-11-27T13:15:00Z,2025-11-27T15:15:00+02:00,u,0.0002342857142857142857142857142857143,0.01405714285714285714285714285714286,0.0,0.0,0.0,120.2580879503106053351643387420130,120.2580879503106053351643387420130,0E-40
2025-11-27T13:15:00Z,2025-11-27T15:15:00+02:00,0,0.2465542857142857142857142857142857,14.79325714285714285714285714285714,0.0,0.0,0.0,120.2580879503106053351643387420130,120.2580879503106053351643387420130,0E-37
2025-11-27T13:30:00Z,2025-11-27T15:30:00+02:00,d,0.0003657142857142857142857142857142858,0.02194285714285714285714285714285715,0.0,0.0,0.0,120.2580879503106053351643387420130,120.2580879503106053351643387420130,0E-40
2025-11-27T13:30:00Z,2025-11-27T15:30:00+02:00,u,0.0021200,0.1272000,0.0,0.0,0.0,120.2580879503106053351643387420130,120.2580879503106053351643387420130,0E-10
2025-11-27T13:30:00Z,2025-11-27T15:30:00+02:00,0,0.2475142857142857142857142857142857,14.85085714285714285714285714285714,0.0,0.0,0.0,120.2580879503106053351643387420130,120.2580879503106053351643387420130,0E-37
2025-11-27T13:45:00Z,2025-11-27T15:45:00+02:00,d,0.004022857142857142857142857142857142,0.2413714285714285714285714285714285,0.0,0.0,0.0,120.2580879503106053351643387420130,120.2580879503106053351643387420130,0E-39
2025-11-27T13:45:00Z,2025-11-27T15:45:00+02:00,u,0.001194285714285714285714285714285714,0.07165714285714285714285714285714284,0.0,0.0,0.0,120.2580879503106053351643387420130,120.2580879503106053351643387420130,0E-39
2025-11-27T13:45:00Z,2025-11-27T15:45:00+02:00,0,0.2447828571428571428571428571428571,14.68697142857142857142857142857143,0.0,0.0,0.0,120.2580879503106053351643387420130,120.2580879503106053351643387420130,0E-37
2025-11-27T14:00:00Z,2025-11-27T16:00:00+02:00,d,0.009125714285714285714285714285714285,0.5475428571428571428571428571428571,0.0,0.0,0.0,120.2580879503106053351643387420130,120.2580879503106053351643387420130,0E-39
2025-11-27T14:00:00Z,2025-11-27T16:00:00+02:00,u,0.007114285714285714285714285714285715,0.4268571428571428571428571428571429,0.0,0.0,0.0,120.2580879503106053351643387420130,120.2580879503106053351643387420130,0E-39
2025-11-27T14:00:00Z,2025-11-27T16:00:00+02:00,0,0.2337600000000000000000000000000000,14.02560000000000000000000000000000,0.0,0.0,0.0,120.2580879503106053351643387420130,120.2580879503106053351643387420130,0E-37
2025-11-27T14:15:00Z,2025-11-27T16:15:00+02:00,u,0.01396571428571428571428571428571428,0.8379428571428571428571428571428568,0.0,0.0,0.0,120.2580879503106053351643387420130,120.2580879503106053351643387420130,0E-38
2025-11-27T14:15:00Z,2025-11-27T16:15:00+02:00,0,0.2360342857142857142857142857142857,14.16205714285714285714285714285714,0.0,0.0,0.0,120.2580879503106053351643387420130,120.2580879503106053351643387420130,0E-37
2025-11-27T14:30:00Z,2025-11-27T16:30:00+02:00,u,0.06386285714285714285714285714285715,3.831771428571428571428571428571429,0.0,0.0,0.0,120.2580879503106053351643387420130,120.2580879503106053351643387420130,0E-38
2025-11-27T14:30:00Z,2025-11-27T16:30:00+02:00,0,0.1861371428571428571428571428571428,11.16822857142857142857142857142857,0.0,0.0,0.0,120.2580879503106053351643387420130,120.2580879503106053351643387420130,0E-37
2025-11-27T14:45:00Z,2025-11-27T16:45:00+02:00,u,0.1229885714285714285714285714285714,7.379314285714285714285714285714284,0.0,0.0,0.0,120.2580879503106053351643387420130,120.2580879503106053351643387420130,0E-37
2025-11-27T14:45:00Z,2025-11-27T16:45:00+02:00,0,0.1270114285714285714285714285714286,7.620685714285714285714285714285716,0.0,0.0,0.0,120.2580879503106053351643387420130,120.2580879503106053351643387420130,0E-37
2025-11-27T15:00:00Z,2025-11-27T17:00:00+02:00,u,0.07961142857142857142857142857142858,4.776685714285714285714285714285715,0.0,0.0,0.0,120.2580879503106053351643387420130,120.2580879503106053351643387420130,0E-38
2025-11-27T15:00:00Z,2025-11-27T17:00:00+02:00,0,0.1703885714285714285714285714285714,10.22331428571428571428571428571428,0.0,0.0,0.0,120.2580879503106053351643387420130,120.2580879503106053351643387420130,0E-37
2025-11-27T15:15:00Z,2025-11-27T17:15:00+02:00,u,0.06111428571428571428571428571428572,3.666857142857142857142857142857143,0.0,0.0,0.0,120.2580879503106053351643387420130,120.2580879503106053351643387420130,0E-38
2025-11-27T15:15:00Z,2025-11-27T17:15:00+02:00,0,0.1888857142857142857142857142857143,11.33314285714285714285714285714286,0.0,0.0,0.0,120.2580879503106053351643387420130,120.2580879503106053351643387420130,0E-37
2025-11-27T15:30:00Z,2025-11-27T17:30:00+02:00,d,0.0000800,0.0048000,0.0,0.0,0.0,120.2580879503106053351643387420130,120.2580879503106053351643387420130,0E-10
2025-11-27T15:30:00Z,2025-11-27T17:30:00+02:00,u,0.003228571428571428571428571428571428,0.1937142857142857142857142857142857,0.0,0.0,0.0,120.2580879503106053351643387420130,120.2580879503106053351643387420130,0E-39
2025-11-27T15:30:00Z,2025-11-27T17:30:00+02:00,0,0.2466914285714285714285714285714286,14.80148571428571428571428571428572,0.0,0.0,0.0,120.2580879503106053351643387420130,120.2580879503106053351643387420130,0E-37
2025-11-27T15:45:00Z,2025-11-27T17:45:00+02:00,d,0.0008800,0.0528000,0.0,0.0,0.0,120.2580879503106053351643387420130,120.2580879503106053351643387420130,0E-10
2025-11-27T15:45:00Z,2025-11-27T17:45:00+02:00,u,0.0005942857142857142857142857142857142,0.03565714285714285714285714285714285,0.0,0.0,0.0,120.2580879503106053351643387420130,120.2580879503106053351643387420130,0E-40
2025-11-27T15:45:00Z,2025-11-27T17:45:00+02:00,0,0.2485257142857142857142857142857143,14.91154285714285714285714285714286,0.0,0.0,0.0,120.2580879503106053351643387420130,120.2580879503106053351643387420130,0E-37
2025-11-27T16:00:00Z,2025-11-27T18:00:00+02:00,d,0.0588800,3.5328000,0.0,0.0,0.0,120.2580879503106053351643387420130,120.2580879503106053351643387420130,0E-10
2025-11-27T16:00:00Z,2025-11-27T18:00:00+02:00,0,0.1911200,11.4672000,0.0,0.0,0.0,120.2580879503106053351643387420130,120.2580879503106053351643387420130,0E-10
2025-11-27T16:15:00Z,2025-11-27T18:15:00+02:00,d,0.0966800,5.8008000,0.0,0.0,0.0,120.2580879503106053351643387420130,120.2580879503106053351643387420130,0E-10
2025-11-27T16:15:00Z,2025-11-27T18:15:00+02:00,0,0.1533200,9.1992000,0.0,0.0,0.0,120.2580879503106053351643387420130,120.2580879503106053351643387420130,0E-10
2025-11-27T16:30:00Z,2025-11-27T18:30:00+02:00,d,0.02248571428571428571428571428571428,1.349142857142857142857142857142857,0.0,0.0,0.0,120.2580879503106053351643387420130,120.2580879503106053351643387420130,0E-38
2025-11-27T16:30:00Z,2025-11-27T18:30:00+02:00,0,0.2275142857142857142857142857142857,13.65085714285714285714285714285714,0.0,0.0,0.0,120.2580879503106053351643387420130,120.2580879503106053351643387420130,0E-37
2025-11-27T16:45:00Z,2025-11-27T18:45:00+02:00,d,0.03800571428571428571428571428571428,2.280342857142857142857142857142857,0.0,0.0,0.0,120.2580879503106053351643387420130,120.2580879503106053351643387420130,0E-38
2025-11-27T16:45:00Z,2025-11-27T18:45:00+02:00,0,0.2119942857142857142857142857142857,12.71965714285714285714285714285714,0.0,0.0,0.0,120.2580879503106053351643387420130,120.2580879503106053351643387420130,0E-37
2025-11-27T17:00:00Z,2025-11-27T19:00:00+02:00,d,0.01460571428571428571428571428571428,0.8763428571428571428571428571428568,0.0,0.0,0.0,120.2580879503106053351643387420130,120.2580879503106053351643387420130,0E-38
2025-11-27T17:00:00Z,2025-11-27T19:00:00+02:00,u,0.006817142857142857142857142857142858,0.4090285714285714285714285714285715,0.0,0.0,0.0,120.2580879503106053351643387420130,120.2580879503106053351643387420130,0E-39
2025-11-27T17:00:00Z,2025-11-27T19:00:00+02:00,0,0.2285771428571428571428571428571429,13.71462857142857142857142857142857,0.0,0.0,0.0,120.2580879503106053351643387420130,120.2580879503106053351643387420130,0E-37
2025-11-27T17:15:00Z,2025-11-27T19:15:00+02:00,d,0.001165714285714285714285714285714286,0.06994285714285714285714285714285716,0.0,0.0,0.0,120.2580879503106053351643387420130,120.2580879503106053351643387420130,0E-39
2025-11-27T17:15:00Z,2025-11-27T19:15:00+02:00,u,0.003182857142857142857142857142857142,0.1909714285714285714285714285714285,0.0,0.0,0.0,120.2580879503106053351643387420130,120.2580879503106053351643387420130,0E-39
2025-11-27T17:15:00Z,2025-11-27T19:15:00+02:00,0,0.2456514285714285714285714285714286,14.73908571428571428571428571428572,0.0,0.0,0.0,120.2580879503106053351643387420130,120.2580879503106053351643387420130,0E-37
2025-11-27T17:30:00Z,2025-11-27T19:30:00+02:00,d,0.0003200,0.0192000,0.0,0.0,0.0,120.2580879503106053351643387420130,120.2580879503106053351643387420130,0E-10
2025-11-27T17:30:00Z,2025-11-27T19:30:00+02:00,u,0.005108571428571428571428571428571428,0.3065142857142857142857142857142857,0.0,0.0,0.0,120.2580879503106053351643387420130,120.2580879503106053351643387420130,0E-39
2025-11-27T17:30:00Z,2025-11-27T19:30:00+02:00,0,0.2445714285714285714285714285714286,14.67428571428571428571428571428572,0.0,0.0,0.0,120.2580879503106053351643387420130,120.2580879503106053351643387420130,0E-37
2025-11-27T17:45:00Z,2025-11-27T19:45:00+02:00,d,0.0004514285714285714285714285714285715,0.02708571428571428571428571428571429,0.0,0.0,0.0,120.2580879503106053351643387420130,120.2580879503106053351643387420130,0E-40
2025-11-27T17:45:00Z,2025-11-27T19:45:00+02:00,u,0.001754285714285714285714285714285714,0.1052571428571428571428571428571428,0.0,0.0,0.0,120.2580879503106053351643387420130,120.2580879503106053351643387420130,0E-39
2025-11-27T17:45:00Z,2025-11-27T19:45:00+02:00,0,0.2477942857142857142857142857142857,14.86765714285714285714285714285714,0.0,0.0,0.0,120.2580879503106053351643387420130,120.2580879503106053351643387420130,0E-37
2025-11-27T18:00:00Z,2025-11-27T20:00:00+02:00,d,0.001514285714285714285714285714285714,0.09085714285714285714285714285714284,0.0,0.0,0.0,120.2580879503106053351643387420130,120.2580879503106053351643387420130,0E-39
2025-11-27T18:00:00Z,2025-11-27T20:00:00+02:00,u,0.0005600,0.0336000,0.0,0.0,0.0,120.2580879503106053351643387420130,120.2580879503106053351643387420130,0E-10
2025-11-27T18:00:00Z,2025-11-27T20:00:00+02:00,0,0.2479257142857142857142857142857143,14.87554285714285714285714285714286,0.0,0.0,0.0,120.2580879503106053351643387420130,120.2580879503106053351643387420130,0E-37
2025-11-27T18:15:00Z,2025-11-27T20:15:00+02:00,d,0.01097714285714285714285714285714286,0.6586285714285714285714285714285716,0.0,0.0,0.0,120.2580879503106053351643387420130,120.2580879503106053351643387420130,0E-38
2025-11-27T18:15:00Z,2025-11-27T20:15:00+02:00,0,0.2390228571428571428571428571428572,14.34137142857142857142857142857143,0.0,0.0,0.0,120.2580879503106053351643387420130,120.2580879503106053351643387420130,0E-37
2025-11-27T18:30:00Z,2025-11-27T20:30:00+02:00,d,0.0029200,0.1752000,0.0,0.0,0.0,120.2580879503106053351643387420130,120.2580879503106053351643387420130,0E-10
2025-11-27T18:30:00Z,2025-11-27T20:30:00+02:00,u,0.0001371428571428571428571428571428572,0.008228571428571428571428571428571432,0.0,0.0,0.0,120.2580879503106053351643387420130,120.2580879503106053351643387420130,0E-40
2025-11-27T18:30:00Z,2025-11-27T20:30:00+02:00,0,0.2469428571428571428571428571428572,14.81657142857142857142857142857143,0.0,0.0,0.0,120.2580879503106053351643387420130,120.2580879503106053351643387420130,0E-37
2025-11-27T18:45:00Z,2025-11-27T20:45:00+02:00,d,0.001314285714285714285714285714285714,0.07885714285714285714285714285714284,0.0,0.0,0.0,120.2580879503106053351643387420130,120.2580879503106053351643387420130,0E-39
2025-11-27T18:45:00Z,2025-11-27T20:45:00+02:00,u,0.004325714285714285714285714285714285,0.2595428571428571428571428571428571,0.0,0.0,0.0,120.2580879503106053351643387420130,120.2580879503106053351643387420130,0E-39
2025-11-27T18:45:00Z,2025-11-27T20:45:00+02:00,0,0.2443600000000000000000000000000000,14.66160000000000000000000000000000,0.0,0.0,0.0,120.2580879503106053351643387420130,120.2580879503106053351643387420130,0E-37
2025-11-27T19:00:00Z,2025-11-27T21:00:00+02:00,u,0.07018285714285714285714285714285715,4.210971428571428571428571428571429,0.0,0.0,0.0,120.2580879503106053351643387420130,120.2580879503106053351643387420130,0E-38
2025-11-27T19:00:00Z,2025-11-27T21:00:00+02:00,0,0.1798171428571428571428571428571428,10.78902857142857142857142857142857,0.0,0.0,0.0,120.2580879503106053351643387420130,120.2580879503106053351643387420130,0E-37
2025-11-27T19:15:00Z,2025-11-27T21:15:00+02:00,u,0.09471428571428571428571428571428572,5.682857142857142857142857142857143,0.0,0.0,0.0,120.2580879503106053351643387420130,120.2580879503106053351643387420130,0E-38
2025-11-27T19:15:00Z,2025-11-27T21:15:00+02:00,0,0.1552857142857142857142857142857143,9.317142857142857142857142857142858,0.0,0.0,0.0,120.2580879503106053351643387420130,120.2580879503106053351643387420130,0E-37
2025-11-27T19:30:00Z,2025-11-27T21:30:00+02:00,u,0.02894285714285714285714285714285715,1.736571428571428571428571428571429,0.0,0.0,0.0,120.2580879503106053351643387420130,120.2580879503106053351643387420130,0E-38
2025-11-27T19:30:00Z,2025-11-27T21:30:00+02:00,0,0.2210571428571428571428571428571428,13.26342857142857142857142857142857,0.0,0.0,0.0,120.2580879503106053351643387420130,120.2580879503106053351643387420130,0E-37
2025-11-27T19:45:00Z,2025-11-27T21:45:00+02:00,d,0.001674285714285714285714285714285714,0.1004571428571428571428571428571428,0.0,0.0,0.0,120.2580879503106053351643387420130,120.2580879503106053351643387420130,0E-39
2025-11-27T19:45:00Z,2025-11-27T21:45:00+02:00,u,0.02775428571428571428571428571428572,1.665257142857142857142857142857143,0.0,0.0,0.0,120.2580879503106053351643387420130,120.2580879503106053351643387420130,0E-38
2025-11-27T19:45:00Z,2025-11-27T21:45:00+02:00,0,0.2205714285714285714285714285714286,13.23428571428571428571428571428572,0.0,0.0,0.0,120.2580879503106053351643387420130,120.2580879503106053351643387420130,0E-37
2025-11-27T20:00:00Z,2025-11-27T22:00:00+02:00,d,0.0002342857142857142857142857142857143,0.01405714285714285714285714285714286,0.0,0.0,0.0,120.2580879503106053351643387420130,120.2580879503106053351643387420130,0E-40
2025-11-27T20:00:00Z,2025-11-27T22:00:00+02:00,u,0.04226285714285714285714285714285715,2.535771428571428571428571428571429,0.0,0.0,0.0,120.2580879503106053351643387420130,120.2580879503106053351643387420130,0E-38
2025-11-27T20:00:00Z,2025-11-27T22:00:00+02:00,0,0.2075028571428571428571428571428571,12.45017142857142857142857142857143,0.0,0.0,0.0,120.2580879503106053351643387420130,120.2580879503106053351643387420130,0E-37
2025-11-27T20:15:00Z,2025-11-27T22:15:00+02:00,d,0.006388571428571428571428571428571428,0.3833142857142857142857142857142857,0.0,0.0,0.0,120.2580879503106053351643387420130,120.2580879503106053351643387420130,0E-39
2025-11-27T20:15:00Z,2025-11-27T22:15:00+02:00,u,0.001508571428571428571428571428571428,0.09051428571428571428571428571428568,0.0,0.0,0.0,120.2580879503106053351643387420130,120.2580879503106053351643387420130,0E-39
2025-11-27T20:15:00Z,2025-11-27T22:15:00+02:00,0,0.2421028571428571428571428571428572,14.52617142857142857142857142857143,0.0,0.0,0.0,120.2580879503106053351643387420130,120.2580879503106053351643387420130,0E-37
2025-11-27T20:30:00Z,2025-11-27T22:30:00+02:00,d,0.01046285714285714285714285714285714,0.6277714285714285714285714285714284,0.0,0.0,0.0,120.2580879503106053351643387420130,120.2580879503106053351643387420130,0E-38
2025-11-27T20:30:00Z,2025-11-27T22:30:00+02:00,u,0.00001142857142857142857142857142857143,0.0006857142857142857142857142857142858,0.0,0.0,0.0,120.2580879503106053351643387420130,120.2580879503106053351643387420130,0E-41
2025-11-27T20:30:00Z,2025-11-27T22:30:00+02:00,0,0.2395257142857142857142857142857143,14.37154285714285714285714285714286,0.0,0.0,0.0,120.2580879503106053351643387420130,120.2580879503106053351643387420130,0E-37
2025-11-27T20:45:00Z,2025-11-27T22:45:00+02:00,d,0.1649142857142857142857142857142857,9.894857142857142857142857142857142,0.0,0.0,0.0,120.2580879503106053351643387420130,120.2580879503106053351643387420130,0E-37
2025-11-27T20:45:00Z,2025-11-27T22:45:00+02:00,0,0.08508571428571428571428571428571428,5.105142857142857142857142857142857,0.0,0.0,0.0,120.2580879503106053351643387420130,120.2580879503106053351643387420130,0E-38
2025-11-27T21:00:00Z,2025-11-27T23:00:00+02:00,d,0.02707428571428571428571428571428572,1.624457142857142857142857142857143,0.0,0.0,0.0,120.2580879503106053351643387420130,120.2580879503106053351643387420130,0E-38
2025-11-27T21:00:00Z,2025-11-27T23:00:00+02:00,u,0.004902857142857142857142857142857142,0.2941714285714285714285714285714285,0.0,0.0,0.0,120.2580879503106053351643387420130,120.2580879503106053351643387420130,0E-39
2025-11-27T21:00:00Z,2025-11-27T23:00:00+02:00,0,0.2180228571428571428571428571428571,13.08137142857142857142857142857143,0.0,0.0,0.0,120.2580879503106053351643387420130,120.2580879503106053351643387420130,0E-37
2025-11-27T21:15:00Z,2025-11-27T23:15:00+02:00,u,0.0211600,1.2696000,0.0,0.0,0.0,120.2580879503106053351643387420130,120.2580879503106053351643387420130,0E-10
2025-11-27T21:15:00Z,2025-11-27T23:15:00+02:00,0,0.2288400,13.7304000,0.0,0.0,0.0,120.2580879503106053351643387420130,120.2580879503106053351643387420130,0E-10
2025-11-27T21:30:00Z,2025-11-27T23:30:00+02:00,d,0.00003428571428571428571428571428571428,0.002057142857142857142857142857142857,0.0,0.0,0.0,120.2580879503106053351643387420130,120.2580879503106053351643387420130,0E-41
2025-11-27T21:30:00Z,2025-11-27T23:30:00+02:00,u,0.06545142857142857142857142857142858,3.927085714285714285714285714285715,0.0,0.0,0.0,120.2580879503106053351643387420130,120.2580879503106053351643387420130,0E-38
2025-11-27T21:30:00Z,2025-11-27T23:30:00+02:00,0,0.1845142857142857142857142857142857,11.07085714285714285714285714285714,0.0,0.0,0.0,120.2580879503106053351643387420130,120.2580879503106053351643387420130,0E-37
2025-11-27T21:45:00Z,2025-11-27T23:45:00+02:00,d,0.05302285714285714285714285714285715,3.181371428571428571428571428571429,0.0,0.0,0.0,120.2580879503106053351643387420130,120.2580879503106053351643387420130,0E-38
2025-11-27T21:45:00Z,2025-11-27T23:45:00+02:00,u,0.0004457142857142857142857142857142858,0.02674285714285714285714285714285715,0.0,0.0,0.0,120.2580879503106053351643387420130,120.2580879503106053351643387420130,0E-40
2025-11-27T21:45:00Z,2025-11-27T23:45:00+02:00,0,0.1965314285714285714285714285714286,11.79188571428571428571428571428572,0.0,0.0,0.0,120.2580879503106053351643387420130,120.2580879503106053351643387420130,0E-37
