delivery_start_utc,local_time,role,da_mw,fcr_mw,afrr_up_mw,afrr_down_mw,alpha_up,alpha_down,alpha_idle,afrr_hour_valid,fcr_hour_valid,afrr_up_activation_mwh,afrr_down_activation_mwh,da_signed_mwh,ac_charge_mwh,ac_discharge_mwh,ein_mwh,eout_mwh,efc,da_eur,fcr_capacity_eur,afrr_up_capacity_eur,afrr_down_capacity_eur,afrr_up_activation_eur,afrr_down_activation_eur,total_eur
2025-11-25T22:00:00Z,2025-11-26T00:00:00+02:00,D执行/前日冻结,0.0,100,0,0,0E+2,0.1764571428571428571428571428571429,0.8235428571428571428571428571428571,True,True,0,0E-36,0.000,0E-36,0E-36,88.68598260869577,88.68598260869577000000000000000000,0E-38,0,1707.1133818038905000,0,0,0,0,1707.1133818038905000
2025-11-25T22:15:00Z,2025-11-26T00:15:00+02:00,D执行/前日冻结,0.0,100,0,0,0E+2,0.09376,0.90624,True,True,0,0E-7,0.000,0E-8,0E-8,88.68598260869577000000000000000000,88.68598260869577000000000000000000,0E-10,0,1707.1133818038905000,0,0,0,0,1707.1133818038905000
2025-11-25T22:30:00Z,2025-11-26T00:30:00+02:00,D执行/前日冻结,0.0,100,0,0,0E+2,0.1930057142857142857142857142857143,0.8069942857142857142857142857142857,True,True,0,0E-36,0.000,0E-36,0E-36,88.68598260869577000000000000000000,88.68598260869577000000000000000000,0E-38,0,1707.1133818038905000,0,0,0,0,1707.1133818038905000
2025-11-25T22:45:00Z,2025-11-26T00:45:00+02:00,D执行/前日冻结,0.0,100,0,0,0.00016,0.006628571428571428571428571428571429,0.9932114285714285714285714285714286,True,True,0E-7,0E-38,0.000,0E-37,0E-37,88.68598260869577000000000000000000,88.68598260869577000000000000000000,0E-39,0,1707.1133818038905000,0,0,0,0,1707.1133818038905000
2025-11-25T23:00:00Z,2025-11-26T01:00:00+02:00,D执行/前日冻结,0.0,100,0,0,0.001028571428571428571428571428571429,0.09547428571428571428571428571428571,0.9034971428571428571428571428571429,True,True,0E-38,0E-37,0.000,0E-38,0E-38,88.68598260869577000000000000000000,88.68598260869577000000000000000000,0E-40,0,1707.1133818038905000,0,0,0,0,1707.1133818038905000
2025-11-25T23:15:00Z,2025-11-26T01:15:00+02:00,D执行/前日冻结,0.0,100,0,0,0E+2,0.3503314285714285714285714285714286,0.6496685714285714285714285714285714,True,True,0,0E-36,0.000,0E-36,0E-36,88.68598260869577000000000000000000,88.68598260869577000000000000000000,0E-38,0,1707.1133818038905000,0,0,0,0,1707.1133818038905000
2025-11-25T23:30:00Z,2025-11-26T01:30:00+02:00,D执行/前日冻结,0.0,100,0,0,0E+2,0.1326171428571428571428571428571429,0.8673828571428571428571428571428571,True,True,0,0E-36,0.000,0E-36,0E-36,88.68598260869577000000000000000000,88.68598260869577000000000000000000,0E-38,0,1707.1133818038905000,0,0,0,0,1707.1133818038905000
2025-11-25T23:45:00Z,2025-11-26T01:45:00+02:00,D执行/前日冻结,0.0,100,0,0,0E+2,0.3408685714285714285714285714285714,0.6591314285714285714285714285714286,True,True,0,0E-36,0.000,0E-36,0E-36,88.68598260869577000000000000000000,88.68598260869577000000000000000000,0E-38,0,1707.1133818038905000,0,0,0,0,1707.1133818038905000
2025-11-26T00:00:00Z,2025-11-26T02:00:00+02:00,D执行/前日冻结,-1.888303070670623E-14,0,100,0,0.0001828571428571428571428571428571429,0.07481142857142857142857142857142857,0.9250057142857142857142857142857143,True,True,0.004571428571428571428571428571428572,0E-37,-4.7207576766765575E-15,4.719894452415679500914285714285715E-15,0.004571428571428570565347167693429486,88.68598260869577000000000000000000,88.68101366459639546125360582275837,0.00001380262249828673153385172803308896,-3.84458505188538842800E-13,0,138.09196305757515000,0,0.6153327906128062171428571428571429,0,138.7072958481875717586376686040143
2025-11-26T00:15:00Z,2025-11-26T02:15:00+02:00,D执行/前日冻结,-100.0,0,100,0,0.004365714285714285714285714285714286,0.001554285714285714285714285714285714,0.9940800000000000000000000000000000,True,True,0.1091428571428571428571428571428572,0E-38,-25.000,24.89085714285714285714285714285714,0E-37,88.68101366459639546125360582275837,111.5806022360249668898250343941869,0.06360996825396825396825396825396826,-1875.0000,0,138.09196305757515000,0,13.94043174353647754857142857142858,0,-1722.967605198888372451428571428571
2025-11-26T00:30:00Z,2025-11-26T02:30:00+02:00,D执行/前日冻结,-100.0,0,100,0,0.18464,0.0005942857142857142857142857142857143,0.8147657142857142857142857142857143,True,True,4.6160000,0E-39,-25.000,20.38400000000000000000000000000000,0E-37,111.5806022360249668898250343941869,130.3338822360249668898250343941869,0.05209244444444444444444444444444444,-937.5000,0,138.09196305757515000,0,706.931919041068859120000,0,-92.476117901355990880000
2025-11-26T00:45:00Z,2025-11-26T02:45:00+02:00,D执行/前日冻结,-100.0,0,100,0,0.6105142857142857142857142857142857,0E+2,0.3894857142857142857142857142857143,True,True,15.26285714285714285714285714285714,0,-25.000,9.737142857142857142857142857142858,0E-35,130.3338822360249668898250343941869,139.2920536645963954612536058227583,0.02488380952380952380952380952380952,-2104.25000,0,138.09196305757515000,0,14215.22950453358649371428571428571,0,12249.07146759116164371428571428571
2025-11-26T01:00:00Z,2025-11-26T03:00:00+02:00,D执行/前日冻结,-100.0,0,100,0,0.6755428571428571428571428571428571,0E+2,0.3244571428571428571428571428571429,True,True,16.88857142857142857142857142857143,0,-25.000,8.111428571428571428571428571428572,0E-35,139.2920536645963954612536058227583,146.7545679503106811755393201084726,0.02072920634920634920634920634920635,-2043.75000,0,138.09196305757515000,0,9937.698047328971627714285714285715,0,8032.040010386546777714285714285715
2025-11-26T01:15:00Z,2025-11-26T03:15:00+02:00,D执行/前日冻结,-100.0,0,100,0,0.6773257142857142857142857142857143,0E+2,0.3226742857142857142857142857142857,True,True,16.93314285714285714285714285714286,0,-25.000,8.066857142857142857142857142857142,0E-35,146.7545679503106811755393201084726,154.1760765217392526041107486799012,0.02061530158730158730158730158730159,-2054.50000,0,138.09196305757515000,0,7715.354123908710371880000000000001,0,5798.946086966285521880000000000001
2025-11-26T01:30:00Z,2025-11-26T03:30:00+02:00,D执行/前日冻结,-79.92479626080899,0,100,0,0.6902628571428571428571428571428571,0E+2,0.3097371428571428571428571428571429,True,True,17.25657142857142857142857142857143,0,-19.9811990652022475,6.188919509315557848514285714285715,3.464291872684738919942857142857143,154.1760765217392526041107486799012,156.1043478260870235204581772513298,0.02627594609109126534699682539682540,-1775.729160924523735325,0,138.09196305757515000,0,9005.685473317798635314285714285715,0,7368.048275450850049989285714285715
2025-11-26T01:45:00Z,2025-11-26T03:45:00+02:00,D执行/前日冻结,0.0,0,100,0,0.44544,0E+2,0.55456,True,True,11.1360000,0,0.000,0E-8,11.13600000,156.1043478260870235204581772513298,144.0000000000000669987190468165472,0.03362318840579710144927536231884058,0,0,138.09196305757515000,0,1838.017697779524122880000,0,1976.109660837099272880000
2025-11-26T02:00:00Z,2025-11-26T04:00:00+02:00,D执行/前日冻结,0.0,100,0,0,0.03565714285714285714285714285714286,0.006834285714285714285714285714285714,0.9575085714285714285714285714285714,True,True,0E-37,0E-38,0.000,0E-37,0E-37,144.0000000000000669987190468165472,144.0000000000000669987190468165472,0E-39,0,1707.1133818038905000,0,0,0,0,1707.1133818038905000
2025-11-26T02:15:00Z,2025-11-26T04:15:00+02:00,D执行/前日冻结,0.0,100,0,0,0.004,0.01654857142857142857142857142857143,0.9794514285714285714285714285714286,True,True,0.00000,0E-37,0.000,0E-37,0E-37,144.0000000000000669987190468165472,144.0000000000000669987190468165472,0E-39,0,1707.1133818038905000,0,0,0,0,1707.1133818038905000
2025-11-26T02:30:00Z,2025-11-26T04:30:00+02:00,D执行/前日冻结,0.0,100,0,0,0.03892571428571428571428571428571429,0E+2,0.9610742857142857142857142857142857,True,True,0E-37,0,0.000,0E-37,0E-37,144.0000000000000669987190468165472,144.0000000000000669987190468165472,0E-39,0,1707.1133818038905000,0,0,0,0,1707.1133818038905000
2025-11-26T02:45:00Z,2025-11-26T04:45:00+02:00,D执行/前日冻结,0.0,100,0,0,0.00336,0.0007314285714285714285714285714285714,0.9959085714285714285714285714285714,True,True,0E-7,0E-39,0.000,0E-38,0E-38,144.0000000000000669987190468165472,144.0000000000000669987190468165472,0E-40,0,1707.1133818038905000,0,0,0,0,1707.1133818038905000
2025-11-26T03:00:00Z,2025-11-26T05:00:00+02:00,D执行/前日冻结,0.0,100,0,0,0.03202285714285714285714285714285714,0.001508571428571428571428571428571429,0.9664685714285714285714285714285715,True,True,0E-37,0E-38,0.000,0E-38,0E-38,144.0000000000000669987190468165472,144.0000000000000669987190468165472,0E-40,0,1707.1133818038905000,0,0,0,0,1707.1133818038905000
2025-11-26T03:15:00Z,2025-11-26T05:15:00+02:00,D执行/前日冻结,0.0,100,0,0,0.15968,0E+2,0.84032,True,True,0E-7,0,0.000,0E-8,0E-8,144.0000000000000669987190468165472,144.0000000000000669987190468165472,0E-10,0,1707.1133818038905000,0,0,0,0,1707.1133818038905000
2025-11-26T03:30:00Z,2025-11-26T05:30:00+02:00,D执行/前日冻结,0.0,100,0,0,0.08690285714285714285714285714285714,0.00032,0.9127771428571428571428571428571429,True,True,0E-37,0E-7,0.000,0E-36,0E-36,144.0000000000000669987190468165472,144.0000000000000669987190468165472,0E-38,0,1707.1133818038905000,0,0,0,0,1707.1133818038905000
2025-11-26T03:45:00Z,2025-11-26T05:45:00+02:00,D执行/前日冻结,0.0,100,0,0,0.06770285714285714285714285714285714,0.01396571428571428571428571428571429,0.9183314285714285714285714285714286,True,True,0E-37,0E-37,0.000,0E-37,0E-37,144.0000000000000669987190468165472,144.0000000000000669987190468165472,0E-39,0,1707.1133818038905000,0,0,0,0,1707.1133818038905000
2025-11-26T04:00:00Z,2025-11-26T06:00:00+02:00,D执行/前日冻结,0.0,100,0,0,0.01958857142857142857142857142857143,0.1756571428571428571428571428571429,0.8047542857142857142857142857142857,True,True,0E-37,0E-36,0.000,0E-37,0E-37,144.0000000000000669987190468165472,144.0000000000000669987190468165472,0E-39,0,1707.1133818038905000,0,0,0,0,1707.1133818038905000
2025-11-26T04:15:00Z,2025-11-26T06:15:00+02:00,D执行/前日冻结,0.0,100,0,0,0.006491428571428571428571428571428571,0.01899428571428571428571428571428571,0.9745142857142857142857142857142857,True,True,0E-38,0E-37,0.000,0E-37,0E-37,144.0000000000000669987190468165472,144.0000000000000669987190468165472,0E-39,0,1707.1133818038905000,0,0,0,0,1707.1133818038905000
2025-11-26T04:30:00Z,2025-11-26T06:30:00+02:00,D执行/前日冻结,0.0,100,0,0,0.01035428571428571428571428571428571,0.01824,0.9714057142857142857142857142857143,True,True,0E-37,0E-7,0.000,0E-37,0E-37,144.0000000000000669987190468165472,144.0000000000000669987190468165472,0E-39,0,1707.1133818038905000,0,0,0,0,1707.1133818038905000
2025-11-26T04:45:00Z,2025-11-26T06:45:00+02:00,D执行/前日冻结,0.0,100,0,0,0.00004571428571428571428571428571428571,0.02898285714285714285714285714285714,0.9709714285714285714285714285714286,True,True,0E-40,0E-37,0.000,0E-39,0E-39,144.0000000000000669987190468165472,144.0000000000000669987190468165472,0E-41,0,1707.1133818038905000,0,0,0,0,1707.1133818038905000
2025-11-26T05:00:00Z,2025-11-26T07:00:00+02:00,D执行/前日冻结,0.0,100,0,0,0.002308571428571428571428571428571429,0.01696,0.9807314285714285714285714285714286,True,True,0E-38,0E-7,0.000,0E-38,0E-38,144.0000000000000669987190468165472,144.0000000000000669987190468165472,0E-40,0,1707.1133818038905000,0,0,0,0,1707.1133818038905000
2025-11-26T05:15:00Z,2025-11-26T07:15:00+02:00,D执行/前日冻结,0.0,100,0,0,0.1946742857142857142857142857142857,0.0001828571428571428571428571428571429,0.8051428571428571428571428571428572,True,True,0E-36,0E-39,0.000,0E-39,0E-39,144.0000000000000669987190468165472,144.0000000000000669987190468165472,0E-41,0,1707.1133818038905000,0,0,0,0,1707.1133818038905000
2025-11-26T05:30:00Z,2025-11-26T07:30:00+02:00,D执行/前日冻结,0.0,100,0,0,0.03225142857142857142857142857142857,0.001531428571428571428571428571428571,0.9662171428571428571428571428571428,True,True,0E-37,0E-38,0.000,0E-38,0E-38,144.0000000000000669987190468165472,144.0000000000000669987190468165472,0E-40,0,1707.1133818038905000,0,0,0,0,1707.1133818038905000
2025-11-26T05:45:00Z,2025-11-26T07:45:00+02:00,D执行/前日冻结,0.0,100,0,0,0.01168,0.003245714285714285714285714285714286,0.9850742857142857142857142857142857,True,True,0E-7,0E-38,0.000,0E-38,0E-38,144.0000000000000669987190468165472,144.0000000000000669987190468165472,0E-40,0,1707.1133818038905000,0,0,0,0,1707.1133818038905000
2025-11-26T06:00:00Z,2025-11-26T08:00:00+02:00,D执行/前日冻结,0.0,100,0,0,0.0005942857142857142857142857142857143,0.01389714285714285714285714285714286,0.9855085714285714285714285714285714,True,True,0E-39,0E-37,0.000,0E-38,0E-38,144.0000000000000669987190468165472,144.0000000000000669987190468165472,0E-40,0,1707.1133818038905000,0,0,0,0,1707.1133818038905000
2025-11-26T06:15:00Z,2025-11-26T08:15:00+02:00,D执行/前日冻结,0.0,100,0,0,0.0002971428571428571428571428571428571,0.005028571428571428571428571428571429,0.9946742857142857142857142857142857,True,True,0E-39,0E-38,0.000,0E-39,0E-39,144.0000000000000669987190468165472,144.0000000000000669987190468165472,0E-41,0,1707.1133818038905000,0,0,0,0,1707.1133818038905000
2025-11-26T06:30:00Z,2025-11-26T08:30:00+02:00,D执行/前日冻结,0.0,100,0,0,0E+2,0.3554971428571428571428571428571429,0.6445028571428571428571428571428571,True,True,0,0E-36,0.000,0E-36,0E-36,144.0000000000000669987190468165472,144.0000000000000669987190468165472,0E-38,0,1707.1133818038905000,0,0,0,0,1707.1133818038905000
2025-11-26T06:45:00Z,2025-11-26T08:45:00+02:00,D执行/前日冻结,0.0,100,0,0,0E+2,0.4285942857142857142857142857142857,0.5714057142857142857142857142857143,True,True,0,0E-36,0.000,0E-35,0E-35,144.0000000000000669987190468165472,144.0000000000000669987190468165472,0E-37,0,1707.1133818038905000,0,0,0,0,1707.1133818038905000
2025-11-26T07:00:00Z,2025-11-26T09:00:00+02:00,D执行/前日冻结,0.0,0,100,100,0E+2,0.0968,0.9032,True,True,0,2.420000,0.000,2.4200000,0E-7,144.0000000000000669987190468165472,146.2264000000000669987190468165472,0.006184444444444444444444444444444444,0,0,184.61387305954015000,16.850068775790922500,0,-144.16713696207505100000,57.29680487325602150000
2025-11-26T07:15:00Z,2025-11-26T09:15:00+02:00,D执行/前日冻结,0.0,0,100,100,0.1313828571428571428571428571428571,0.00784,0.8607771428571428571428571428571429,True,True,3.284571428571428571428571428571428,0.1960000,0.000,0.1960000000000000000000000000000000,3.284571428571428571428571428571428,146.2264000000000669987190468165472,142.8365336645963402906445126550565,0.01041807315389924085576259489302967,0,0,184.61387305954015000,16.850068775790922500,538.7852454874659244114285714285713,-12.1722585969738641440000,728.0769287258231327674285714285713
2025-11-26T07:30:00Z,2025-11-26T09:30:00+02:00,D执行/前日冻结,0.0,0,100,100,0.55552,0E+2,0.44448,True,True,13.8880000,0,0.000,0E-8,13.88800000,142.8365336645963402906445126550565,127.7408814906832968123836430898391,0.04193236714975845410628019323671497,0,0,184.61387305954015000,16.850068775790922500,10201.62156808803151360000,0,10403.08550992336258610000
2025-11-26T07:45:00Z,2025-11-26T09:45:00+02:00,D执行/前日冻结,0.0,0,100,100,0.3491657142857142857142857142857143,0E+2,0.6508342857142857142857142857142857,True,True,8.729142857142857142857142857142858,0,0.000,0E-35,8.729142857142857142857142857142858,127.7408814906832968123836430898391,118.2526827329193216571041399842490,0.02635610766045548654244306418219462,0,0,184.61387305954015000,16.850068775790922500,2921.998666030373140937142857142857,0,3123.462607865704213437142857142857
2025-11-26T08:00:00Z,2025-11-26T10:00:00+02:00,D执行/前日冻结,0.0,100,0,0,0,0,1,False,True,0.00,0.00,0.000,0.000,0.000,118.2526827329193216571041399842490,118.2526827329193216571041399842490,0.00000,0,1707.1133818038905000,0,0,0,0,1707.1133818038905000
2025-11-26T08:15:00Z,2025-11-26T10:15:00+02:00,D执行/前日冻结,0.0,100,0,0,0,0,1,False,True,0.00,0.00,0.000,0.000,0.000,118.2526827329193216571041399842490,118.2526827329193216571041399842490,0.00000,0,1707.1133818038905000,0,0,0,0,1707.1133818038905000
2025-11-26T08:30:00Z,2025-11-26T10:30:00+02:00,D执行/前日冻结,0.0,100,0,0,0,0,1,False,True,0.00,0.00,0.000,0.000,0.000,118.2526827329193216571041399842490,118.2526827329193216571041399842490,0.00000,0,1707.1133818038905000,0,0,0,0,1707.1133818038905000
2025-11-26T08:45:00Z,2025-11-26T10:45:00+02:00,D执行/前日冻结,0.0,100,0,0,0,0,1,False,True,0.00,0.00,0.000,0.000,0.000,118.2526827329193216571041399842490,118.2526827329193216571041399842490,0.00000,0,1707.1133818038905000,0,0,0,0,1707.1133818038905000
2025-11-26T09:00:00Z,2025-11-26T11:00:00+02:00,D执行/前日冻结,0.0,100,0,0,0.003337142857142857142857142857142857,0.05460571428571428571428571428571429,0.9420571428571428571428571428571428,True,True,0E-38,0E-37,0.000,0E-38,0E-38,118.2526827329193216571041399842490,118.2526827329193216571041399842490,0E-40,0,1707.1133818038905000,0,0,0,0,1707.1133818038905000
2025-11-26T09:15:00Z,2025-11-26T11:15:00+02:00,D执行/前日冻结,0.0,100,0,0,0E+2,0.07606857142857142857142857142857143,0.9239314285714285714285714285714286,True,True,0,0E-37,0.000,0E-36,0E-36,118.2526827329193216571041399842490,118.2526827329193216571041399842490,0E-38,0,1707.1133818038905000,0,0,0,0,1707.1133818038905000
2025-11-26T09:30:00Z,2025-11-26T11:30:00+02:00,D执行/前日冻结,0.0,100,0,0,0.14336,0.0152,0.84144,True,True,0E-7,0.000000,0.000,0E-8,0E-8,118.2526827329193216571041399842490,118.2526827329193216571041399842490,0E-10,0,1707.1133818038905000,0,0,0,0,1707.1133818038905000
2025-11-26T09:45:00Z,2025-11-26T11:45:00+02:00,D执行/前日冻结,0.0,100,0,0,0.06178285714285714285714285714285714,0.03650285714285714285714285714285714,0.9017142857142857142857142857142858,True,True,0E-37,0E-37,0.000,0E-37,0E-37,118.2526827329193216571041399842490,118.2526827329193216571041399842490,0E-39,0,1707.1133818038905000,0,0,0,0,1707.1133818038905000
2025-11-26T10:00:00Z,2025-11-26T12:00:00+02:00,D执行/前日冻结,0.0,100,0,0,0,0,1,False,True,0.00,0.00,0.000,0.000,0.000,118.2526827329193216571041399842490,118.2526827329193216571041399842490,0.00000,0,1707.1133818038905000,0,0,0,0,1707.1133818038905000
2025-11-26T10:15:00Z,2025-11-26T12:15:00+02:00,D执行/前日冻结,0.0,100,0,0,0,0,1,False,True,0.00,0.00,0.000,0.000,0.000,118.2526827329193216571041399842490,118.2526827329193216571041399842490,0.00000,0,1707.1133818038905000,0,0,0,0,1707.1133818038905000
2025-11-26T10:30:00Z,2025-11-26T12:30:00+02:00,D执行/前日冻结,0.0,100,0,0,0,0,1,False,True,0.00,0.00,0.000,0.000,0.000,118.2526827329193216571041399842490,118.2526827329193216571041399842490,0.00000,0,1707.1133818038905000,0,0,0,0,1707.1133818038905000
2025-11-26T10:45:00Z,2025-11-26T12:45:00+02:00,D执行/前日冻结,0.0,100,0,0,0,0,1,False,True,0.00,0.00,0.000,0.000,0.000,118.2526827329193216571041399842490,118.2526827329193216571041399842490,0.00000,0,1707.1133818038905000,0,0,0,0,1707.1133818038905000
2025-11-26T11:00:00Z,2025-11-26T13:00:00+02:00,D执行/前日冻结,-100.0,0,100,0,0.7240914285714285714285714285714286,0E+2,0.2759085714285714285714285714285714,True,True,18.10228571428571428571428571428572,0,-25.000,6.897714285714285714285714285714285,0E-35,118.2526827329193216571041399842490,124.5985798757764645142469971271061,0.01762749206349206349206349206349206,-4128.50000,0,138.09196305757515000,0,12820.00388288465325817142857142858,0,8829.59584594222840817142857142858
2025-11-26T11:15:00Z,2025-11-26T13:15:00+02:00,D执行/前日冻结,-100.0,0,100,0,0.6534628571428571428571428571428571,0E+2,0.3465371428571428571428571428571429,True,True,16.33657142857142857142857142857143,0,-25.000,8.663428571428571428571428571428572,0E-35,124.5985798757764645142469971271061,132.5689341614907502285327114128204,0.02213987301587301587301587301587302,-3987.75000,0,138.09196305757515000,0,11986.09013131965219337142857142857,0,8136.43209437722734337142857142857
2025-11-26T11:30:00Z,2025-11-26T13:30:00+02:00,D执行/前日冻结,-96.23057864128921,0,100,0,0.5442514285714285714285714285714286,0E+2,0.4557485714285714285714285714285714,True,True,13.60628571428571428571428571428572,0,-24.0576446603223025,10.96423718587808890394285714285714,0.5128782398415006896571428571428574,132.5689341614907502285327114128204,142.0985560248447869227067238351807,0.02956826266294901913633567977915803,-3961.812922661876775700,0,138.09196305757515000,0,8508.027301237963029428571428571432,0,4684.306341633661403728571428571432
2025-11-26T11:45:00Z,2025-11-26T13:45:00+02:00,D执行/前日冻结,0.0,0,100,0,0.02834285714285714285714285714285714,0.02434285714285714285714285714285714,0.9473142857142857142857142857142858,True,True,0.7085714285714285714285714285714285,0E-37,0.000,0E-37,0.7085714285714285714285714285714285,142.0985560248447869227067238351807,141.3283696894410602146321896736900,0.002139406487232574189095928226363009,0,0,138.09196305757515000,0,111.0395059371754043428571428571428,0,249.1314689947505543428571428571428
2025-11-26T12:00:00Z,2025-11-26T14:00:00+02:00,D执行/前日冻结,0.0,0,100,100,0E+2,0.86464,0.13536,True,True,0,21.6160000,0.000,21.61600000,0E-8,141.3283696894410602146321896736900,161.2150896894410602146321896736900,0.05524088888888888888888888888888889,0,0,138.09196305757515000,40.282963254077415000,0,6349.170112792296991040000,6527.545039103949556040000
2025-11-26T12:15:00Z,2025-11-26T14:15:00+02:00,D执行/前日冻结,0.0,0,100,100,0.003657142857142857142857142857142857,0.08672,0.9096228571428571428571428571428571,True,True,0.09142857142857142857142857142857142,2.1680000,0.000,2.168000000000000000000000000000000,0.09142857142857142857142857142857142,161.2150896894410602146321896736900,163.1102708074534825748806368786589,0.005816496894409937888198757763975155,0,0,138.09196305757515000,40.282963254077415000,14.27841563035117714285714285714286,-117.045586952249953520000,75.6077549897537886228571428571429
2025-11-26T12:30:00Z,2025-11-26T14:30:00+02:00,D执行/前日冻结,0.0,0,100,100,0.2573257142857142857142857142857143,0E+2,0.7426742857142857142857142857142857,True,True,6.433142857142857142857142857142858,0,0.000,0E-35,6.433142857142857142857142857142858,163.1102708074534825748806368786589,156.1177242236025508978620033382862,0.01942374051069703243616287094547964,0,0,138.09196305757515000,40.282963254077415000,1715.222018808073409028571428571429,0,1893.596945119725974028571428571429
2025-11-26T12:45:00Z,2025-11-26T14:45:00+02:00,D执行/前日冻结,0.0,0,100,100,0.4461257142857142857142857142857143,0.0002285714285714285714285714285714286,0.5536457142857142857142857142857143,True,True,11.15314285714285714285714285714286,0.005714285714285714285714285714285715,0.000,0.005714285714285714285714285714285715,11.15314285714285714285714285714286,156.1177242236025508978620033382862,144.0000000000000664258123138972924,0.03368955141476880607315389924085578,0,0,138.09196305757515000,40.282963254077415000,9243.202756645985360914285714285717,-0.3683013783229935428571428571428572,9421.209381579314932371428571428574
2025-11-26T13:00:00Z,2025-11-26T15:00:00+02:00,D执行/前日冻结,0.0,100,0,0,0,0,1,False,True,0.00,0.00,0.000,0.000,0.000,144.0000000000000664258123138972924,144.0000000000000664258123138972924,0.00000,0,1707.1133818038905000,0,0,0,0,1707.1133818038905000
2025-11-26T13:15:00Z,2025-11-26T15:15:00+02:00,D执行/前日冻结,0.0,100,0,0,0,0,1,False,True,0.00,0.00,0.000,0.000,0.000,144.0000000000000664258123138972924,144.0000000000000664258123138972924,0.00000,0,1707.1133818038905000,0,0,0,0,1707.1133818038905000
2025-11-26T13:30:00Z,2025-11-26T15:30:00+02:00,D执行/前日冻结,0.0,100,0,0,0,0,1,False,True,0.00,0.00,0.000,0.000,0.000,144.0000000000000664258123138972924,144.0000000000000664258123138972924,0.00000,0,1707.1133818038905000,0,0,0,0,1707.1133818038905000
2025-11-26T13:45:00Z,2025-11-26T15:45:00+02:00,D执行/前日冻结,0.0,100,0,0,0,0,1,False,True,0.00,0.00,0.000,0.000,0.000,144.0000000000000664258123138972924,144.0000000000000664258123138972924,0.00000,0,1707.1133818038905000,0,0,0,0,1707.1133818038905000
2025-11-26T14:00:00Z,2025-11-26T16:00:00+02:00,D执行/前日冻结,0.0,0,99,100,0.45824,0E+2,0.54176,True,True,11.3414400,0,0.000,0E-8,11.34144000,144.0000000000000664258123138972924,131.6723478260870229475514443320750,0.03424347826086956521739130434782608,0,0,170.22008253094908525,16.899194340734915000,4967.88501278836708761600,0,5155.00428966005108786600
2025-11-26T14:15:00Z,2025-11-26T16:15:00+02:00,D执行/前日冻结,0.24747285942854091,0,99,100,0.2816,0E+2,0.7184,True,True,6.969600,0,0.0618682148571352275,0.000000,7.03146821485713522750000,131.6723478260870229475514443320750,124.0294475925466585698340530277272,0.02123027842650101216032608695652175,12.289502199221341590600,0,170.22008253094908525,16.899194340734915000,1692.55962208685375020800,0,1891.968401157759092048600
2025-11-26T14:30:00Z,2025-11-26T16:30:00+02:00,D执行/前日冻结,1.0,0,99,100,0.009142857142857142857142857142857143,0.1082742857142857142857142857142857,0.8825828571428571428571428571428572,True,True,0.2262857142857142857142857142857143,2.706857142857142857142857142857142,0.250,2.679788571428571428571428571428571,0.4492171428571428571428571428571429,124.0294475925466585698340530277272,126.0065735751553542220079660712055,0.008204680524499654934437543133195305,58.67750,0,170.22008253094908525,16.899194340734915000,35.56140695617999104000000000000000,-168.6974646717008555742857142857142,112.6607191561631357157142857142858
2025-11-26T14:45:00Z,2025-11-26T16:45:00+02:00,D执行/前日冻结,1.0,0,99,100,0E+2,0.8126628571428571428571428571428571,0.1873371428571428571428571428571429,True,True,0,20.31657142857142857142857142857143,0.250,20.11340571428571428571428571428572,0.04683428571428571428571428571428572,126.0065735751553542220079660712055,144.4600000000000747189023760090937,0.05154233358178053830227743271221533,71.50250,0,170.22008253094908525,16.899194340734915000,0,-127.9476906492996108765714285714286,130.6740862223843893734285714285714
2025-11-26T15:00:00Z,2025-11-26T17:00:00+02:00,D执行/前日冻结,0.0,99,0,0,0,0,1,False,True,0.00,0.00,0.000,0.000,0.000,144.4600000000000747189023760090937,144.4600000000000747189023760090937,0.00000,0,1690.0422479858515950,0,0,0,0,1690.0422479858515950
2025-11-26T15:15:00Z,2025-11-26T17:15:00+02:00,D执行/前日冻结,0.830857142857198,99,0,0,0,0,1,False,True,0.00,0.00,0.20771428571429950,0.00,0.20771428571429950,144.4600000000000747189023760090937,144.2342236024845317841197673134415,0.0006271566597653970410628019323671497,56.4546657142894611050,1690.0422479858515950,0,0,0,0,1746.4969137001410561050
2025-11-26T15:30:00Z,2025-11-26T17:30:00+02:00,D执行/前日冻结,1.0,99,0,0,0,0,1,False,True,0.00,0.00,0.250,0.00,0.250,144.2342236024845317841197673134415,143.9624844720497491754241151395285,0.0007548309178743961352657004830917875,76.81500,1690.0422479858515950,0,0,0,0,1766.8572479858515950
2025-11-26T15:45:00Z,2025-11-26T17:45:00+02:00,D执行/前日冻结,1.0,99,0,0,0,0,1,False,True,0.00,0.00,0.250,0.00,0.250,143.9624844720497491754241151395285,143.6907453416149665667284629656155,0.0007548309178743961352657004830917875,90.69000,1690.0422479858515950,0,0,0,0,1780.7322479858515950
2025-11-26T16:00:00Z,2025-11-26T18:00:00+02:00,D执行/前日冻结,87.0,13,0,87,0E+2,0.1329371428571428571428571428571429,0.8670628571428571428571428571428571,True,True,0,2.891382857142857142857142857142858,21.750,0E-36,18.85861714285714285714285714285714,143.6907453416149665667284629656155,123.1922484472050286785297052016403,0.05694026915113871635610766045548656,6152.42250,221.9247396345057650,0,14.659559834938102575,0,-178.2402024489795840301714285714286,6210.766597020464283544828571428571
2025-11-26T16:15:00Z,2025-11-26T18:15:00+02:00,D执行/前日冻结,87.00000000000004,13,0,87,0.0005028571428571428571428571428571429,0.01769142857142857142857142857142857,0.9818057142857142857142857142857143,True,True,0E-39,0.3847885714285714285714285714285714,21.7500000000000100,0E-37,21.36521142857143857142857142857144,123.1922484472050286785297052016403,99.96919254658389979654212756188874,0.06450848861283646911663216011042098,6308.370000000002900400,221.9247396345057650,0,14.659559834938102575,0,-24.56076189652752168617142857142857,6520.393537572919246288828571428571
2025-11-26T16:30:00Z,2025-11-26T18:30:00+02:00,D执行/前日冻结,87.0,13,0,87,0E+2,0.2349485714285714285714285714285714,0.7650514285714285714285714285714286,True,True,0,5.110131428571428571428571428571428,21.750,0E-36,16.63986857142857142857142857142858,99.96919254658389979654212756188874,81.88237888198762650461666172337942,0.05024114906832298136645962732919256,6334.90500,221.9247396345057650,0,14.659559834938102575,0,-301.3642020200432117295428571428571,6270.125097449400655845457142857143
2025-11-26T16:45:00Z,2025-11-26T18:45:00+02:00,D执行/前日冻结,87.0,13,0,87,0E+2,0.2583085714285714285714285714285714,0.7416914285714285714285714285714286,True,True,0,5.618211428571428571428571428571428,21.750,0E-36,16.13178857142857142857142857142858,81.88237888198762650461666172337942,64.34782608695657060399554371095705,0.04870709109730848861283643892339547,6287.9250,221.9247396345057650,0,14.659559834938102575,0,-331.1973724840692689661428571428571,6193.311926985374598608857142857143
2025-11-26T17:00:00Z,2025-11-26T19:00:00+02:00,D执行/前日冻结,0.0,100,0,0,0E+2,0.1426285714285714285714285714285714,0.8573714285714285714285714285714286,True,True,0,0E-36,0.000,0E-36,0E-36,64.34782608695657060399554371095705,64.34782608695657060399554371095705,0E-38,0,1707.1133818038905000,0,0,0,0,1707.1133818038905000
2025-11-26T17:15:00Z,2025-11-26T19:15:00+02:00,D执行/前日冻结,0.0,100,0,0,0.0008685714285714285714285714285714286,0.009257142857142857142857142857142857,0.9898742857142857142857142857142857,True,True,0E-39,0E-38,0.000,0E-38,0E-38,64.34782608695657060399554371095705,64.34782608695657060399554371095705,0E-40,0,1707.1133818038905000,0,0,0,0,1707.1133818038905000
2025-11-26T17:30:00Z,2025-11-26T19:30:00+02:00,D执行/前日冻结,0.0,100,0,0,0E+2,0.17328,0.82672,True,True,0,0E-7,0.000,0E-8,0E-8,64.34782608695657060399554371095705,64.34782608695657060399554371095705,0E-10,0,1707.1133818038905000,0,0,0,0,1707.1133818038905000
2025-11-26T17:45:00Z,2025-11-26T19:45:00+02:00,D执行/前日冻结,0.0,100,0,0,0E+2,0.1294628571428571428571428571428571,0.8705371428571428571428571428571429,True,True,0,0E-36,0.000,0E-36,0E-36,64.34782608695657060399554371095705,64.34782608695657060399554371095705,0E-38,0,1707.1133818038905000,0,0,0,0,1707.1133818038905000
2025-11-26T18:00:00Z,2025-11-26T20:00:00+02:00,D执行/前日冻结,100.0000000000001,0,0,100,0E+2,0.9351542857142857142857142857142857,0.0648457142857142857142857142857143,True,True,0,23.37885714285714285714285714285714,25.000000000000025,0E-35,1.621142857142882142857142857142858,64.34782608695657060399554371095705,62.58571428571430740523777973580177,0.004894755003450731107660455486542446,5481.50000000000548150,0,0,16.850068775790922500,0,-167.2261306459309945908571428571428,5331.123938129865409409142857142857
2025-11-26T18:15:00Z,2025-11-26T20:15:00+02:00,D执行/前日冻结,100.00000000000001,0,0,100,0E+2,0.7796114285714285714285714285714286,0.2203885714285714285714285714285714,True,True,0,19.49028571428571428571428571428572,25.0000000000000025,0E-35,5.509714285714288214285714285714285,62.58571428571430740523777973580177,56.59689440993790717231852507741668,0.01663561076604555620255348516218081,4750.00000000000047500,0,0,16.850068775790922500,0,-639.4031617775031736914285714285716,4127.446906998288223808571428571428
2025-11-26T18:30:00Z,2025-11-26T20:30:00+02:00,D执行/前日冻结,99.20795788706002,0,0,100,0E+2,0.76704,0.23296,True,True,0,19.1760000,24.8019894717650050,0.151881995577370564800,5.777871467342375564800,56.59689440993790717231852507741668,50.45633077267085378236930768611233,0.01783340696980393119217004830917874,4189.552061570544644600,0,0,16.850068775790922500,0,-452.1149899783847118480000,3754.2871403679508552520000
2025-11-26T18:45:00Z,2025-11-26T20:45:00+02:00,D执行/前日冻结,0.0,0,0,100,0E+2,0.54544,0.45456,True,True,0,13.6360000,0.000,13.63600000,0E-8,50.45633077267085378236930768611233,63.00145077267085378236930768611233,0.03484755555555555555555555555555556,0,0,0,16.850068775790922500,0,-585.881766162310754920000,-569.031697386519832420000
2025-11-26T19:00:00Z,2025-11-26T21:00:00+02:00,D执行/前日冻结,0.0,97,3,3,0E+2,0.5906742857142857142857142857142857,0.4093257142857142857142857142857143,True,True,0,0.4430057142857142857142857142857143,0.000,0.4430057142857142857142857142857142,0E-35,63.00145077267085378236930768611233,63.40901602981371092522645054325519,0.001132125714285714285714285714285714,0,1655.8999803497737850,5.15818431911966925,0.506975830222047450,0,-10.36776136091850673385142857142857,1651.197379138196994966148571428571
2025-11-26T19:15:00Z,2025-11-26T21:15:00+02:00,D执行/前日冻结,0.0,97,3,3,0E+2,0.4227657142857142857142857142857143,0.5772342857142857142857142857142857,True,True,0,0.3170742857142857142857142857142857,0.000,0.3170742857142857142857142857142858,0E-35,63.40901602981371092522645054325519,63.70072437267085378236930768611233,0.0008103009523809523809523809523809525,0,1655.8999803497737850,5.15818431911966925,0.506975830222047450,0,-13.72030092019200931474285714285714,1647.844839578923492385257142857143
2025-11-26T19:30:00Z,2025-11-26T21:30:00+02:00,D执行/前日冻结,0.0,97,3,3,0E+2,0.6094628571428571428571428571428571,0.3905371428571428571428571428571429,True,True,0,0.4570971428571428571428571428571428,0.000,0.4570971428571428571428571428571429,0E-36,63.70072437267085378236930768611233,64.12125374409942521094073625754090,0.001168137142857142857142857142857143,0,1655.8999803497737850,5.15818431911966925,0.506975830222047450,0,-14.53333584257361628045714285714286,1647.031804656541885419542857142857
2025-11-26T19:45:00Z,2025-11-26T21:45:00+02:00,D执行/前日冻结,0.0,97,3,3,0E+2,0.3283657142857142857142857142857143,0.6716342857142857142857142857142857,True,True,0,0.2462742857142857142857142857142857,0.000,0.2462742857142857142857142857142857,0E-35,64.12125374409942521094073625754090,64.34782608695656806808359340039804,0.0006293676190476190476190476190476192,0,1655.8999803497737850,5.15818431911966925,0.506975830222047450,0,-12.55427814389579680080000000000000,1649.010862355219704899200000000000
2025-11-26T20:00:00Z,2025-11-26T22:00:00+02:00,D执行/前日冻结,0.0,100,0,0,0E+2,0.20784,0.79216,True,True,0,0E-7,0.000,0E-8,0E-8,64.34782608695656806808359340039804,64.34782608695656806808359340039804,0E-10,0,1707.1133818038905000,0,0,0,0,1707.1133818038905000
2025-11-26T20:15:00Z,2025-11-26T22:15:00+02:00,D执行/前日冻结,0.0,100,0,0,0E+2,0.07332571428571428571428571428571429,0.9266742857142857142857142857142857,True,True,0,0E-37,0.000,0E-36,0E-36,64.34782608695656806808359340039804,64.34782608695656806808359340039804,0E-38,0,1707.1133818038905000,0,0,0,0,1707.1133818038905000
2025-11-26T20:30:00Z,2025-11-26T22:30:00+02:00,D执行/前日冻结,0.0,100,0,0,0E+2,0.2399314285714285714285714285714286,0.7600685714285714285714285714285714,True,True,0,0E-36,0.000,0E-36,0E-36,64.34782608695656806808359340039804,64.34782608695656806808359340039804,0E-38,0,1707.1133818038905000,0,0,0,0,1707.1133818038905000
2025-11-26T20:45:00Z,2025-11-26T22:45:00+02:00,D执行/前日冻结,0.0,100,0,0,0E+2,0.2368914285714285714285714285714286,0.7631085714285714285714285714285714,True,True,0,0E-36,0.000,0E-36,0E-36,64.34782608695656806808359340039804,64.34782608695656806808359340039804,0E-38,0,1707.1133818038905000,0,0,0,0,1707.1133818038905000
2025-11-26T21:00:00Z,2025-11-26T23:00:00+02:00,D执行/前日冻结,0.0,100,0,0,0E+2,0.4551542857142857142857142857142857,0.5448457142857142857142857142857143,True,True,0,0E-36,0.000,0E-35,0E-35,64.34782608695656806808359340039804,64.34782608695656806808359340039804,0E-37,0,1707.1133818038905000,0,0,0,0,1707.1133818038905000
2025-11-26T21:15:00Z,2025-11-26T23:15:00+02:00,D执行/前日冻结,0.0,100,0,0,0.00006857142857142857142857142857142857,0.1226971428571428571428571428571429,0.8772342857142857142857142857142857,True,True,0E-40,0E-36,0.000,0E-39,0E-39,64.34782608695656806808359340039804,64.34782608695656806808359340039804,0E-41,0,1707.1133818038905000,0,0,0,0,1707.1133818038905000
2025-11-26T21:30:00Z,2025-11-26T23:30:00+02:00,D执行/前日冻结,0.0,100,0,0,0.001142857142857142857142857142857143,0.03865142857142857142857142857142857,0.9602057142857142857142857142857143,True,True,0E-38,0E-37,0.000,0E-38,0E-38,64.34782608695656806808359340039804,64.34782608695656806808359340039804,0E-40,0,1707.1133818038905000,0,0,0,0,1707.1133818038905000
2025-11-26T21:45:00Z,2025-11-26T23:45:00+02:00,D执行/前日冻结,0.0,100,0,0,0.001371428571428571428571428571428571,0.1986285714285714285714285714285714,0.8000000000000000000000000000000000,True,True,0E-38,0E-36,0.000,0E-38,0E-38,64.34782608695656806808359340039804,64.34782608695656806808359340039804,0E-40,0,1707.1133818038905000,0,0,0,0,1707.1133818038905000
2025-11-26T22:00:00Z,2025-11-27T00:00:00+02:00,D+1规划/当日新增,0.0,100,0,0,0.05723428571428571428571428571428571,0.1030857142857142857142857142857143,0.8396800000000000000000000000000000,True,True,0E-37,0E-36,0.000,0E-36,0E-36,64.34782608695656806808359340039804,64.34782608695656806808359340039804,0E-38,0,1706.677406046795000,0,0,0,0,1706.677406046795000
2025-11-26T22:15:00Z,2025-11-27T00:15:00+02:00,D+1规划/当日新增,0.0,100,0,0,0E+2,0.04118857142857142857142857142857143,0.9588114285714285714285714285714286,True,True,0,0E-37,0.000,0E-36,0E-36,64.34782608695656806808359340039804,64.34782608695656806808359340039804,0E-38,0,1706.677406046795000,0,0,0,0,1706.677406046795000
2025-11-26T22:30:00Z,2025-11-27T00:30:00+02:00,D+1规划/当日新增,0.0,100,0,0,0E+2,0.6678857142857142857142857142857143,0.3321142857142857142857142857142857,True,True,0,0E-36,0.000,0E-36,0E-36,64.34782608695656806808359340039804,64.34782608695656806808359340039804,0E-38,0,1706.677406046795000,0,0,0,0,1706.677406046795000
2025-11-26T22:45:00Z,2025-11-27T00:45:00+02:00,D+1规划/当日新增,0.0,100,0,0,0E+2,0.6873142857142857142857142857142857,0.3126857142857142857142857142857143,True,True,0,0E-36,0.000,0E-36,0E-36,64.34782608695656806808359340039804,64.34782608695656806808359340039804,0E-38,0,1706.677406046795000,0,0,0,0,1706.677406046795000
2025-11-26T23:00:00Z,2025-11-27T01:00:00+02:00,D+1规划/当日新增,0.0,100,0,0,0E+2,0.16096,0.83904,True,True,0,0E-7,0.000,0E-8,0E-8,64.34782608695656806808359340039804,64.34782608695656806808359340039804,0E-10,0,1706.677406046795000,0,0,0,0,1706.677406046795000
2025-11-26T23:15:00Z,2025-11-27T01:15:00+02:00,D+1规划/当日新增,0.0,100,0,0,0.1252342857142857142857142857142857,0.005828571428571428571428571428571429,0.8689371428571428571428571428571429,True,True,0E-36,0E-38,0.000,0E-37,0E-37,64.34782608695656806808359340039804,64.34782608695656806808359340039804,0E-39,0,1706.677406046795000,0,0,0,0,1706.677406046795000
2025-11-26T23:30:00Z,2025-11-27T01:30:00+02:00,D+1规划/当日新增,0.0,100,0,0,0.08747428571428571428571428571428571,0E+2,0.9125257142857142857142857142857143,True,True,0E-37,0,0.000,0E-36,0E-36,64.34782608695656806808359340039804,64.34782608695656806808359340039804,0E-38,0,1706.677406046795000,0,0,0,0,1706.677406046795000
2025-11-26T23:45:00Z,2025-11-27T01:45:00+02:00,D+1规划/当日新增,0.0,100,0,0,0.4103314285714285714285714285714286,0E+2,0.5896685714285714285714285714285714,True,True,0E-36,0,0.000,0E-35,0E-35,64.34782608695656806808359340039804,64.34782608695656806808359340039804,0E-37,0,1706.677406046795000,0,0,0,0,1706.677406046795000
2025-11-27T00:00:00Z,2025-11-27T02:00:00+02:00,D+1规划/当日新增,0.0,100,0,0,0.2356571428571428571428571428571429,0E+2,0.7643428571428571428571428571428571,True,True,0E-36,0,0.000,0E-36,0E-36,64.34782608695656806808359340039804,64.34782608695656806808359340039804,0E-38,0,1706.677406046795000,0,0,0,0,1706.677406046795000
2025-11-27T00:15:00Z,2025-11-27T02:15:00+02:00,D+1规划/当日新增,0.0,100,0,0,0.005028571428571428571428571428571429,0.0004114285714285714285714285714285714,0.9945600000000000000000000000000000,True,True,0E-38,0E-39,0.000,0E-38,0E-38,64.34782608695656806808359340039804,64.34782608695656806808359340039804,0E-40,0,1706.677406046795000,0,0,0,0,1706.677406046795000
2025-11-27T00:30:00Z,2025-11-27T02:30:00+02:00,D+1规划/当日新增,0.0,100,0,0,0.005531428571428571428571428571428571,0.004822857142857142857142857142857143,0.9896457142857142857142857142857143,True,True,0E-38,0E-38,0.000,0E-37,0E-37,64.34782608695656806808359340039804,64.34782608695656806808359340039804,0E-39,0,1706.677406046795000,0,0,0,0,1706.677406046795000
2025-11-27T00:45:00Z,2025-11-27T02:45:00+02:00,D+1规划/当日新增,0.0,100,0,0,0.09232,0.001188571428571428571428571428571429,0.9064914285714285714285714285714286,True,True,0E-7,0E-38,0.000,0E-38,0E-38,64.34782608695656806808359340039804,64.34782608695656806808359340039804,0E-40,0,1706.677406046795000,0,0,0,0,1706.677406046795000
2025-11-27T01:00:00Z,2025-11-27T03:00:00+02:00,D+1规划/当日新增,-100.0,0,100,0,0.001051428571428571428571428571428571,0.004502857142857142857142857142857143,0.9944457142857142857142857142857143,True,True,0.02628571428571428571428571428571428,0E-38,-25.000,24.97371428571428571428571428571429,0E-38,64.34782608695656806808359340039804,87.32364322981371092522645054325518,0.06382171428571428571428571428571429,-2101.00000,0,134.07854153979137500,0,3.675337013535548228571428571428571,0,-1963.246121446673076771428571428571
2025-11-27T01:15:00Z,2025-11-27T03:15:00+02:00,D+1规划/当日新增,-100.0,0,100,0,0.27344,0E+2,0.72656,True,True,6.8360000,0,-25.000,18.16400000,0E-8,87.32364322981371092522645054325518,104.0345232298137109252264505432552,0.04641911111111111111111111111111111,-2037.25000,0,134.07854153979137500,0,1386.604232363514965360000,0,-516.567226096693659640000
2025-11-27T01:30:00Z,2025-11-27T03:30:00+02:00,D+1规划/当日新增,-100.0,0,100,0,0.5856228571428571428571428571428571,0E+2,0.4143771428571428571428571428571429,True,True,14.64057142857142857142857142857143,0,-25.000,10.35942857142857142857142857142857,0E-35,104.0345232298137109252264505432552,113.5651975155279966395121648289695,0.02647409523809523809523809523809523,-1995.50000,0,134.07854153979137500,0,6664.981870953438640914285714285715,0,4803.560412493230015914285714285715
2025-11-27T01:45:00Z,2025-11-27T03:45:00+02:00,D+1规划/当日新增,-100.0,0,100,0,0.5264914285714285714285714285714286,0E+2,0.4735085714285714285714285714285714,True,True,13.16228571428571428571428571428572,0,-25.000,11.83771428571428571428571428571428,0E-35,113.5651975155279966395121648289695,124.4558946583851394966550219718266,0.03025193650793650793650793650793650,-1898.50000,0,134.07854153979137500,0,3828.988374639720765942857142857145,0,2064.566916179512140942857142857145
2025-11-27T02:00:00Z,2025-11-27T04:00:00+02:00,D+1规划/当日新增,0.0,100,0,0,0.1947657142857142857142857142857143,0.00064,0.8045942857142857142857142857142857,True,True,0E-36,0E-7,0.000,0E-36,0E-36,124.4558946583851394966550219718266,124.4558946583851394966550219718266,0E-38,0,1706.677406046795000,0,0,0,0,1706.677406046795000
2025-11-27T02:15:00Z,2025-11-27T04:15:00+02:00,D+1规划/当日新增,0.0,100,0,0,0.05051428571428571428571428571428571,0E+2,0.9494857142857142857142857142857143,True,True,0E-37,0,0.000,0E-36,0E-36,124.4558946583851394966550219718266,124.4558946583851394966550219718266,0E-38,0,1706.677406046795000,0,0,0,0,1706.677406046795000
2025-11-27T02:30:00Z,2025-11-27T04:30:00+02:00,D+1规划/当日新增,0.0,100,0,0,0.1584914285714285714285714285714286,0E+2,0.8415085714285714285714285714285714,True,True,0E-36,0,0.000,0E-36,0E-36,124.4558946583851394966550219718266,124.4558946583851394966550219718266,0E-38,0,1706.677406046795000,0,0,0,0,1706.677406046795000
2025-11-27T02:45:00Z,2025-11-27T04:45:00+02:00,D+1规划/当日新增,0.0,100,0,0,0.006262857142857142857142857142857143,0.00368,0.9900571428571428571428571428571429,True,True,0E-38,0E-7,0.000,0E-37,0E-37,124.4558946583851394966550219718266,124.4558946583851394966550219718266,0E-39,0,1706.677406046795000,0,0,0,0,1706.677406046795000
2025-11-27T03:00:00Z,2025-11-27T05:00:00+02:00,D+1规划/当日新增,0.0,100,0,0,0.01318857142857142857142857142857143,0.001211428571428571428571428571428571,0.9856000000000000000000000000000000,True,True,0E-37,0E-38,0.000,0E-38,0E-38,124.4558946583851394966550219718266,124.4558946583851394966550219718266,0E-40,0,1706.677406046795000,0,0,0,0,1706.677406046795000
2025-11-27T03:15:00Z,2025-11-27T05:15:00+02:00,D+1规划/当日新增,0.0,100,0,0,0.01110857142857142857142857142857143,0.004228571428571428571428571428571429,0.9846628571428571428571428571428572,True,True,0E-37,0E-38,0.000,0E-37,0E-37,124.4558946583851394966550219718266,124.4558946583851394966550219718266,0E-39,0,1706.677406046795000,0,0,0,0,1706.677406046795000
2025-11-27T03:30:00Z,2025-11-27T05:30:00+02:00,D+1规划/当日新增,0.0,100,0,0,0.03826285714285714285714285714285714,0E+2,0.9617371428571428571428571428571429,True,True,0E-37,0,0.000,0E-37,0E-37,124.4558946583851394966550219718266,124.4558946583851394966550219718266,0E-39,0,1706.677406046795000,0,0,0,0,1706.677406046795000
2025-11-27T03:45:00Z,2025-11-27T05:45:00+02:00,D+1规划/当日新增,0.0,100,0,0,0.1538514285714285714285714285714286,0E+2,0.8461485714285714285714285714285714,True,True,0E-36,0,0.000,0E-36,0E-36,124.4558946583851394966550219718266,124.4558946583851394966550219718266,0E-38,0,1706.677406046795000,0,0,0,0,1706.677406046795000
2025-11-27T04:00:00Z,2025-11-27T06:00:00+02:00,D+1规划/当日新增,0.0,100,0,0,0.2625371428571428571428571428571429,0.0005942857142857142857142857142857143,0.7368685714285714285714285714285714,True,True,0E-36,0E-39,0.000,0E-38,0E-38,124.4558946583851394966550219718266,124.4558946583851394966550219718266,0E-40,0,1706.677406046795000,0,0,0,0,1706.677406046795000
2025-11-27T04:15:00Z,2025-11-27T06:15:00+02:00,D+1规划/当日新增,0.0,100,0,0,0.42016,0E+2,0.57984,True,True,0E-7,0,0.000,0E-8,0E-8,124.4558946583851394966550219718266,124.4558946583851394966550219718266,0E-10,0,1706.677406046795000,0,0,0,0,1706.677406046795000
2025-11-27T04:30:00Z,2025-11-27T06:30:00+02:00,D+1规划/当日新增,0.0,100,0,0,0.3472228571428571428571428571428571,0E+2,0.6527771428571428571428571428571429,True,True,0E-36,0,0.000,0E-36,0E-36,124.4558946583851394966550219718266,124.4558946583851394966550219718266,0E-38,0,1706.677406046795000,0,0,0,0,1706.677406046795000
2025-11-27T04:45:00Z,2025-11-27T06:45:00+02:00,D+1规划/当日新增,0.0,100,0,0,0.2258514285714285714285714285714286,0E+2,0.7741485714285714285714285714285714,True,True,0E-36,0,0.000,0E-36,0E-36,124.4558946583851394966550219718266,124.4558946583851394966550219718266,0E-38,0,1706.677406046795000,0,0,0,0,1706.677406046795000
2025-11-27T05:00:00Z,2025-11-27T07:00:00+02:00,D+1规划/当日新增,-100.0,0,100,0,0.3734628571428571428571428571428571,0.004297142857142857142857142857142857,0.6222400000000000000000000000000000,True,True,9.336571428571428571428571428571428,0E-38,-25.000,15.66342857142857142857142857142857,0E-36,124.4558946583851394966550219718266,138.8662489440994252109407362575409,0.04002876190476190476190476190476190,-2256.75000,0,179.16429287075417500,0,7287.489029274164989314285714285714,0,5209.903322144919164314285714285714
2025-11-27T05:15:00Z,2025-11-27T07:15:00+02:00,D+1规划/当日新增,0.0,0,100,0,0.43776,0E+2,0.56224,True,True,10.9440000,0,0.000,0E-8,10.94400000,138.8662489440994252109407362575409,126.9705967701863817326798666923235,0.03304347826086956521739130434782608,0,0,179.16429287075417500,0,2083.24284855509479680000,0,2262.40714142584897180000
2025-11-27T05:30:00Z,2025-11-27T07:30:00+02:00,D+1规划/当日新增,0.0,0,100,0,0.23472,0E+2,0.76528,True,True,5.8680000,0,0.000,0E-8,5.86800000,126.9705967701863817326798666923235,120.5923359006211643413755188662365,0.01771739130434782608695652173913044,0,0,179.16429287075417500,0,939.34918177710556680000,0,1118.51347464785974180000
2025-11-27T05:45:00Z,2025-11-27T07:45:00+02:00,D+1规划/当日新增,0.0,0,100,0,0.2701485714285714285714285714285714,0E+2,0.7298514285714285714285714285714286,True,True,6.753714285714285714285714285714285,0,0.000,0E-35,6.753714285714285714285714285714285,120.5923359006211643413755188662365,113.2513421118012885649780033382862,0.02039164941338854382332643202208419,0,0,179.16429287075417500,0,1261.664094903191312942857142857143,0,1440.828387773945487942857142857143
2025-11-27T06:00:00Z,2025-11-27T08:00:00+02:00,D+1规划/当日新增,0.0,100,0,0,0.2231771428571428571428571428571429,0.0003885714285714285714285714285714286,0.7764342857142857142857142857142857,True,True,0E-36,0E-39,0.000,0E-39,0E-39,113.2513421118012885649780033382862,113.2513421118012885649780033382862,0E-41,0,1706.677406046795000,0,0,0,0,1706.677406046795000
2025-11-27T06:15:00Z,2025-11-27T08:15:00+02:00,D+1规划/当日新增,0.0,100,0,0,0.1146514285714285714285714285714286,0.01485714285714285714285714285714286,0.8704914285714285714285714285714285,True,True,0E-36,0E-37,0.000,0E-37,0E-37,113.2513421118012885649780033382862,113.2513421118012885649780033382862,0E-39,0,1706.677406046795000,0,0,0,0,1706.677406046795000
2025-11-27T06:30:00Z,2025-11-27T08:30:00+02:00,D+1规划/当日新增,0.0,100,0,0,0.01958857142857142857142857142857143,0E+2,0.9804114285714285714285714285714286,True,True,0E-37,0,0.000,0E-37,0E-37,113.2513421118012885649780033382862,113.2513421118012885649780033382862,0E-39,0,1706.677406046795000,0,0,0,0,1706.677406046795000
2025-11-27T06:45:00Z,2025-11-27T08:45:00+02:00,D+1规划/当日新增,0.0,100,0,0,0.008388571428571428571428571428571429,0.008708571428571428571428571428571429,0.9829028571428571428571428571428572,True,True,0E-38,0E-38,0.000,0E-37,0E-37,113.2513421118012885649780033382862,113.2513421118012885649780033382862,0E-39,0,1706.677406046795000,0,0,0,0,1706.677406046795000
2025-11-27T07:00:00Z,2025-11-27T09:00:00+02:00,D+1规划/当日新增,0.0,100,0,0,0.03785142857142857142857142857142857,0.13712,0.8250285714285714285714285714285714,True,True,0E-37,0E-7,0.000,0E-37,0E-37,113.2513421118012885649780033382862,113.2513421118012885649780033382862,0E-39,0,1706.677406046795000,0,0,0,0,1706.677406046795000
2025-11-27T07:15:00Z,2025-11-27T09:15:00+02:00,D+1规划/当日新增,0.0,100,0,0,0.2192228571428571428571428571428571,0E+2,0.7807771428571428571428571428571429,True,True,0E-36,0,0.000,0E-36,0E-36,113.2513421118012885649780033382862,113.2513421118012885649780033382862,0E-38,0,1706.677406046795000,0,0,0,0,1706.677406046795000
2025-11-27T07:30:00Z,2025-11-27T09:30:00+02:00,D+1规划/当日新增,0.0,100,0,0,0.08998857142857142857142857142857143,0.0002057142857142857142857142857142857,0.9098057142857142857142857142857143,True,True,0E-37,0E-39,0.000,0E-39,0E-39,113.2513421118012885649780033382862,113.2513421118012885649780033382862,0E-41,0,1706.677406046795000,0,0,0,0,1706.677406046795000
2025-11-27T07:45:00Z,2025-11-27T09:45:00+02:00,D+1规划/当日新增,0.0,100,0,0,0.009645714285714285714285714285714286,0.09940571428571428571428571428571429,0.8909485714285714285714285714285714,True,True,0E-38,0E-37,0.000,0E-37,0E-37,113.2513421118012885649780033382862,113.2513421118012885649780033382862,0E-39,0,1706.677406046795000,0,0,0,0,1706.677406046795000
2025-11-27T08:00:00Z,2025-11-27T10:00:00+02:00,D+1规划/当日新增,0.0,100,0,0,0E+2,0.1459657142857142857142857142857143,0.8540342857142857142857142857142857,True,True,0,0E-36,0.000,0E-36,0E-36,113.2513421118012885649780033382862,113.2513421118012885649780033382862,0E-38,0,1706.677406046795000,0,0,0,0,1706.677406046795000
2025-11-27T08:15:00Z,2025-11-27T10:15:00+02:00,D+1规划/当日新增,0.0,100,0,0,0.05492571428571428571428571428571429,0.01065142857142857142857142857142857,0.9344228571428571428571428571428571,True,True,0E-37,0E-37,0.000,0E-37,0E-37,113.2513421118012885649780033382862,113.2513421118012885649780033382862,0E-39,0,1706.677406046795000,0,0,0,0,1706.677406046795000
2025-11-27T08:30:00Z,2025-11-27T10:30:00+02:00,D+1规划/当日新增,0.0,100,0,0,0.002217142857142857142857142857142857,0.01508571428571428571428571428571429,0.9826971428571428571428571428571428,True,True,0E-38,0E-37,0.000,0E-38,0E-38,113.2513421118012885649780033382862,113.2513421118012885649780033382862,0E-40,0,1706.677406046795000,0,0,0,0,1706.677406046795000
2025-11-27T08:45:00Z,2025-11-27T10:45:00+02:00,D+1规划/当日新增,0.0,100,0,0,0.01830857142857142857142857142857143,0.002925714285714285714285714285714286,0.9787657142857142857142857142857143,True,True,0E-37,0E-38,0.000,0E-38,0E-38,113.2513421118012885649780033382862,113.2513421118012885649780033382862,0E-40,0,1706.677406046795000,0,0,0,0,1706.677406046795000
2025-11-27T09:00:00Z,2025-11-27T11:00:00+02:00,D+1规划/当日新增,0.0,0,100,0,0.01261714285714285714285714285714286,0.004594285714285714285714285714285714,0.9827885714285714285714285714285714,True,True,0.3154285714285714285714285714285715,0E-38,0.000,0E-37,0.3154285714285714285714285714285715,113.2513421118012885649780033382862,112.9084849689441457078351461954291,0.0009523809523809523809523809523809528,0,0,134.07854153979137500,0,49.25873557831281531428571428571430,0,183.3372771181041903142857142857143
2025-11-27T09:15:00Z,2025-11-27T11:15:00+02:00,D+1规划/当日新增,0.0,0,100,0,0.01492571428571428571428571428571429,0.001462857142857142857142857142857143,0.9836114285714285714285714285714286,True,True,0.3731428571428571428571428571428572,0E-38,0.000,0E-38,0.3731428571428571428571428571428572,112.9084849689441457078351461954291,112.5028949068323444655991213507086,0.001126639061421670117322291235334714,0,0,134.07854153979137500,0,58.19358690618851554285714285714287,0,192.2721284459798905428571428571429
2025-11-27T09:30:00Z,2025-11-27T11:30:00+02:00,D+1规划/当日新增,0.0,0,100,0,0.2054628571428571428571428571428571,0.00128,0.7932571428571428571428571428571429,True,True,5.136571428571428571428571428571428,0E-7,0.000,0E-35,5.136571428571428571428571428571428,112.5028949068323444655991213507086,106.9196650931677481923071958848701,0.01550897170462387853692201518288475,0,0,134.07854153979137500,0,2914.462152048293361200000000000000,0,3048.540693588084736200000000000000
2025-11-27T09:45:00Z,2025-11-27T11:45:00+02:00,D+1规划/当日新增,-100.0,0,100,0,0.4200685714285714285714285714285714,0.00009142857142857142857142857142857143,0.5798400000000000000000000000000000,True,True,10.50171428571428571428571428571428,0E-40,-25.000,14.49828571428571428571428571428571,0E-38,106.9196650931677481923071958848701,120.2580879503106053351643387420130,0.03705117460317460317460317460317460,-2456.00000,0,134.07854153979137500,0,6859.414517583863711314285714285711,0,4537.493059123655086314285714285711
2025-11-27T10:00:00Z,2025-11-27T12:00:00+02:00,D+1规划/当日新增,0.0,100,0,0,0.006262857142857142857142857142857143,0.06553142857142857142857142857142857,0.9282057142857142857142857142857143,True,True,0E-38,0E-37,0.000,0E-37,0E-37,120.2580879503106053351643387420130,120.2580879503106053351643387420130,0E-39,0,1706.677406046795000,0,0,0,0,1706.677406046795000
2025-11-27T10:15:00Z,2025-11-27T12:15:00+02:00,D+1规划/当日新增,0.0,100,0,0,0.004868571428571428571428571428571429,0.02781714285714285714285714285714286,0.9673142857142857142857142857142857,True,True,0E-38,0E-37,0.000,0E-37,0E-37,120.2580879503106053351643387420130,120.2580879503106053351643387420130,0E-39,0,1706.677406046795000,0,0,0,0,1706.677406046795000
2025-11-27T10:30:00Z,2025-11-27T12:30:00+02:00,D+1规划/当日新增,0.0,100,0,0,0.007154285714285714285714285714285714,0.028,0.9648457142857142857142857142857143,True,True,0E-38,0.00000,0.000,0E-37,0E-37,120.2580879503106053351643387420130,120.2580879503106053351643387420130,0E-39,0,1706.677406046795000,0,0,0,0,1706.677406046795000
2025-11-27T10:45:00Z,2025-11-27T12:45:00+02:00,D+1规划/当日新增,0.0,100,0,0,0.3375085714285714285714285714285714,0.0002057142857142857142857142857142857,0.6622857142857142857142857142857143,True,True,0E-36,0E-39,0.000,0E-39,0E-39,120.2580879503106053351643387420130,120.2580879503106053351643387420130,0E-41,0,1706.677406046795000,0,0,0,0,1706.677406046795000
2025-11-27T11:00:00Z,2025-11-27T13:00:00+02:00,D+1规划/当日新增,0.0,100,0,0,0.2951542857142857142857142857142857,0E+2,0.7048457142857142857142857142857143,True,True,0E-36,0,0.000,0E-36,0E-36,120.2580879503106053351643387420130,120.2580879503106053351643387420130,0E-38,0,1706.677406046795000,0,0,0,0,1706.677406046795000
2025-11-27T11:15:00Z,2025-11-27T13:15:00+02:00,D+1规划/当日新增,0.0,100,0,0,0.03414857142857142857142857142857143,0.005394285714285714285714285714285714,0.9604571428571428571428571428571429,True,True,0E-37,0E-38,0.000,0E-37,0E-37,120.2580879503106053351643387420130,120.2580879503106053351643387420130,0E-39,0,1706.677406046795000,0,0,0,0,1706.677406046795000
2025-11-27T11:30:00Z,2025-11-27T13:30:00+02:00,D+1规划/当日新增,0.0,100,0,0,0.02219428571428571428571428571428571,0.003154285714285714285714285714285714,0.9746514285714285714285714285714286,True,True,0E-37,0E-38,0.000,0E-38,0E-38,120.2580879503106053351643387420130,120.2580879503106053351643387420130,0E-40,0,1706.677406046795000,0,0,0,0,1706.677406046795000
2025-11-27T11:45:00Z,2025-11-27T13:45:00+02:00,D+1规划/当日新增,0.0,100,0,0,0.03942857142857142857142857142857143,0.03963428571428571428571428571428571,0.9209371428571428571428571428571429,True,True,0E-37,0E-37,0.000,0E-37,0E-37,120.2580879503106053351643387420130,120.2580879503106053351643387420130,0E-39,0,1706.677406046795000,0,0,0,0,1706.677406046795000
2025-11-27T12:00:00Z,2025-11-27T14:00:00+02:00,D+1规划/当日新增,0.0,100,0,0,0E+2,0.2640685714285714285714285714285714,0.7359314285714285714285714285714286,True,True,0,0E-36,0.000,0E-36,0E-36,120.2580879503106053351643387420130,120.2580879503106053351643387420130,0E-38,0,1706.677406046795000,0,0,0,0,1706.677406046795000
2025-11-27T12:15:00Z,2025-11-27T14:15:00+02:00,D+1规划/当日新增,0.0,100,0,0,0E+2,0.3592,0.6408,True,True,0,0.000000,0.000,0E-7,0E-7,120.2580879503106053351643387420130,120.2580879503106053351643387420130,0E-9,0,1706.677406046795000,0,0,0,0,1706.677406046795000
2025-11-27T12:30:00Z,2025-11-27T14:30:00+02:00,D+1规划/当日新增,0.0,100,0,0,0.02322285714285714285714285714285714,0.1098742857142857142857142857142857,0.8669028571428571428571428571428572,True,True,0E-37,0E-36,0.000,0E-37,0E-37,120.2580879503106053351643387420130,120.2580879503106053351643387420130,0E-39,0,1706.677406046795000,0,0,0,0,1706.677406046795000
2025-11-27T12:45:00Z,2025-11-27T14:45:00+02:00,D+1规划/当日新增,0.0,100,0,0,0.08198857142857142857142857142857143,0.003977142857142857142857142857142857,0.9140342857142857142857142857142857,True,True,0E-37,0E-38,0.000,0E-38,0E-38,120.2580879503106053351643387420130,120.2580879503106053351643387420130,0E-40,0,1706.677406046795000,0,0,0,0,1706.677406046795000
2025-11-27T13:00:00Z,2025-11-27T15:00:00+02:00,D+1规划/当日新增,0.0,100,0,0,0E+2,0.2229714285714285714285714285714286,0.7770285714285714285714285714285714,True,True,0,0E-36,0.000,0E-36,0E-36,120.2580879503106053351643387420130,120.2580879503106053351643387420130,0E-38,0,1706.677406046795000,0,0,0,0,1706.677406046795000
2025-11-27T13:15:00Z,2025-11-27T15:15:00+02:00,D+1规划/当日新增,0.0,100,0,0,0.0009371428571428571428571428571428571,0.01284571428571428571428571428571429,0.9862171428571428571428571428571428,True,True,0E-39,0E-37,0.000,0E-38,0E-38,120.2580879503106053351643387420130,120.2580879503106053351643387420130,0E-40,0,1706.677406046795000,0,0,0,0,1706.677406046795000
2025-11-27T13:30:00Z,2025-11-27T15:30:00+02:00,D+1规划/当日新增,0.0,100,0,0,0.00848,0.001462857142857142857142857142857143,0.9900571428571428571428571428571429,True,True,0E-7,0E-38,0.000,0E-38,0E-38,120.2580879503106053351643387420130,120.2580879503106053351643387420130,0E-40,0,1706.677406046795000,0,0,0,0,1706.677406046795000
2025-11-27T13:45:00Z,2025-11-27T15:45:00+02:00,D+1规划/当日新增,0.0,100,0,0,0.004777142857142857142857142857142857,0.01609142857142857142857142857142857,0.9791314285714285714285714285714285,True,True,0E-38,0E-37,0.000,0E-37,0E-37,120.2580879503106053351643387420130,120.2580879503106053351643387420130,0E-39,0,1706.677406046795000,0,0,0,0,1706.677406046795000
2025-11-27T14:00:00Z,2025-11-27T16:00:00+02:00,D+1规划/当日新增,0.0,100,0,0,0.02845714285714285714285714285714286,0.03650285714285714285714285714285714,0.9350400000000000000000000000000000,True,True,0E-37,0E-37,0.000,0E-37,0E-37,120.2580879503106053351643387420130,120.2580879503106053351643387420130,0E-39,0,1706.677406046795000,0,0,0,0,1706.677406046795000
2025-11-27T14:15:00Z,2025-11-27T16:15:00+02:00,D+1规划/当日新增,0.0,100,0,0,0.05586285714285714285714285714285714,0E+2,0.9441371428571428571428571428571429,True,True,0E-37,0,0.000,0E-36,0E-36,120.2580879503106053351643387420130,120.2580879503106053351643387420130,0E-38,0,1706.677406046795000,0,0,0,0,1706.677406046795000
2025-11-27T14:30:00Z,2025-11-27T16:30:00+02:00,D+1规划/当日新增,0.0,100,0,0,0.2554514285714285714285714285714286,0E+2,0.7445485714285714285714285714285714,True,True,0E-36,0,0.000,0E-36,0E-36,120.2580879503106053351643387420130,120.2580879503106053351643387420130,0E-38,0,1706.677406046795000,0,0,0,0,1706.677406046795000
2025-11-27T14:45:00Z,2025-11-27T16:45:00+02:00,D+1规划/当日新增,0.0,100,0,0,0.4919542857142857142857142857142857,0E+2,0.5080457142857142857142857142857143,True,True,0E-36,0,0.000,0E-35,0E-35,120.2580879503106053351643387420130,120.2580879503106053351643387420130,0E-37,0,1706.677406046795000,0,0,0,0,1706.677406046795000
2025-11-27T15:00:00Z,2025-11-27T17:00:00+02:00,D+1规划/当日新增,0.0,100,0,0,0.3184457142857142857142857142857143,0E+2,0.6815542857142857142857142857142857,True,True,0E-36,0,0.000,0E-36,0E-36,120.2580879503106053351643387420130,120.2580879503106053351643387420130,0E-38,0,1706.677406046795000,0,0,0,0,1706.677406046795000
2025-11-27T15:15:00Z,2025-11-27T17:15:00+02:00,D+1规划/当日新增,0.0,100,0,0,0.2444571428571428571428571428571429,0E+2,0.7555428571428571428571428571428571,True,True,0E-36,0,0.000,0E-36,0E-36,120.2580879503106053351643387420130,120.2580879503106053351643387420130,0E-38,0,1706.677406046795000,0,0,0,0,1706.677406046795000
2025-11-27T15:30:00Z,2025-11-27T17:30:00+02:00,D+1规划/当日新增,0.0,100,0,0,0.01291428571428571428571428571428571,0.00032,0.9867657142857142857142857142857143,True,True,0E-37,0E-7,0.000,0E-37,0E-37,120.2580879503106053351643387420130,120.2580879503106053351643387420130,0E-39,0,1706.677406046795000,0,0,0,0,1706.677406046795000
2025-11-27T15:45:00Z,2025-11-27T17:45:00+02:00,D+1规划/当日新增,0.0,100,0,0,0.002377142857142857142857142857142857,0.00352,0.9941028571428571428571428571428571,True,True,0E-38,0E-7,0.000,0E-38,0E-38,120.2580879503106053351643387420130,120.2580879503106053351643387420130,0E-40,0,1706.677406046795000,0,0,0,0,1706.677406046795000
2025-11-27T16:00:00Z,2025-11-27T18:00:00+02:00,D+1规划/当日新增,0.0,100,0,0,0E+2,0.23552,0.76448,True,True,0,0E-7,0.000,0E-8,0E-8,120.2580879503106053351643387420130,120.2580879503106053351643387420130,0E-10,0,1706.677406046795000,0,0,0,0,1706.677406046795000
2025-11-27T16:15:00Z,2025-11-27T18:15:00+02:00,D+1规划/当日新增,0.0,100,0,0,0E+2,0.38672,0.61328,True,True,0,0E-7,0.000,0E-8,0E-8,120.2580879503106053351643387420130,120.2580879503106053351643387420130,0E-10,0,1706.677406046795000,0,0,0,0,1706.677406046795000
2025-11-27T16:30:00Z,2025-11-27T18:30:00+02:00,D+1规划/当日新增,0.0,100,0,0,0E+2,0.08994285714285714285714285714285714,0.9100571428571428571428571428571429,True,True,0,0E-37,0.000,0E-36,0E-36,120.2580879503106053351643387420130,120.2580879503106053351643387420130,0E-38,0,1706.677406046795000,0,0,0,0,1706.677406046795000
2025-11-27T16:45:00Z,2025-11-27T18:45:00+02:00,D+1规划/当日新增,0.0,100,0,0,0E+2,0.1520228571428571428571428571428571,0.8479771428571428571428571428571429,True,True,0,0E-36,0.000,0E-36,0E-36,120.2580879503106053351643387420130,120.2580879503106053351643387420130,0E-38,0,1706.677406046795000,0,0,0,0,1706.677406046795000
2025-11-27T17:00:00Z,2025-11-27T19:00:00+02:00,D+1规划/当日新增,0.0,100,0,0,0.02726857142857142857142857142857143,0.05842285714285714285714285714285714,0.9143085714285714285714285714285715,True,True,0E-37,0E-37,0.000,0E-37,0E-37,120.2580879503106053351643387420130,120.2580879503106053351643387420130,0E-39,0,1706.677406046795000,0,0,0,0,1706.677406046795000
2025-11-27T17:15:00Z,2025-11-27T19:15:00+02:00,D+1规划/当日新增,0.0,100,0,0,0.01273142857142857142857142857142857,0.004662857142857142857142857142857143,0.9826057142857142857142857142857143,True,True,0E-37,0E-38,0.000,0E-37,0E-37,120.2580879503106053351643387420130,120.2580879503106053351643387420130,0E-39,0,1706.677406046795000,0,0,0,0,1706.677406046795000
2025-11-27T17:30:00Z,2025-11-27T19:30:00+02:00,D+1规划/当日新增,0.0,100,0,0,0.02043428571428571428571428571428571,0.00128,0.9782857142857142857142857142857143,True,True,0E-37,0E-7,0.000,0E-37,0E-37,120.2580879503106053351643387420130,120.2580879503106053351643387420130,0E-39,0,1706.677406046795000,0,0,0,0,1706.677406046795000
2025-11-27T17:45:00Z,2025-11-27T19:45:00+02:00,D+1规划/当日新增,0.0,100,0,0,0.007017142857142857142857142857142857,0.001805714285714285714285714285714286,0.9911771428571428571428571428571428,True,True,0E-38,0E-38,0.000,0E-38,0E-38,120.2580879503106053351643387420130,120.2580879503106053351643387420130,0E-40,0,1706.677406046795000,0,0,0,0,1706.677406046795000
2025-11-27T18:00:00Z,2025-11-27T20:00:00+02:00,D+1规划/当日新增,0.0,100,0,0,0.00224,0.006057142857142857142857142857142857,0.9917028571428571428571428571428571,True,True,0E-7,0E-38,0.000,0E-37,0E-37,120.2580879503106053351643387420130,120.2580879503106053351643387420130,0E-39,0,1706.677406046795000,0,0,0,0,1706.677406046795000
2025-11-27T18:15:00Z,2025-11-27T20:15:00+02:00,D+1规划/当日新增,0.0,100,0,0,0E+2,0.04390857142857142857142857142857143,0.9560914285714285714285714285714286,True,True,0,0E-37,0.000,0E-36,0E-36,120.2580879503106053351643387420130,120.2580879503106053351643387420130,0E-38,0,1706.677406046795000,0,0,0,0,1706.677406046795000
2025-11-27T18:30:00Z,2025-11-27T20:30:00+02:00,D+1规划/当日新增,0.0,100,0,0,0.0005485714285714285714285714285714286,0.01168,0.9877714285714285714285714285714286,True,True,0E-39,0E-7,0.000,0E-38,0E-38,120.2580879503106053351643387420130,120.2580879503106053351643387420130,0E-40,0,1706.677406046795000,0,0,0,0,1706.677406046795000
2025-11-27T18:45:00Z,2025-11-27T20:45:00+02:00,D+1规划/当日新增,0.0,100,0,0,0.01730285714285714285714285714285714,0.005257142857142857142857142857142857,0.9774400000000000000000000000000000,True,True,0E-37,0E-38,0.000,0E-37,0E-37,120.2580879503106053351643387420130,120.2580879503106053351643387420130,0E-39,0,1706.677406046795000,0,0,0,0,1706.677406046795000
2025-11-27T19:00:00Z,2025-11-27T21:00:00+02:00,D+1规划/当日新增,0.0,100,0,0,0.2807314285714285714285714285714286,0E+2,0.7192685714285714285714285714285714,True,True,0E-36,0,0.000,0E-36,0E-36,120.2580879503106053351643387420130,120.2580879503106053351643387420130,0E-38,0,1706.677406046795000,0,0,0,0,1706.677406046795000
2025-11-27T19:15:00Z,2025-11-27T21:15:00+02:00,D+1规划/当日新增,0.0,100,0,0,0.3788571428571428571428571428571429,0E+2,0.6211428571428571428571428571428571,True,True,0E-36,0,0.000,0E-36,0E-36,120.2580879503106053351643387420130,120.2580879503106053351643387420130,0E-38,0,1706.677406046795000,0,0,0,0,1706.677406046795000
2025-11-27T19:30:00Z,2025-11-27T21:30:00+02:00,D+1规划/当日新增,0.0,100,0,0,0.1157714285714285714285714285714286,0E+2,0.8842285714285714285714285714285714,True,True,0E-36,0,0.000,0E-36,0E-36,120.2580879503106053351643387420130,120.2580879503106053351643387420130,0E-38,0,1706.677406046795000,0,0,0,0,1706.677406046795000
2025-11-27T19:45:00Z,2025-11-27T21:45:00+02:00,D+1规划/当日新增,0.0,100,0,0,0.1110171428571428571428571428571429,0.006697142857142857142857142857142857,0.8822857142857142857142857142857142,True,True,0E-36,0E-38,0.000,0E-37,0E-37,120.2580879503106053351643387420130,120.2580879503106053351643387420130,0E-39,0,1706.677406046795000,0,0,0,0,1706.677406046795000
2025-11-27T20:00:00Z,2025-11-27T22:00:00+02:00,D+1规划/当日新增,0.0,100,0,0,0.1690514285714285714285714285714286,0.0009371428571428571428571428571428571,0.8300114285714285714285714285714285,True,True,0E-36,0E-39,0.000,0E-38,0E-38,120.2580879503106053351643387420130,120.2580879503106053351643387420130,0E-40,0,1706.677406046795000,0,0,0,0,1706.677406046795000
2025-11-27T20:15:00Z,2025-11-27T22:15:00+02:00,D+1规划/当日新增,0.0,100,0,0,0.006034285714285714285714285714285714,0.02555428571428571428571428571428571,0.9684114285714285714285714285714286,True,True,0E-38,0E-37,0.000,0E-37,0E-37,120.2580879503106053351643387420130,120.2580879503106053351643387420130,0E-39,0,1706.677406046795000,0,0,0,0,1706.677406046795000
2025-11-27T20:30:00Z,2025-11-27T22:30:00+02:00,D+1规划/当日新增,0.0,100,0,0,0.00004571428571428571428571428571428571,0.04185142857142857142857142857142857,0.9581028571428571428571428571428571,True,True,0E-40,0E-37,0.000,0E-39,0E-39,120.2580879503106053351643387420130,120.2580879503106053351643387420130,0E-41,0,1706.677406046795000,0,0,0,0,1706.677406046795000
2025-11-27T20:45:00Z,2025-11-27T22:45:00+02:00,D+1规划/当日新增,0.0,100,0,0,0E+2,0.6596571428571428571428571428571429,0.3403428571428571428571428571428571,True,True,0,0E-36,0.000,0E-36,0E-36,120.2580879503106053351643387420130,120.2580879503106053351643387420130,0E-38,0,1706.677406046795000,0,0,0,0,1706.677406046795000
2025-11-27T21:00:00Z,2025-11-27T23:00:00+02:00,D+1规划/当日新增,0.0,100,0,0,0.01961142857142857142857142857142857,0.1082971428571428571428571428571429,0.8720914285714285714285714285714285,True,True,0E-37,0E-36,0.000,0E-37,0E-37,120.2580879503106053351643387420130,120.2580879503106053351643387420130,0E-39,0,1706.677406046795000,0,0,0,0,1706.677406046795000
2025-11-27T21:15:00Z,2025-11-27T23:15:00+02:00,D+1规划/当日新增,0.0,100,0,0,0.08464,0E+2,0.91536,True,True,0E-7,0,0.000,0E-8,0E-8,120.2580879503106053351643387420130,120.2580879503106053351643387420130,0E-10,0,1706.677406046795000,0,0,0,0,1706.677406046795000
2025-11-27T21:30:00Z,2025-11-27T23:30:00+02:00,D+1规划/当日新增,0.0,100,0,0,0.2618057142857142857142857142857143,0.0001371428571428571428571428571428571,0.7380571428571428571428571428571428,True,True,0E-36,0E-39,0.000,0E-39,0E-39,120.2580879503106053351643387420130,120.2580879503106053351643387420130,0E-41,0,1706.677406046795000,0,0,0,0,1706.677406046795000
2025-11-27T21:45:00Z,2025-11-27T23:45:00+02:00,D+1规划/当日新增,0.0,100,0,0,0.001782857142857142857142857142857143,0.2120914285714285714285714285714286,0.7861257142857142857142857142857143,True,True,0E-38,0E-36,0.000,0E-38,0E-38,120.2580879503106053351643387420130,120.2580879503106053351643387420130,0E-40,0,1706.677406046795000,0,0,0,0,1706.677406046795000
