month,executed_qh,da_eur,fcr_capacity_eur,afrr_up_capacity_eur,afrr_down_capacity_eur,afrr_up_activation_eur,afrr_down_activation_eur,total_eur,total_keur_per_mw
2025-01,2976,660228.4412282375,0.0,456825.74756122753,474152.1698630827,1156765.7451685248,708833.8327662379,3456805.9365873104,34.568059365873104
2025-02,2688,386744.95849239535,0.0,302811.93182653794,322187.8712688803,1857009.6593834946,414309.20818419184,3283063.6291555,32.830636291554995
2025-03,2972,803164.6888257705,0.0,393149.6579848338,449563.41275394516,1705218.3806502214,1415969.1104941661,4767065.250708937,47.67065250708937
2025-04,2880,814597.5730924621,0.0,384991.89322817157,473016.89171534777,1839962.0051376165,1987625.7222889902,5500194.085462588,55.00194085462588
2025-05,2976,816952.6310196515,0.0,305171.87400686607,333230.57017893915,1698281.9164791887,740582.886725028,3894219.8784096735,38.94219878409674
2025-06,2880,791746.0268673263,1425038.3058202595,186992.03514456702,163811.1333029897,659774.7110869914,552824.0550630429,3780186.267285177,37.80186267285177
2025-07,2976,577980.3991489576,2110440.3562215245,173203.53572915978,109380.4887384352,1131389.3439008363,560061.7292989579,4662455.853037871,46.62455853037872
2025-08,2976,703927.8522300296,2097208.430457409,143955.44844920342,235393.73734078364,893478.9999907907,887287.4754317986,4961251.943900015,49.61251943900015
2025-09,2880,828672.2417908637,2034053.5770978893,168794.7621315323,300168.90110930096,878877.9224990833,307884.11994924006,4518451.52457791,45.1845152457791
2025-10,2980,847228.7931498484,2061495.9145040612,134028.19181381378,61296.62995037974,867834.6167535619,38040.32856481793,4009924.474736483,40.09924474736483
2025-11,2880,514783.2834082635,1940509.5971321806,133372.94593222125,30144.99038328478,936831.3383729613,103809.65504889844,3659451.81027781,36.594518102778096
2025-12,2976,130825.33505080966,2010311.9817608607,35662.77107307126,11287.454982914007,89032.44500551598,103487.8293980672,2380607.8172712387,23.806078172712386
2026-01,2976,365288.82857842994,1992066.162012732,126110.78466919284,27565.03385116708,1173865.6993194676,49427.81499518265,3734324.323426172,37.34324323426172
2026-02,2688,371369.066231327,1833008.9692699204,117452.69852438485,49969.655300003564,534556.3363341712,159824.5999719119,3066181.325631719,30.661813256317192
2026-03,2972,839095.1527796981,2013621.1179686652,88051.14403296751,62195.341142572644,430014.4705475132,182526.91651548957,3615504.142986906,36.15504142986906
2026-04,2880,804392.8247727258,1789153.9166897316,96836.8856348004,104698.58878997753,368299.835432304,405073.65583678894,3568455.7071563285,35.68455707156328
2026-05,2976,808298.3885700214,1915327.129532148,110108.84965242982,94582.27752940395,560389.1204538372,175016.22095718564,3663721.986695026,36.63721986695026
2026-06,2880,1037837.7037307584,1803390.837554458,105237.76856070315,58151.38713953971,596970.5655918277,98053.60033415155,3699641.8629114386,36.99641862911439
2026-07,2976,804276.7321615255,1924405.322878794,101093.74557425245,65376.30709650687,397488.30203392485,172940.53503412218,3465580.944779126,34.65580944779126
2026-08,2976,567448.0383336309,1942157.1230804974,98759.2804118569,23523.6540622189,596839.4785647016,14555.868392008186,3243283.442844914,32.432834428449134
