month,window_start,window_end,total_kEUR,total_kEUR_per_MW,efc,total_qh,executed_qh,execution_coverage,da_data_coverage,afrr_data_coverage,fcr_data_coverage,DA_kEUR_per_MW,FCR_cap_kEUR_per_MW,cap_up_kEUR_per_MW,cap_down_kEUR_per_MW,act_up_kEUR_per_MW,act_down_kEUR_per_MW
2025-12,2025-01,2025-12,72954.4207925,729.544207925,600,35040,35040,1,1,0.926940639269,0.569863013699,57.9769511514,130.378255417,28.962957918,30.296960843,304.850218772,177.078863824
2026-01,2025-02,2026-01,72813.4001785,728.134001785,565.244438515,35040,35040,1,1,0.923173515982,0.654794520548,50.9143961277,151.100511859,24.8473954909,25.3932352948,310.280901207,165.597561805
2026-02,2025-03,2026-02,70470.412019,704.70412019,527.941763831,35040,35040,1,1,0.922374429224,0.731506849315,54.4412818981,169.910198008,21.1719092006,21.6293138151,276.79548093,160.755936338
2026-03,2025-04,2026-03,67479.6292942,674.796292942,497.855420084,35040,35040,1,1,0.918493150685,0.816324200913,55.6672156258,187.825380649,17.5216804164,17.344454267,256.796267365,139.641294618
2026-04,2025-05,2026-04,63434.5951449,634.345951449,480.739202712,35040,35040,1,1,0.911529680365,0.898515981735,59.1162993045,198.80637206,14.3862806631,13.6486315398,232.382616258,116.005751624
2026-05,2025-06,2026-05,60696.434989,606.96434989,456.225480893,35040,35040,1,1,0.908675799087,0.983447488584,60.2810240922,213.298914261,11.2270499127,10.0649784867,208.14088895,103.951494187
2026-06,2025-07,2026-06,59244.0260672,592.440260672,443.819078863,35040,35040,1,1,0.906849315068,0.999885844749,59.4151497007,222.14775001,9.40164458729,8.01036910781,205.372513941,88.0928333254
2026-07,2025-08,2026-07,57543.7835459,575.437835459,450.212030425,35040,35040,1,1,0.905707762557,0.999885844749,62.6294854887,220.220786745,9.25328103743,7.91015135957,193.553332501,81.8707983275
2026-08,2025-09,2026-08,55452.7435516,554.527435516,446.749358698,35040,35040,1,1,0.905707762557,0.999885844749,57.7917538977,222.549719136,9.16366857119,6.45820147499,193.54929292,65.0147995164
