delivery_start_utc,delivery_end_utc,local_date,da_contract_id,da_mw,afrr_up_mw,afrr_down_mw,fcr_mw,ein_mwh,eout_mwh,efc,afrr_up_activation_mwh,afrr_down_activation_mwh,da_data_valid,afrr_hour_data_valid,fcr_hour_data_valid,initial_no_prior_commitment,fcr_capacity_share_coefficient,fcr_capacity_share_status,fcr_share_limit_mw,fcr_upper,fcr_demand_mw,afrr_up_capacity_share_coefficient,afrr_up_capacity_share_status,afrr_up_share_limit_mw,afrr_up_upper,afrr_up_demand_mw,afrr_down_capacity_share_coefficient,afrr_down_capacity_share_status,afrr_down_share_limit_mw,afrr_down_upper,afrr_down_demand_mw,da_eur,fcr_capacity_eur,afrr_up_capacity_eur,afrr_down_capacity_eur,afrr_up_activation_eur,afrr_down_activation_eur,total_eur
2026-08-29T21:00:00Z,2026-08-29T21:15:00Z,2026-08-30,2026-08-29_93,0.0,0,0,0,10.0,10.0,0.0,0.0,0.0,True,True,True,True,0.3125,calibrated_PETROM_full_month_P90,40.0,40,128.0,0.13714285714285715,calibrated_directional_minimum_full_month,24.0,24,175.0,0.13714285714285715,calibrated_directional_minimum_full_month,24.0,24,175.0,0.0,0.0,0.0,0.0,0.0,0.0,0.0
2026-08-29T21:15:00Z,2026-08-29T21:30:00Z,2026-08-30,2026-08-29_94,0.0,0,0,0,10.0,10.0,0.0,0.0,0.0,True,True,True,True,0.3125,calibrated_PETROM_full_month_P90,40.0,40,128.0,0.13714285714285715,calibrated_directional_minimum_full_month,24.0,24,175.0,0.13714285714285715,calibrated_directional_minimum_full_month,24.0,24,175.0,0.0,0.0,0.0,0.0,0.0,0.0,0.0
2026-08-29T21:30:00Z,2026-08-29T21:45:00Z,2026-08-30,2026-08-29_95,0.0,0,0,0,10.0,10.0,0.0,0.0,0.0,True,True,True,True,0.3125,calibrated_PETROM_full_month_P90,40.0,40,128.0,0.13714285714285715,calibrated_directional_minimum_full_month,24.0,24,175.0,0.13714285714285715,calibrated_directional_minimum_full_month,24.0,24,175.0,0.0,0.0,0.0,0.0,0.0,0.0,0.0
2026-08-29T21:45:00Z,2026-08-29T22:00:00Z,2026-08-30,2026-08-29_96,0.0,0,0,0,10.0,10.0,0.0,0.0,0.0,True,True,True,True,0.3125,calibrated_PETROM_full_month_P90,40.0,40,128.0,0.13714285714285715,calibrated_directional_minimum_full_month,24.0,24,175.0,0.13714285714285715,calibrated_directional_minimum_full_month,24.0,24,175.0,0.0,0.0,0.0,0.0,0.0,0.0,0.0
2026-08-29T22:00:00Z,2026-08-29T22:15:00Z,2026-08-30,2026-08-30_1,0.0,0,0,0,10.0,10.0,0.0,0.0,0.0,True,True,True,True,0.3125,calibrated_PETROM_full_month_P90,40.0,40,128.0,0.13714285714285715,calibrated_directional_minimum_full_month,24.0,24,175.0,0.13714285714285715,calibrated_directional_minimum_full_month,24.0,24,175.0,0.0,0.0,0.0,0.0,0.0,0.0,0.0
2026-08-29T22:15:00Z,2026-08-29T22:30:00Z,2026-08-30,2026-08-30_2,0.0,0,0,0,10.0,10.0,0.0,0.0,0.0,True,True,True,True,0.3125,calibrated_PETROM_full_month_P90,40.0,40,128.0,0.13714285714285715,calibrated_directional_minimum_full_month,24.0,24,175.0,0.13714285714285715,calibrated_directional_minimum_full_month,24.0,24,175.0,0.0,0.0,0.0,0.0,0.0,0.0,0.0
2026-08-29T22:30:00Z,2026-08-29T22:45:00Z,2026-08-30,2026-08-30_3,0.0,0,0,0,10.0,10.0,0.0,0.0,0.0,True,True,True,True,0.3125,calibrated_PETROM_full_month_P90,40.0,40,128.0,0.13714285714285715,calibrated_directional_minimum_full_month,24.0,24,175.0,0.13714285714285715,calibrated_directional_minimum_full_month,24.0,24,175.0,0.0,0.0,0.0,0.0,0.0,0.0,0.0
2026-08-29T22:45:00Z,2026-08-29T23:00:00Z,2026-08-30,2026-08-30_4,0.0,0,0,0,10.0,10.0,0.0,0.0,0.0,True,True,True,True,0.3125,calibrated_PETROM_full_month_P90,40.0,40,128.0,0.13714285714285715,calibrated_directional_minimum_full_month,24.0,24,175.0,0.13714285714285715,calibrated_directional_minimum_full_month,24.0,24,175.0,0.0,0.0,0.0,0.0,0.0,0.0,0.0
2026-08-29T23:00:00Z,2026-08-29T23:15:00Z,2026-08-30,2026-08-30_5,0.0,0,0,0,10.0,10.0,0.0,0.0,0.0,True,True,True,True,0.3125,calibrated_PETROM_full_month_P90,40.0,40,128.0,0.13714285714285715,calibrated_directional_minimum_full_month,24.0,24,175.0,0.13714285714285715,calibrated_directional_minimum_full_month,24.0,24,175.0,0.0,0.0,0.0,0.0,0.0,0.0,0.0
2026-08-29T23:15:00Z,2026-08-29T23:30:00Z,2026-08-30,2026-08-30_6,0.0,0,0,0,10.0,10.0,0.0,0.0,0.0,True,True,True,True,0.3125,calibrated_PETROM_full_month_P90,40.0,40,128.0,0.13714285714285715,calibrated_directional_minimum_full_month,24.0,24,175.0,0.13714285714285715,calibrated_directional_minimum_full_month,24.0,24,175.0,0.0,0.0,0.0,0.0,0.0,0.0,0.0
2026-08-29T23:30:00Z,2026-08-29T23:45:00Z,2026-08-30,2026-08-30_7,0.0,0,0,0,10.0,10.0,0.0,0.0,0.0,True,True,True,True,0.3125,calibrated_PETROM_full_month_P90,40.0,40,128.0,0.13714285714285715,calibrated_directional_minimum_full_month,24.0,24,175.0,0.13714285714285715,calibrated_directional_minimum_full_month,24.0,24,175.0,0.0,0.0,0.0,0.0,0.0,0.0,0.0
2026-08-29T23:45:00Z,2026-08-30T00:00:00Z,2026-08-30,2026-08-30_8,0.0,0,0,0,10.0,10.0,0.0,0.0,0.0,True,True,True,True,0.3125,calibrated_PETROM_full_month_P90,40.0,40,128.0,0.13714285714285715,calibrated_directional_minimum_full_month,24.0,24,175.0,0.13714285714285715,calibrated_directional_minimum_full_month,24.0,24,175.0,0.0,0.0,0.0,0.0,0.0,0.0,0.0
2026-08-30T00:00:00Z,2026-08-30T00:15:00Z,2026-08-30,2026-08-30_9,0.0,0,0,0,10.0,10.0,0.0,0.0,0.0,True,True,True,True,0.3125,calibrated_PETROM_full_month_P90,40.0,40,128.0,0.13714285714285715,calibrated_directional_minimum_full_month,24.0,24,175.0,0.13714285714285715,calibrated_directional_minimum_full_month,24.0,24,175.0,0.0,0.0,0.0,0.0,0.0,0.0,0.0
2026-08-30T00:15:00Z,2026-08-30T00:30:00Z,2026-08-30,2026-08-30_10,0.0,0,0,0,10.0,10.0,0.0,0.0,0.0,True,True,True,True,0.3125,calibrated_PETROM_full_month_P90,40.0,40,128.0,0.13714285714285715,calibrated_directional_minimum_full_month,24.0,24,175.0,0.13714285714285715,calibrated_directional_minimum_full_month,24.0,24,175.0,0.0,0.0,0.0,0.0,0.0,0.0,0.0
2026-08-30T00:30:00Z,2026-08-30T00:45:00Z,2026-08-30,2026-08-30_11,0.0,0,0,0,10.0,10.0,0.0,0.0,0.0,True,True,True,True,0.3125,calibrated_PETROM_full_month_P90,40.0,40,128.0,0.13714285714285715,calibrated_directional_minimum_full_month,24.0,24,175.0,0.13714285714285715,calibrated_directional_minimum_full_month,24.0,24,175.0,0.0,0.0,0.0,0.0,0.0,0.0,0.0
2026-08-30T00:45:00Z,2026-08-30T01:00:00Z,2026-08-30,2026-08-30_12,0.0,0,0,0,10.0,10.0,0.0,0.0,0.0,True,True,True,True,0.3125,calibrated_PETROM_full_month_P90,40.0,40,128.0,0.13714285714285715,calibrated_directional_minimum_full_month,24.0,24,175.0,0.13714285714285715,calibrated_directional_minimum_full_month,24.0,24,175.0,0.0,0.0,0.0,0.0,0.0,0.0,0.0
2026-08-30T01:00:00Z,2026-08-30T01:15:00Z,2026-08-30,2026-08-30_13,0.0,0,0,0,10.0,10.0,0.0,0.0,0.0,True,True,True,True,0.3125,calibrated_PETROM_full_month_P90,40.0,40,128.0,0.13714285714285715,calibrated_directional_minimum_full_month,24.0,24,175.0,0.13714285714285715,calibrated_directional_minimum_full_month,24.0,24,175.0,0.0,0.0,0.0,0.0,0.0,0.0,0.0
2026-08-30T01:15:00Z,2026-08-30T01:30:00Z,2026-08-30,2026-08-30_14,0.0,0,0,0,10.0,10.0,0.0,0.0,0.0,True,True,True,True,0.3125,calibrated_PETROM_full_month_P90,40.0,40,128.0,0.13714285714285715,calibrated_directional_minimum_full_month,24.0,24,175.0,0.13714285714285715,calibrated_directional_minimum_full_month,24.0,24,175.0,0.0,0.0,0.0,0.0,0.0,0.0,0.0
2026-08-30T01:30:00Z,2026-08-30T01:45:00Z,2026-08-30,2026-08-30_15,0.0,0,0,0,10.0,10.0,0.0,0.0,0.0,True,True,True,True,0.3125,calibrated_PETROM_full_month_P90,40.0,40,128.0,0.13714285714285715,calibrated_directional_minimum_full_month,24.0,24,175.0,0.13714285714285715,calibrated_directional_minimum_full_month,24.0,24,175.0,0.0,0.0,0.0,0.0,0.0,0.0,0.0
2026-08-30T01:45:00Z,2026-08-30T02:00:00Z,2026-08-30,2026-08-30_16,0.0,0,0,0,10.0,10.0,0.0,0.0,0.0,True,True,True,True,0.3125,calibrated_PETROM_full_month_P90,40.0,40,128.0,0.13714285714285715,calibrated_directional_minimum_full_month,24.0,24,175.0,0.13714285714285715,calibrated_directional_minimum_full_month,24.0,24,175.0,0.0,0.0,0.0,0.0,0.0,0.0,0.0
2026-08-30T02:00:00Z,2026-08-30T02:15:00Z,2026-08-30,2026-08-30_17,0.0,0,0,0,10.0,10.0,0.0,0.0,0.0,True,True,True,True,0.3125,calibrated_PETROM_full_month_P90,40.0,40,128.0,0.13714285714285715,calibrated_directional_minimum_full_month,24.0,24,175.0,0.13714285714285715,calibrated_directional_minimum_full_month,24.0,24,175.0,0.0,0.0,0.0,0.0,0.0,0.0,0.0
2026-08-30T02:15:00Z,2026-08-30T02:30:00Z,2026-08-30,2026-08-30_18,0.0,0,0,0,10.0,10.0,0.0,0.0,0.0,True,True,True,True,0.3125,calibrated_PETROM_full_month_P90,40.0,40,128.0,0.13714285714285715,calibrated_directional_minimum_full_month,24.0,24,175.0,0.13714285714285715,calibrated_directional_minimum_full_month,24.0,24,175.0,0.0,0.0,0.0,0.0,0.0,0.0,0.0
2026-08-30T02:30:00Z,2026-08-30T02:45:00Z,2026-08-30,2026-08-30_19,0.0,0,0,0,10.0,10.0,0.0,0.0,0.0,True,True,True,True,0.3125,calibrated_PETROM_full_month_P90,40.0,40,128.0,0.13714285714285715,calibrated_directional_minimum_full_month,24.0,24,175.0,0.13714285714285715,calibrated_directional_minimum_full_month,24.0,24,175.0,0.0,0.0,0.0,0.0,0.0,0.0,0.0
2026-08-30T02:45:00Z,2026-08-30T03:00:00Z,2026-08-30,2026-08-30_20,0.0,0,0,0,10.0,10.0,0.0,0.0,0.0,True,True,True,True,0.3125,calibrated_PETROM_full_month_P90,40.0,40,128.0,0.13714285714285715,calibrated_directional_minimum_full_month,24.0,24,175.0,0.13714285714285715,calibrated_directional_minimum_full_month,24.0,24,175.0,0.0,0.0,0.0,0.0,0.0,0.0,0.0
2026-08-30T03:00:00Z,2026-08-30T03:15:00Z,2026-08-30,2026-08-30_21,0.0,0,0,0,10.0,10.0,0.0,0.0,0.0,True,True,True,True,0.3125,calibrated_PETROM_full_month_P90,40.0,40,128.0,0.13714285714285715,calibrated_directional_minimum_full_month,24.0,24,175.0,0.13714285714285715,calibrated_directional_minimum_full_month,24.0,24,175.0,0.0,0.0,0.0,0.0,0.0,0.0,0.0
2026-08-30T03:15:00Z,2026-08-30T03:30:00Z,2026-08-30,2026-08-30_22,0.0,0,0,0,10.0,10.0,0.0,0.0,0.0,True,True,True,True,0.3125,calibrated_PETROM_full_month_P90,40.0,40,128.0,0.13714285714285715,calibrated_directional_minimum_full_month,24.0,24,175.0,0.13714285714285715,calibrated_directional_minimum_full_month,24.0,24,175.0,0.0,0.0,0.0,0.0,0.0,0.0,0.0
2026-08-30T03:30:00Z,2026-08-30T03:45:00Z,2026-08-30,2026-08-30_23,0.0,0,0,0,10.0,10.0,0.0,0.0,0.0,True,True,True,True,0.3125,calibrated_PETROM_full_month_P90,40.0,40,128.0,0.13714285714285715,calibrated_directional_minimum_full_month,24.0,24,175.0,0.13714285714285715,calibrated_directional_minimum_full_month,24.0,24,175.0,0.0,0.0,0.0,0.0,0.0,0.0,0.0
2026-08-30T03:45:00Z,2026-08-30T04:00:00Z,2026-08-30,2026-08-30_24,0.0,0,0,0,10.0,10.0,0.0,0.0,0.0,True,True,True,True,0.3125,calibrated_PETROM_full_month_P90,40.0,40,128.0,0.13714285714285715,calibrated_directional_minimum_full_month,24.0,24,175.0,0.13714285714285715,calibrated_directional_minimum_full_month,24.0,24,175.0,0.0,0.0,0.0,0.0,0.0,0.0,0.0
2026-08-30T04:00:00Z,2026-08-30T04:15:00Z,2026-08-30,2026-08-30_25,0.0,0,0,0,10.0,10.0,0.0,0.0,0.0,True,True,True,True,0.3125,calibrated_PETROM_full_month_P90,40.0,40,128.0,0.13714285714285715,calibrated_directional_minimum_full_month,24.0,24,175.0,0.13714285714285715,calibrated_directional_minimum_full_month,24.0,24,175.0,0.0,0.0,0.0,0.0,0.0,0.0,0.0
2026-08-30T04:15:00Z,2026-08-30T04:30:00Z,2026-08-30,2026-08-30_26,0.0,0,0,0,10.0,10.0,0.0,0.0,0.0,True,True,True,True,0.3125,calibrated_PETROM_full_month_P90,40.0,40,128.0,0.13714285714285715,calibrated_directional_minimum_full_month,24.0,24,175.0,0.13714285714285715,calibrated_directional_minimum_full_month,24.0,24,175.0,0.0,0.0,0.0,0.0,0.0,0.0,0.0
2026-08-30T04:30:00Z,2026-08-30T04:45:00Z,2026-08-30,2026-08-30_27,0.0,0,0,0,10.0,10.0,0.0,0.0,0.0,True,True,True,True,0.3125,calibrated_PETROM_full_month_P90,40.0,40,128.0,0.13714285714285715,calibrated_directional_minimum_full_month,24.0,24,175.0,0.13714285714285715,calibrated_directional_minimum_full_month,24.0,24,175.0,0.0,0.0,0.0,0.0,0.0,0.0,0.0
2026-08-30T04:45:00Z,2026-08-30T05:00:00Z,2026-08-30,2026-08-30_28,0.0,0,0,0,10.0,10.0,0.0,0.0,0.0,True,True,True,True,0.3125,calibrated_PETROM_full_month_P90,40.0,40,128.0,0.13714285714285715,calibrated_directional_minimum_full_month,24.0,24,175.0,0.13714285714285715,calibrated_directional_minimum_full_month,24.0,24,175.0,0.0,0.0,0.0,0.0,0.0,0.0,0.0
2026-08-30T05:00:00Z,2026-08-30T05:15:00Z,2026-08-30,2026-08-30_29,0.0,0,0,0,10.0,10.0,0.0,0.0,0.0,True,True,True,True,0.3125,calibrated_PETROM_full_month_P90,40.0,40,128.0,0.13714285714285715,calibrated_directional_minimum_full_month,24.0,24,175.0,0.13714285714285715,calibrated_directional_minimum_full_month,24.0,24,175.0,0.0,0.0,0.0,0.0,0.0,0.0,0.0
2026-08-30T05:15:00Z,2026-08-30T05:30:00Z,2026-08-30,2026-08-30_30,0.0,0,0,0,10.0,10.0,0.0,0.0,0.0,True,True,True,True,0.3125,calibrated_PETROM_full_month_P90,40.0,40,128.0,0.13714285714285715,calibrated_directional_minimum_full_month,24.0,24,175.0,0.13714285714285715,calibrated_directional_minimum_full_month,24.0,24,175.0,0.0,0.0,0.0,0.0,0.0,0.0,0.0
2026-08-30T05:30:00Z,2026-08-30T05:45:00Z,2026-08-30,2026-08-30_31,0.0,0,0,0,10.0,10.0,0.0,0.0,0.0,True,True,True,True,0.3125,calibrated_PETROM_full_month_P90,40.0,40,128.0,0.13714285714285715,calibrated_directional_minimum_full_month,24.0,24,175.0,0.13714285714285715,calibrated_directional_minimum_full_month,24.0,24,175.0,0.0,0.0,0.0,0.0,0.0,0.0,0.0
2026-08-30T05:45:00Z,2026-08-30T06:00:00Z,2026-08-30,2026-08-30_32,0.0,0,0,0,10.0,10.0,0.0,0.0,0.0,True,True,True,True,0.3125,calibrated_PETROM_full_month_P90,40.0,40,128.0,0.13714285714285715,calibrated_directional_minimum_full_month,24.0,24,175.0,0.13714285714285715,calibrated_directional_minimum_full_month,24.0,24,175.0,0.0,0.0,0.0,0.0,0.0,0.0,0.0
2026-08-30T06:00:00Z,2026-08-30T06:15:00Z,2026-08-30,2026-08-30_33,0.0,0,0,0,10.0,10.0,0.0,0.0,0.0,True,True,True,True,0.3125,calibrated_PETROM_full_month_P90,40.0,40,128.0,0.13714285714285715,calibrated_directional_minimum_full_month,24.0,24,175.0,0.13714285714285715,calibrated_directional_minimum_full_month,24.0,24,175.0,0.0,0.0,0.0,0.0,0.0,0.0,0.0
2026-08-30T06:15:00Z,2026-08-30T06:30:00Z,2026-08-30,2026-08-30_34,0.0,0,0,0,10.0,10.0,0.0,0.0,0.0,True,True,True,True,0.3125,calibrated_PETROM_full_month_P90,40.0,40,128.0,0.13714285714285715,calibrated_directional_minimum_full_month,24.0,24,175.0,0.13714285714285715,calibrated_directional_minimum_full_month,24.0,24,175.0,0.0,0.0,0.0,0.0,0.0,0.0,0.0
2026-08-30T06:30:00Z,2026-08-30T06:45:00Z,2026-08-30,2026-08-30_35,0.0,0,0,0,10.0,10.0,0.0,0.0,0.0,True,True,True,True,0.3125,calibrated_PETROM_full_month_P90,40.0,40,128.0,0.13714285714285715,calibrated_directional_minimum_full_month,24.0,24,175.0,0.13714285714285715,calibrated_directional_minimum_full_month,24.0,24,175.0,0.0,0.0,0.0,0.0,0.0,0.0,0.0
2026-08-30T06:45:00Z,2026-08-30T07:00:00Z,2026-08-30,2026-08-30_36,0.0,0,0,0,10.0,10.0,0.0,0.0,0.0,True,True,True,True,0.3125,calibrated_PETROM_full_month_P90,40.0,40,128.0,0.13714285714285715,calibrated_directional_minimum_full_month,24.0,24,175.0,0.13714285714285715,calibrated_directional_minimum_full_month,24.0,24,175.0,0.0,0.0,0.0,0.0,0.0,0.0,0.0
2026-08-30T07:00:00Z,2026-08-30T07:15:00Z,2026-08-30,2026-08-30_37,0.0,0,0,0,10.0,10.0,0.0,0.0,0.0,True,True,True,True,0.3125,calibrated_PETROM_full_month_P90,40.0,40,128.0,0.13714285714285715,calibrated_directional_minimum_full_month,24.0,24,175.0,0.13714285714285715,calibrated_directional_minimum_full_month,24.0,24,175.0,0.0,0.0,0.0,0.0,0.0,0.0,0.0
2026-08-30T07:15:00Z,2026-08-30T07:30:00Z,2026-08-30,2026-08-30_38,0.0,0,0,0,10.0,10.0,0.0,0.0,0.0,True,True,True,True,0.3125,calibrated_PETROM_full_month_P90,40.0,40,128.0,0.13714285714285715,calibrated_directional_minimum_full_month,24.0,24,175.0,0.13714285714285715,calibrated_directional_minimum_full_month,24.0,24,175.0,0.0,0.0,0.0,0.0,0.0,0.0,0.0
2026-08-30T07:30:00Z,2026-08-30T07:45:00Z,2026-08-30,2026-08-30_39,0.0,0,0,0,10.0,10.0,0.0,0.0,0.0,True,True,True,True,0.3125,calibrated_PETROM_full_month_P90,40.0,40,128.0,0.13714285714285715,calibrated_directional_minimum_full_month,24.0,24,175.0,0.13714285714285715,calibrated_directional_minimum_full_month,24.0,24,175.0,0.0,0.0,0.0,0.0,0.0,0.0,0.0
2026-08-30T07:45:00Z,2026-08-30T08:00:00Z,2026-08-30,2026-08-30_40,0.0,0,0,0,10.0,10.0,0.0,0.0,0.0,True,True,True,True,0.3125,calibrated_PETROM_full_month_P90,40.0,40,128.0,0.13714285714285715,calibrated_directional_minimum_full_month,24.0,24,175.0,0.13714285714285715,calibrated_directional_minimum_full_month,24.0,24,175.0,0.0,0.0,0.0,0.0,0.0,0.0,0.0
2026-08-30T08:00:00Z,2026-08-30T08:15:00Z,2026-08-30,2026-08-30_41,0.0,0,0,0,10.0,10.0,0.0,0.0,0.0,True,True,True,True,0.3125,calibrated_PETROM_full_month_P90,40.0,40,128.0,0.13714285714285715,calibrated_directional_minimum_full_month,24.0,24,175.0,0.13714285714285715,calibrated_directional_minimum_full_month,24.0,24,175.0,0.0,0.0,0.0,0.0,0.0,0.0,0.0
2026-08-30T08:15:00Z,2026-08-30T08:30:00Z,2026-08-30,2026-08-30_42,0.0,0,0,0,10.0,10.0,0.0,0.0,0.0,True,True,True,True,0.3125,calibrated_PETROM_full_month_P90,40.0,40,128.0,0.13714285714285715,calibrated_directional_minimum_full_month,24.0,24,175.0,0.13714285714285715,calibrated_directional_minimum_full_month,24.0,24,175.0,0.0,0.0,0.0,0.0,0.0,0.0,0.0
2026-08-30T08:30:00Z,2026-08-30T08:45:00Z,2026-08-30,2026-08-30_43,0.0,0,0,0,10.0,10.0,0.0,0.0,0.0,True,True,True,True,0.3125,calibrated_PETROM_full_month_P90,40.0,40,128.0,0.13714285714285715,calibrated_directional_minimum_full_month,24.0,24,175.0,0.13714285714285715,calibrated_directional_minimum_full_month,24.0,24,175.0,0.0,0.0,0.0,0.0,0.0,0.0,0.0
2026-08-30T08:45:00Z,2026-08-30T09:00:00Z,2026-08-30,2026-08-30_44,0.0,0,0,0,10.0,10.0,0.0,0.0,0.0,True,True,True,True,0.3125,calibrated_PETROM_full_month_P90,40.0,40,128.0,0.13714285714285715,calibrated_directional_minimum_full_month,24.0,24,175.0,0.13714285714285715,calibrated_directional_minimum_full_month,24.0,24,175.0,0.0,0.0,0.0,0.0,0.0,0.0,0.0
2026-08-30T09:00:00Z,2026-08-30T09:15:00Z,2026-08-30,2026-08-30_45,0.0,0,0,0,10.0,10.0,0.0,0.0,0.0,True,True,True,True,0.3125,calibrated_PETROM_full_month_P90,40.0,40,128.0,0.13714285714285715,calibrated_directional_minimum_full_month,24.0,24,175.0,0.13714285714285715,calibrated_directional_minimum_full_month,24.0,24,175.0,0.0,0.0,0.0,0.0,0.0,0.0,0.0
2026-08-30T09:15:00Z,2026-08-30T09:30:00Z,2026-08-30,2026-08-30_46,0.0,0,0,0,10.0,10.0,0.0,0.0,0.0,True,True,True,True,0.3125,calibrated_PETROM_full_month_P90,40.0,40,128.0,0.13714285714285715,calibrated_directional_minimum_full_month,24.0,24,175.0,0.13714285714285715,calibrated_directional_minimum_full_month,24.0,24,175.0,0.0,0.0,0.0,0.0,0.0,0.0,0.0
2026-08-30T09:30:00Z,2026-08-30T09:45:00Z,2026-08-30,2026-08-30_47,0.0,0,0,0,10.0,10.0,0.0,0.0,0.0,True,True,True,True,0.3125,calibrated_PETROM_full_month_P90,40.0,40,128.0,0.13714285714285715,calibrated_directional_minimum_full_month,24.0,24,175.0,0.13714285714285715,calibrated_directional_minimum_full_month,24.0,24,175.0,0.0,0.0,0.0,0.0,0.0,0.0,0.0
2026-08-30T09:45:00Z,2026-08-30T10:00:00Z,2026-08-30,2026-08-30_48,0.0,0,0,0,10.0,10.0,0.0,0.0,0.0,True,True,True,True,0.3125,calibrated_PETROM_full_month_P90,40.0,40,128.0,0.13714285714285715,calibrated_directional_minimum_full_month,24.0,24,175.0,0.13714285714285715,calibrated_directional_minimum_full_month,24.0,24,175.0,0.0,0.0,0.0,0.0,0.0,0.0,0.0
2026-08-30T10:00:00Z,2026-08-30T10:15:00Z,2026-08-30,2026-08-30_49,0.0,0,0,0,10.0,10.0,0.0,0.0,0.0,True,True,True,True,0.3125,calibrated_PETROM_full_month_P90,40.0,40,128.0,0.13714285714285715,calibrated_directional_minimum_full_month,24.0,24,175.0,0.13714285714285715,calibrated_directional_minimum_full_month,24.0,24,175.0,0.0,0.0,0.0,0.0,0.0,0.0,0.0
2026-08-30T10:15:00Z,2026-08-30T10:30:00Z,2026-08-30,2026-08-30_50,0.0,0,0,0,10.0,10.0,0.0,0.0,0.0,True,True,True,True,0.3125,calibrated_PETROM_full_month_P90,40.0,40,128.0,0.13714285714285715,calibrated_directional_minimum_full_month,24.0,24,175.0,0.13714285714285715,calibrated_directional_minimum_full_month,24.0,24,175.0,0.0,0.0,0.0,0.0,0.0,0.0,0.0
2026-08-30T10:30:00Z,2026-08-30T10:45:00Z,2026-08-30,2026-08-30_51,0.0,0,0,0,10.0,10.0,0.0,0.0,0.0,True,True,True,True,0.3125,calibrated_PETROM_full_month_P90,40.0,40,128.0,0.13714285714285715,calibrated_directional_minimum_full_month,24.0,24,175.0,0.13714285714285715,calibrated_directional_minimum_full_month,24.0,24,175.0,0.0,0.0,0.0,0.0,0.0,0.0,0.0
2026-08-30T10:45:00Z,2026-08-30T11:00:00Z,2026-08-30,2026-08-30_52,0.0,0,0,0,10.0,10.0,0.0,0.0,0.0,True,True,True,True,0.3125,calibrated_PETROM_full_month_P90,40.0,40,128.0,0.13714285714285715,calibrated_directional_minimum_full_month,24.0,24,175.0,0.13714285714285715,calibrated_directional_minimum_full_month,24.0,24,175.0,0.0,0.0,0.0,0.0,0.0,0.0,0.0
2026-08-30T11:00:00Z,2026-08-30T11:15:00Z,2026-08-30,2026-08-30_53,0.0,0,0,0,10.0,10.0,0.0,0.0,0.0,True,True,True,True,0.3125,calibrated_PETROM_full_month_P90,40.0,40,128.0,0.13714285714285715,calibrated_directional_minimum_full_month,24.0,24,175.0,0.13714285714285715,calibrated_directional_minimum_full_month,24.0,24,175.0,0.0,0.0,0.0,0.0,0.0,0.0,0.0
2026-08-30T11:15:00Z,2026-08-30T11:30:00Z,2026-08-30,2026-08-30_54,0.0,0,0,0,10.0,10.0,0.0,0.0,0.0,True,True,True,True,0.3125,calibrated_PETROM_full_month_P90,40.0,40,128.0,0.13714285714285715,calibrated_directional_minimum_full_month,24.0,24,175.0,0.13714285714285715,calibrated_directional_minimum_full_month,24.0,24,175.0,0.0,0.0,0.0,0.0,0.0,0.0,0.0
2026-08-30T11:30:00Z,2026-08-30T11:45:00Z,2026-08-30,2026-08-30_55,0.0,0,0,0,10.0,10.0,0.0,0.0,0.0,True,True,True,True,0.3125,calibrated_PETROM_full_month_P90,40.0,40,128.0,0.13714285714285715,calibrated_directional_minimum_full_month,24.0,24,175.0,0.13714285714285715,calibrated_directional_minimum_full_month,24.0,24,175.0,0.0,0.0,0.0,0.0,0.0,0.0,0.0
2026-08-30T11:45:00Z,2026-08-30T12:00:00Z,2026-08-30,2026-08-30_56,0.0,0,0,0,10.0,10.0,0.0,0.0,0.0,True,True,True,True,0.3125,calibrated_PETROM_full_month_P90,40.0,40,128.0,0.13714285714285715,calibrated_directional_minimum_full_month,24.0,24,175.0,0.13714285714285715,calibrated_directional_minimum_full_month,24.0,24,175.0,0.0,0.0,0.0,0.0,0.0,0.0,0.0
2026-08-30T12:00:00Z,2026-08-30T12:15:00Z,2026-08-30,2026-08-30_57,0.0,0,0,0,10.0,10.0,0.0,0.0,0.0,True,True,True,True,0.3125,calibrated_PETROM_full_month_P90,40.0,40,128.0,0.13714285714285715,calibrated_directional_minimum_full_month,24.0,24,175.0,0.13714285714285715,calibrated_directional_minimum_full_month,24.0,24,175.0,0.0,0.0,0.0,0.0,0.0,0.0,0.0
2026-08-30T12:15:00Z,2026-08-30T12:30:00Z,2026-08-30,2026-08-30_58,0.0,0,0,0,10.0,10.0,0.0,0.0,0.0,True,True,True,True,0.3125,calibrated_PETROM_full_month_P90,40.0,40,128.0,0.13714285714285715,calibrated_directional_minimum_full_month,24.0,24,175.0,0.13714285714285715,calibrated_directional_minimum_full_month,24.0,24,175.0,0.0,0.0,0.0,0.0,0.0,0.0,0.0
2026-08-30T12:30:00Z,2026-08-30T12:45:00Z,2026-08-30,2026-08-30_59,0.0,0,0,0,10.0,10.0,0.0,0.0,0.0,True,True,True,True,0.3125,calibrated_PETROM_full_month_P90,40.0,40,128.0,0.13714285714285715,calibrated_directional_minimum_full_month,24.0,24,175.0,0.13714285714285715,calibrated_directional_minimum_full_month,24.0,24,175.0,0.0,0.0,0.0,0.0,0.0,0.0,0.0
2026-08-30T12:45:00Z,2026-08-30T13:00:00Z,2026-08-30,2026-08-30_60,0.0,0,0,0,10.0,10.0,0.0,0.0,0.0,True,True,True,True,0.3125,calibrated_PETROM_full_month_P90,40.0,40,128.0,0.13714285714285715,calibrated_directional_minimum_full_month,24.0,24,175.0,0.13714285714285715,calibrated_directional_minimum_full_month,24.0,24,175.0,0.0,0.0,0.0,0.0,0.0,0.0,0.0
2026-08-30T13:00:00Z,2026-08-30T13:15:00Z,2026-08-30,2026-08-30_61,0.0,0,0,0,10.0,10.0,0.0,0.0,0.0,True,True,True,True,0.3125,calibrated_PETROM_full_month_P90,40.0,40,128.0,0.13714285714285715,calibrated_directional_minimum_full_month,24.0,24,175.0,0.13714285714285715,calibrated_directional_minimum_full_month,24.0,24,175.0,0.0,0.0,0.0,0.0,0.0,0.0,0.0
2026-08-30T13:15:00Z,2026-08-30T13:30:00Z,2026-08-30,2026-08-30_62,0.0,0,0,0,10.0,10.0,0.0,0.0,0.0,True,True,True,True,0.3125,calibrated_PETROM_full_month_P90,40.0,40,128.0,0.13714285714285715,calibrated_directional_minimum_full_month,24.0,24,175.0,0.13714285714285715,calibrated_directional_minimum_full_month,24.0,24,175.0,0.0,0.0,0.0,0.0,0.0,0.0,0.0
2026-08-30T13:30:00Z,2026-08-30T13:45:00Z,2026-08-30,2026-08-30_63,0.0,0,0,0,10.0,10.0,0.0,0.0,0.0,True,True,True,True,0.3125,calibrated_PETROM_full_month_P90,40.0,40,128.0,0.13714285714285715,calibrated_directional_minimum_full_month,24.0,24,175.0,0.13714285714285715,calibrated_directional_minimum_full_month,24.0,24,175.0,0.0,0.0,0.0,0.0,0.0,0.0,0.0
2026-08-30T13:45:00Z,2026-08-30T14:00:00Z,2026-08-30,2026-08-30_64,0.0,0,0,0,10.0,10.0,0.0,0.0,0.0,True,True,True,True,0.3125,calibrated_PETROM_full_month_P90,40.0,40,128.0,0.13714285714285715,calibrated_directional_minimum_full_month,24.0,24,175.0,0.13714285714285715,calibrated_directional_minimum_full_month,24.0,24,175.0,0.0,0.0,0.0,0.0,0.0,0.0,0.0
2026-08-30T14:00:00Z,2026-08-30T14:15:00Z,2026-08-30,2026-08-30_65,0.0,0,0,0,10.0,10.0,0.0,0.0,0.0,True,True,True,True,0.3125,calibrated_PETROM_full_month_P90,40.0,40,128.0,0.13714285714285715,calibrated_directional_minimum_full_month,24.0,24,175.0,0.13714285714285715,calibrated_directional_minimum_full_month,24.0,24,175.0,0.0,0.0,0.0,0.0,0.0,0.0,0.0
2026-08-30T14:15:00Z,2026-08-30T14:30:00Z,2026-08-30,2026-08-30_66,0.0,0,0,0,10.0,10.0,0.0,0.0,0.0,True,True,True,True,0.3125,calibrated_PETROM_full_month_P90,40.0,40,128.0,0.13714285714285715,calibrated_directional_minimum_full_month,24.0,24,175.0,0.13714285714285715,calibrated_directional_minimum_full_month,24.0,24,175.0,0.0,0.0,0.0,0.0,0.0,0.0,0.0
2026-08-30T14:30:00Z,2026-08-30T14:45:00Z,2026-08-30,2026-08-30_67,0.0,0,0,0,10.0,10.0,0.0,0.0,0.0,True,True,True,True,0.3125,calibrated_PETROM_full_month_P90,40.0,40,128.0,0.13714285714285715,calibrated_directional_minimum_full_month,24.0,24,175.0,0.13714285714285715,calibrated_directional_minimum_full_month,24.0,24,175.0,0.0,0.0,0.0,0.0,0.0,0.0,0.0
2026-08-30T14:45:00Z,2026-08-30T15:00:00Z,2026-08-30,2026-08-30_68,0.0,0,0,0,10.0,10.0,0.0,0.0,0.0,True,True,True,True,0.3125,calibrated_PETROM_full_month_P90,40.0,40,128.0,0.13714285714285715,calibrated_directional_minimum_full_month,24.0,24,175.0,0.13714285714285715,calibrated_directional_minimum_full_month,24.0,24,175.0,0.0,0.0,0.0,0.0,0.0,0.0,0.0
2026-08-30T15:00:00Z,2026-08-30T15:15:00Z,2026-08-30,2026-08-30_69,0.0,0,0,0,10.0,10.0,0.0,0.0,0.0,True,True,True,True,0.3125,calibrated_PETROM_full_month_P90,40.0,40,128.0,0.13714285714285715,calibrated_directional_minimum_full_month,24.0,24,175.0,0.13714285714285715,calibrated_directional_minimum_full_month,24.0,24,175.0,0.0,0.0,0.0,0.0,0.0,0.0,0.0
2026-08-30T15:15:00Z,2026-08-30T15:30:00Z,2026-08-30,2026-08-30_70,0.0,0,0,0,10.0,10.0,0.0,0.0,0.0,True,True,True,True,0.3125,calibrated_PETROM_full_month_P90,40.0,40,128.0,0.13714285714285715,calibrated_directional_minimum_full_month,24.0,24,175.0,0.13714285714285715,calibrated_directional_minimum_full_month,24.0,24,175.0,0.0,0.0,0.0,0.0,0.0,0.0,0.0
2026-08-30T15:30:00Z,2026-08-30T15:45:00Z,2026-08-30,2026-08-30_71,0.0,0,0,0,10.0,10.0,0.0,0.0,0.0,True,True,True,True,0.3125,calibrated_PETROM_full_month_P90,40.0,40,128.0,0.13714285714285715,calibrated_directional_minimum_full_month,24.0,24,175.0,0.13714285714285715,calibrated_directional_minimum_full_month,24.0,24,175.0,0.0,0.0,0.0,0.0,0.0,0.0,0.0
2026-08-30T15:45:00Z,2026-08-30T16:00:00Z,2026-08-30,2026-08-30_72,0.0,0,0,0,10.0,10.0,0.0,0.0,0.0,True,True,True,True,0.3125,calibrated_PETROM_full_month_P90,40.0,40,128.0,0.13714285714285715,calibrated_directional_minimum_full_month,24.0,24,175.0,0.13714285714285715,calibrated_directional_minimum_full_month,24.0,24,175.0,0.0,0.0,0.0,0.0,0.0,0.0,0.0
2026-08-30T16:00:00Z,2026-08-30T16:15:00Z,2026-08-30,2026-08-30_73,0.0,0,0,0,10.0,10.0,0.0,0.0,0.0,True,True,True,True,0.3125,calibrated_PETROM_full_month_P90,40.0,40,128.0,0.13714285714285715,calibrated_directional_minimum_full_month,24.0,24,175.0,0.13714285714285715,calibrated_directional_minimum_full_month,24.0,24,175.0,0.0,0.0,0.0,0.0,0.0,0.0,0.0
2026-08-30T16:15:00Z,2026-08-30T16:30:00Z,2026-08-30,2026-08-30_74,0.0,0,0,0,10.0,10.0,0.0,0.0,0.0,True,True,True,True,0.3125,calibrated_PETROM_full_month_P90,40.0,40,128.0,0.13714285714285715,calibrated_directional_minimum_full_month,24.0,24,175.0,0.13714285714285715,calibrated_directional_minimum_full_month,24.0,24,175.0,0.0,0.0,0.0,0.0,0.0,0.0,0.0
2026-08-30T16:30:00Z,2026-08-30T16:45:00Z,2026-08-30,2026-08-30_75,0.0,0,0,0,10.0,10.0,0.0,0.0,0.0,True,True,True,True,0.3125,calibrated_PETROM_full_month_P90,40.0,40,128.0,0.13714285714285715,calibrated_directional_minimum_full_month,24.0,24,175.0,0.13714285714285715,calibrated_directional_minimum_full_month,24.0,24,175.0,0.0,0.0,0.0,0.0,0.0,0.0,0.0
2026-08-30T16:45:00Z,2026-08-30T17:00:00Z,2026-08-30,2026-08-30_76,0.0,0,0,0,10.0,10.0,0.0,0.0,0.0,True,True,True,True,0.3125,calibrated_PETROM_full_month_P90,40.0,40,128.0,0.13714285714285715,calibrated_directional_minimum_full_month,24.0,24,175.0,0.13714285714285715,calibrated_directional_minimum_full_month,24.0,24,175.0,0.0,0.0,0.0,0.0,0.0,0.0,0.0
2026-08-30T17:00:00Z,2026-08-30T17:15:00Z,2026-08-30,2026-08-30_77,0.0,0,0,0,10.0,10.0,0.0,0.0,0.0,True,True,True,True,0.3125,calibrated_PETROM_full_month_P90,40.0,40,128.0,0.13714285714285715,calibrated_directional_minimum_full_month,24.0,24,175.0,0.13714285714285715,calibrated_directional_minimum_full_month,24.0,24,175.0,0.0,0.0,0.0,0.0,0.0,0.0,0.0
2026-08-30T17:15:00Z,2026-08-30T17:30:00Z,2026-08-30,2026-08-30_78,0.0,0,0,0,10.0,10.0,0.0,0.0,0.0,True,True,True,True,0.3125,calibrated_PETROM_full_month_P90,40.0,40,128.0,0.13714285714285715,calibrated_directional_minimum_full_month,24.0,24,175.0,0.13714285714285715,calibrated_directional_minimum_full_month,24.0,24,175.0,0.0,0.0,0.0,0.0,0.0,0.0,0.0
2026-08-30T17:30:00Z,2026-08-30T17:45:00Z,2026-08-30,2026-08-30_79,0.0,0,0,0,10.0,10.0,0.0,0.0,0.0,True,True,True,True,0.3125,calibrated_PETROM_full_month_P90,40.0,40,128.0,0.13714285714285715,calibrated_directional_minimum_full_month,24.0,24,175.0,0.13714285714285715,calibrated_directional_minimum_full_month,24.0,24,175.0,0.0,0.0,0.0,0.0,0.0,0.0,0.0
2026-08-30T17:45:00Z,2026-08-30T18:00:00Z,2026-08-30,2026-08-30_80,0.0,0,0,0,10.0,10.0,0.0,0.0,0.0,True,True,True,True,0.3125,calibrated_PETROM_full_month_P90,40.0,40,128.0,0.13714285714285715,calibrated_directional_minimum_full_month,24.0,24,175.0,0.13714285714285715,calibrated_directional_minimum_full_month,24.0,24,175.0,0.0,0.0,0.0,0.0,0.0,0.0,0.0
2026-08-30T18:00:00Z,2026-08-30T18:15:00Z,2026-08-30,2026-08-30_81,0.0,0,0,0,10.0,10.0,0.0,0.0,0.0,True,True,True,True,0.3125,calibrated_PETROM_full_month_P90,40.0,40,128.0,0.13714285714285715,calibrated_directional_minimum_full_month,24.0,24,175.0,0.13714285714285715,calibrated_directional_minimum_full_month,24.0,24,175.0,0.0,0.0,0.0,0.0,0.0,0.0,0.0
2026-08-30T18:15:00Z,2026-08-30T18:30:00Z,2026-08-30,2026-08-30_82,0.0,0,0,0,10.0,10.0,0.0,0.0,0.0,True,True,True,True,0.3125,calibrated_PETROM_full_month_P90,40.0,40,128.0,0.13714285714285715,calibrated_directional_minimum_full_month,24.0,24,175.0,0.13714285714285715,calibrated_directional_minimum_full_month,24.0,24,175.0,0.0,0.0,0.0,0.0,0.0,0.0,0.0
2026-08-30T18:30:00Z,2026-08-30T18:45:00Z,2026-08-30,2026-08-30_83,0.0,0,0,0,10.0,10.0,0.0,0.0,0.0,True,True,True,True,0.3125,calibrated_PETROM_full_month_P90,40.0,40,128.0,0.13714285714285715,calibrated_directional_minimum_full_month,24.0,24,175.0,0.13714285714285715,calibrated_directional_minimum_full_month,24.0,24,175.0,0.0,0.0,0.0,0.0,0.0,0.0,0.0
2026-08-30T18:45:00Z,2026-08-30T19:00:00Z,2026-08-30,2026-08-30_84,0.0,0,0,0,10.0,10.0,0.0,0.0,0.0,True,True,True,True,0.3125,calibrated_PETROM_full_month_P90,40.0,40,128.0,0.13714285714285715,calibrated_directional_minimum_full_month,24.0,24,175.0,0.13714285714285715,calibrated_directional_minimum_full_month,24.0,24,175.0,0.0,0.0,0.0,0.0,0.0,0.0,0.0
2026-08-30T19:00:00Z,2026-08-30T19:15:00Z,2026-08-30,2026-08-30_85,0.0,0,0,0,10.0,10.0,0.0,0.0,0.0,True,True,True,True,0.3125,calibrated_PETROM_full_month_P90,40.0,40,128.0,0.13714285714285715,calibrated_directional_minimum_full_month,24.0,24,175.0,0.13714285714285715,calibrated_directional_minimum_full_month,24.0,24,175.0,0.0,0.0,0.0,0.0,0.0,0.0,0.0
2026-08-30T19:15:00Z,2026-08-30T19:30:00Z,2026-08-30,2026-08-30_86,0.0,0,0,0,10.0,10.0,0.0,0.0,0.0,True,True,True,True,0.3125,calibrated_PETROM_full_month_P90,40.0,40,128.0,0.13714285714285715,calibrated_directional_minimum_full_month,24.0,24,175.0,0.13714285714285715,calibrated_directional_minimum_full_month,24.0,24,175.0,0.0,0.0,0.0,0.0,0.0,0.0,0.0
2026-08-30T19:30:00Z,2026-08-30T19:45:00Z,2026-08-30,2026-08-30_87,0.0,0,0,0,10.0,10.0,0.0,0.0,0.0,True,True,True,True,0.3125,calibrated_PETROM_full_month_P90,40.0,40,128.0,0.13714285714285715,calibrated_directional_minimum_full_month,24.0,24,175.0,0.13714285714285715,calibrated_directional_minimum_full_month,24.0,24,175.0,0.0,0.0,0.0,0.0,0.0,0.0,0.0
2026-08-30T19:45:00Z,2026-08-30T20:00:00Z,2026-08-30,2026-08-30_88,0.0,0,0,0,10.0,10.0,0.0,0.0,0.0,True,True,True,True,0.3125,calibrated_PETROM_full_month_P90,40.0,40,128.0,0.13714285714285715,calibrated_directional_minimum_full_month,24.0,24,175.0,0.13714285714285715,calibrated_directional_minimum_full_month,24.0,24,175.0,0.0,0.0,0.0,0.0,0.0,0.0,0.0
2026-08-30T20:00:00Z,2026-08-30T20:15:00Z,2026-08-30,2026-08-30_89,0.0,0,0,0,10.0,10.0,0.0,0.0,0.0,True,True,True,True,0.3125,calibrated_PETROM_full_month_P90,40.0,40,128.0,0.13714285714285715,calibrated_directional_minimum_full_month,24.0,24,175.0,0.13714285714285715,calibrated_directional_minimum_full_month,24.0,24,175.0,0.0,0.0,0.0,0.0,0.0,0.0,0.0
2026-08-30T20:15:00Z,2026-08-30T20:30:00Z,2026-08-30,2026-08-30_90,0.0,0,0,0,10.0,10.0,0.0,0.0,0.0,True,True,True,True,0.3125,calibrated_PETROM_full_month_P90,40.0,40,128.0,0.13714285714285715,calibrated_directional_minimum_full_month,24.0,24,175.0,0.13714285714285715,calibrated_directional_minimum_full_month,24.0,24,175.0,0.0,0.0,0.0,0.0,0.0,0.0,0.0
2026-08-30T20:30:00Z,2026-08-30T20:45:00Z,2026-08-30,2026-08-30_91,0.0,0,0,0,10.0,10.0,0.0,0.0,0.0,True,True,True,True,0.3125,calibrated_PETROM_full_month_P90,40.0,40,128.0,0.13714285714285715,calibrated_directional_minimum_full_month,24.0,24,175.0,0.13714285714285715,calibrated_directional_minimum_full_month,24.0,24,175.0,0.0,0.0,0.0,0.0,0.0,0.0,0.0
2026-08-30T20:45:00Z,2026-08-30T21:00:00Z,2026-08-30,2026-08-30_92,0.0,0,0,0,10.0,10.0,0.0,0.0,0.0,True,True,True,True,0.3125,calibrated_PETROM_full_month_P90,40.0,40,128.0,0.13714285714285715,calibrated_directional_minimum_full_month,24.0,24,175.0,0.13714285714285715,calibrated_directional_minimum_full_month,24.0,24,175.0,0.0,0.0,0.0,0.0,0.0,0.0,0.0
2026-08-30T21:00:00Z,2026-08-30T21:15:00Z,2026-08-31,2026-08-30_93,-19.273928621283254,24,24,0,10.0,14.408178762830936,0.012280329465047337,0.02976,0.0038400000000000005,True,True,True,False,0.3125,calibrated_PETROM_full_month_P90,40.0,40,128.0,0.13714285714285715,calibrated_directional_minimum_full_month,24.0,24,175.0,0.13714285714285715,calibrated_directional_minimum_full_month,24.0,24,175.0,-1089.747924247355,0.0,41.864445458694654,2.772706526700137,4.810588772250114,-0.3067092651757189,-1040.6068927548858
2026-08-30T21:15:00Z,2026-08-30T21:30:00Z,2026-08-31,2026-08-30_94,0.0,24,24,0,14.408178762830936,13.576675657240873,0.0023097308488612836,0.7649828571428572,0.0,True,True,True,False,0.3125,calibrated_PETROM_full_month_P90,40.0,40,128.0,0.13714285714285715,calibrated_directional_minimum_full_month,24.0,24,175.0,0.13714285714285715,calibrated_directional_minimum_full_month,24.0,24,175.0,0.0,0.0,41.864445458694654,2.772706526700137,159.5425109995436,0.0,204.17966298493837
2026-08-30T21:30:00Z,2026-08-30T21:45:00Z,2026-08-31,2026-08-30_95,-24.000000000000018,24,24,0,13.576675657240873,17.542874514383733,0.011017219047619058,1.6889142857142856,0.0,True,True,True,False,0.3125,calibrated_PETROM_full_month_P90,40.0,40,128.0,0.13714285714285715,calibrated_directional_minimum_full_month,24.0,24,175.0,0.13714285714285715,calibrated_directional_minimum_full_month,24.0,24,175.0,-1333.620000000001,0.0,41.864445458694654,2.772706526700137,379.51526621894766,0.0,-909.4675817956586
2026-08-30T21:45:00Z,2026-08-30T22:00:00Z,2026-08-31,2026-08-30_96,-67.89153754210689,24,24,0,17.542874514383733,31.739130434782606,0.039434044223330196,1.5421714285714283,0.0,True,True,True,False,0.3125,calibrated_PETROM_full_month_P90,40.0,40,128.0,0.13714285714285715,calibrated_directional_minimum_full_month,24.0,24,175.0,0.13714285714285715,calibrated_directional_minimum_full_month,24.0,24,175.0,-3611.490339552376,0.0,41.864445458694654,2.772706526700137,352.0602225989437,0.0,-3214.7929649680377
2026-08-30T22:00:00Z,2026-08-30T22:15:00Z,2026-08-31,2026-08-31_1,-24.0,24,24,40,31.739130434782606,34.011730206211176,0.006312777142857144,3.529782857142857,0.0,True,True,True,False,0.3125,calibrated_PETROM_full_month_P90,40.0,40,128.0,0.13714285714285715,calibrated_directional_minimum_full_month,24.0,24,175.0,0.13714285714285715,calibrated_directional_minimum_full_month,24.0,24,175.0,-1289.4,659.2689791571581,41.864445458694654,2.772706526700137,1026.162329634218,0.0,440.66846077677076
2026-08-30T22:15:00Z,2026-08-30T22:30:00Z,2026-08-31,2026-08-31_2,-8.245291303400078,24,24,40,34.011730206211176,32.8522533531859,0.008544703897283663,2.968045714285714,0.0,True,True,True,False,0.3125,calibrated_PETROM_full_month_P90,40.0,40,128.0,0.13714285714285715,calibrated_directional_minimum_full_month,24.0,24,175.0,0.13714285714285715,calibrated_directional_minimum_full_month,24.0,24,175.0,-410.5124407680314,659.2689791571581,41.864445458694654,2.772706526700137,797.4128037034621,0.0,1090.8064940779836
2026-08-30T22:30:00Z,2026-08-30T22:45:00Z,2026-08-31,2026-08-31_3,0.0,24,24,40,32.8522533531859,31.798787514676583,0.002926293995859213,0.9691885714285715,0.0,True,True,True,False,0.3125,calibrated_PETROM_full_month_P90,40.0,40,128.0,0.13714285714285715,calibrated_directional_minimum_full_month,24.0,24,175.0,0.13714285714285715,calibrated_directional_minimum_full_month,24.0,24,175.0,0.0,659.2689791571581,41.864445458694654,2.772706526700137,201.23251397274566,0.0,905.1386451152986
2026-08-30T22:45:00Z,2026-08-30T23:00:00Z,2026-08-31,2026-08-31_4,-2.195670039974366,24,24,40,31.798787514676583,32.23697791431499,0.001616715886116811,0.07282285714285715,0.012205714285714285,True,True,True,False,0.3125,calibrated_PETROM_full_month_P90,40.0,40,128.0,0.13714285714285715,calibrated_directional_minimum_full_month,24.0,24,175.0,0.13714285714285715,calibrated_directional_minimum_full_month,24.0,24,175.0,-96.52714413237305,659.2689791571581,41.864445458694654,2.772706526700137,12.614803964269413,-0.9748973071656777,619.0188936672836
2026-08-30T23:00:00Z,2026-08-30T23:15:00Z,2026-08-31,2026-08-31_5,-0.04078175422989605,24,24,40,32.23697791431499,31.74778665341615,0.0014181890126012799,0.46066285714285715,0.0021942857142857146,True,True,True,False,0.3125,calibrated_PETROM_full_month_P90,40.0,40,128.0,0.13714285714285715,calibrated_directional_minimum_full_month,24.0,24,175.0,0.13714285714285715,calibrated_directional_minimum_full_month,24.0,24,175.0,-1.7912366001626092,659.2689791571581,41.864445458694654,2.772706526700137,86.81082211645041,-0.17526243724326793,788.7504542215975
2026-08-30T23:15:00Z,2026-08-30T23:30:00Z,2026-08-31,2026-08-31_6,0.0,24,24,40,31.74778665341615,31.73913043478261,4.717648033126293e-05,0.011794285714285712,0.004525714285714286,True,True,True,False,0.3125,calibrated_PETROM_full_month_P90,40.0,40,128.0,0.13714285714285715,calibrated_directional_minimum_full_month,24.0,24,175.0,0.13714285714285715,calibrated_directional_minimum_full_month,24.0,24,175.0,0.0,659.2689791571581,41.864445458694654,2.772706526700137,1.9065006194170955,-0.36147877681424007,705.4511529851558
2026-08-30T23:30:00Z,2026-08-30T23:45:00Z,2026-08-31,2026-08-31_7,-36.0,24,24,40,31.73913043478261,40.1432831204969,0.023344868571428576,0.00013714285714285716,0.13508571428571428,True,True,True,False,0.3125,calibrated_PETROM_full_month_P90,40.0,40,128.0,0.13714285714285715,calibrated_directional_minimum_full_month,24.0,24,175.0,0.13714285714285715,calibrated_directional_minimum_full_month,24.0,24,175.0,-1485.9900000000002,659.2689791571581,41.864445458694654,2.772706526700137,0.022168611853687164,-10.638847753798004,-792.7005479993917
2026-08-30T23:45:00Z,2026-08-31T00:00:00Z,2026-08-31,2026-08-31_8,-36.0,24,24,40,40.1432831204969,49.2534911204969,0.025306133333333335,0.0,0.9024000000000001,True,True,True,False,0.3125,calibrated_PETROM_full_month_P90,40.0,40,128.0,0.13714285714285715,calibrated_directional_minimum_full_month,24.0,24,175.0,0.13714285714285715,calibrated_directional_minimum_full_month,24.0,24,175.0,-1505.7,659.2689791571581,41.864445458694654,2.772706526700137,0.0,-71.78476677316294,-873.57863563061
2026-08-31T00:00:00Z,2026-08-31T00:15:00Z,2026-08-31,2026-08-31_9,0.0,24,0,40,49.2534911204969,49.24037310807454,3.643892339544513e-05,0.012068571428571427,0.0,True,True,True,False,0.3125,calibrated_PETROM_full_month_P90,40.0,40,128.0,0.13714285714285715,calibrated_directional_minimum_full_month,24.0,24,175.0,0.13714285714285715,calibrated_directional_minimum_full_month,24.0,24,175.0,0.0,659.2689791571581,41.864445458694654,0.0,1.9508378431244697,0.0,703.0842624589773
2026-08-31T00:15:00Z,2026-08-31T00:30:00Z,2026-08-31,2026-08-31_10,-60.0,24,0,40,49.24037310807454,62.91495870807455,0.03798496,0.13632,0.0,True,True,True,False,0.3125,calibrated_PETROM_full_month_P90,40.0,40,128.0,0.13714285714285715,calibrated_directional_minimum_full_month,24.0,24,175.0,0.13714285714285715,calibrated_directional_minimum_full_month,24.0,24,175.0,-2486.85,659.2689791571581,41.864445458694654,0.0,23.25095426745778,0.0,-1762.4656211166894
2026-08-31T00:30:00Z,2026-08-31T00:45:00Z,2026-08-31,2026-08-31_11,-60.0,24,0,40,62.91495870807455,76.29543870807456,0.03716800000000001,0.45599999999999996,0.0,True,True,True,False,0.3125,calibrated_PETROM_full_month_P90,40.0,40,128.0,0.13714285714285715,calibrated_directional_minimum_full_month,24.0,24,175.0,0.13714285714285715,calibrated_directional_minimum_full_month,24.0,24,175.0,-2352.2999999999997,659.2689791571581,41.864445458694654,0.0,82.61565951620263,0.0,-1568.5509158679442
2026-08-31T00:45:00Z,2026-08-31T01:00:00Z,2026-08-31,2026-08-31_12,-60.0,24,0,40,76.29543870807456,90.06944739378883,0.03826113523809524,0.02825142857142857,0.0,True,True,True,False,0.3125,calibrated_PETROM_full_month_P90,40.0,40,128.0,0.13714285714285715,calibrated_directional_minimum_full_month,24.0,24,175.0,0.13714285714285715,calibrated_directional_minimum_full_month,24.0,24,175.0,-2428.35,659.2689791571581,41.864445458694654,0.0,4.595423876899003,0.0,-1722.6211515072482
2026-08-31T01:00:00Z,2026-08-31T01:15:00Z,2026-08-31,2026-08-31_13,-49.99999999999999,24,10,40,90.06944739378883,101.34346385093168,0.03131671238095237,0.26111999999999996,0.015485714285714287,True,True,True,False,0.3125,calibrated_PETROM_full_month_P90,40.0,40,128.0,0.13714285714285715,calibrated_directional_minimum_full_month,24.0,24,175.0,0.13714285714285715,calibrated_directional_minimum_full_month,24.0,24,175.0,-2089.6249999999995,659.2689791571581,41.864445458694654,1.725810132359653,46.6577204929256,-1.2368781378366043,-1341.344922896698
2026-08-31T01:15:00Z,2026-08-31T01:30:00Z,2026-08-31,2026-08-31_14,-50.0,24,10,40,101.34346385093168,112.4217568795031,0.030773036190476194,0.4702628571428571,0.011885714285714286,True,True,True,False,0.3125,calibrated_PETROM_full_month_P90,40.0,40,128.0,0.13714285714285715,calibrated_directional_minimum_full_month,24.0,24,175.0,0.13714285714285715,calibrated_directional_minimum_full_month,24.0,24,175.0,-2083.375,659.2689791571581,41.864445458694654,1.725810132359653,86.00299560539871,-0.9493382017343679,-1295.4621078481232
2026-08-31T01:30:00Z,2026-08-31T01:45:00Z,2026-08-31,2026-08-31_15,-50.0,24,10,40,112.4217568795031,122.79517219378882,0.02881504253968254,1.2245485714285715,0.0,True,True,True,False,0.3125,calibrated_PETROM_full_month_P90,40.0,40,128.0,0.13714285714285715,calibrated_directional_minimum_full_month,24.0,24,175.0,0.13714285714285715,calibrated_directional_minimum_full_month,24.0,24,175.0,-2088.125,659.2689791571581,41.864445458694654,1.725810132359653,247.1292435026407,0.0,-1138.1365217491468
2026-08-31T01:45:00Z,2026-08-31T02:00:00Z,2026-08-31,2026-08-31_16,-50.0,24,10,40,122.79517219378882,133.8118935652174,0.03060200380952381,0.6311314285714287,0.10582857142857144,True,True,True,False,0.3125,calibrated_PETROM_full_month_P90,40.0,40,128.0,0.13714285714285715,calibrated_directional_minimum_full_month,24.0,24,175.0,0.13714285714285715,calibrated_directional_minimum_full_month,24.0,24,175.0,-2071.375,659.2689791571581,41.864445458694654,1.725810132359653,119.05584341135817,-8.452761296211776,-1257.9126831366411
2026-08-31T02:00:00Z,2026-08-31T02:15:00Z,2026-08-31,2026-08-31_17,-24.0,24,24,40,133.8118935652174,138.75756122236024,0.013737965714285715,0.8110628571428571,0.18678857142857144,True,True,True,False,0.3125,calibrated_PETROM_full_month_P90,40.0,40,128.0,0.13714285714285715,calibrated_directional_minimum_full_month,24.0,24,175.0,0.13714285714285715,calibrated_directional_minimum_full_month,24.0,24,175.0,-1030.32,659.2689791571581,41.864445458694654,4.381560931081697,151.46194744734953,-14.919214970333183,-188.2622819760491
2026-08-31T02:15:00Z,2026-08-31T02:30:00Z,2026-08-31,2026-08-31_18,-24.0,24,24,40,138.75756122236024,142.5850976795031,0.010632045714285715,1.8396342857142856,0.0,True,True,True,False,0.3125,calibrated_PETROM_full_month_P90,40.0,40,128.0,0.13714285714285715,calibrated_directional_minimum_full_month,24.0,24,175.0,0.13714285714285715,calibrated_directional_minimum_full_month,24.0,24,175.0,-1047.18,659.2689791571581,41.864445458694654,4.381560931081697,416.4163199582708,0.0,74.7513055052052
2026-08-31T02:30:00Z,2026-08-31T02:45:00Z,2026-08-31,2026-08-31_19,-24.0,24,24,40,142.5850976795031,146.66119185093166,0.011322483809523809,1.5694628571428573,0.0,True,True,True,False,0.3125,calibrated_PETROM_full_month_P90,40.0,40,128.0,0.13714285714285715,calibrated_directional_minimum_full_month,24.0,24,175.0,0.13714285714285715,calibrated_directional_minimum_full_month,24.0,24,175.0,-1018.1999999999999,659.2689791571581,41.864445458694654,4.381560931081697,327.677304818413,0.0,14.992290365347554
2026-08-31T02:45:00Z,2026-08-31T03:00:00Z,2026-08-31,2026-08-31_20,0.0,24,24,40,146.66119185093166,146.37889293913042,0.0008241179296066253,0.26633142857142855,0.007817142857142858,True,True,True,False,0.3125,calibrated_PETROM_full_month_P90,40.0,40,128.0,0.13714285714285715,calibrated_directional_minimum_full_month,24.0,24,175.0,0.13714285714285715,calibrated_directional_minimum_full_month,24.0,24,175.0,0.0,659.2689791571581,41.864445458694654,4.381560931081697,47.6364230292756,-0.624372432679142,752.527036143531
2026-08-31T03:00:00Z,2026-08-31T03:15:00Z,2026-08-31,2026-08-31_21,0.0,24,24,40,146.37889293913042,145.96080995776396,0.0015293416149068325,0.4455771428571429,0.07200000000000001,True,True,True,False,0.3125,calibrated_PETROM_full_month_P90,40.0,40,128.0,0.13714285714285715,calibrated_directional_minimum_full_month,24.0,24,175.0,0.13714285714285715,calibrated_directional_minimum_full_month,24.0,24,175.0,0.0,659.2689791571581,41.96713829301689,1.1068005476951164,100.61108837451916,-5.750798722044729,797.2032076503446
2026-08-31T03:15:00Z,2026-08-31T03:30:00Z,2026-08-31,2026-08-31_22,0.0,24,24,40,145.96080995776396,143.75146834285712,0.0061370600414078665,2.0325942857142856,0.0,True,True,True,False,0.3125,calibrated_PETROM_full_month_P90,40.0,40,128.0,0.13714285714285715,calibrated_directional_minimum_full_month,24.0,24,175.0,0.13714285714285715,calibrated_directional_minimum_full_month,24.0,24,175.0,0.0,659.2689791571581,41.96713829301689,1.1068005476951164,556.1161576318706,0.0,1258.4590756297407
2026-08-31T03:30:00Z,2026-08-31T03:45:00Z,2026-08-31,2026-08-31_23,0.0,24,24,40,143.75146834285712,141.8492074732919,0.005284057971014493,1.75008,0.0,True,True,True,False,0.3125,calibrated_PETROM_full_month_P90,40.0,40,128.0,0.13714285714285715,calibrated_directional_minimum_full_month,24.0,24,175.0,0.13714285714285715,calibrated_directional_minimum_full_month,24.0,24,175.0,0.0,659.2689791571581,41.96713829301689,1.1068005476951164,407.49832679141946,0.0,1109.8412447892897
2026-08-31T03:45:00Z,2026-08-31T04:00:00Z,2026-08-31,2026-08-31_24,36.0,24,24,40,141.8492074732919,128.6059776596273,0.036786749482401654,3.1837714285714287,0.0,True,True,True,False,0.3125,calibrated_PETROM_full_month_P90,40.0,40,128.0,0.13714285714285715,calibrated_directional_minimum_full_month,24.0,24,175.0,0.13714285714285715,calibrated_directional_minimum_full_month,24.0,24,175.0,1861.11,659.2689791571581,41.96713829301689,1.1068005476951164,944.0356969420355,0.0,3507.488614939906
2026-08-31T04:00:00Z,2026-08-31T04:15:00Z,2026-08-31,2026-08-31_25,36.0,24,24,40,128.6059776596273,113.8116919453416,0.041095238095238094,4.610742857142857,0.0,True,True,True,False,0.3125,calibrated_PETROM_full_month_P90,40.0,40,128.0,0.13714285714285715,calibrated_directional_minimum_full_month,24.0,24,175.0,0.13714285714285715,calibrated_directional_minimum_full_month,24.0,24,175.0,1912.05,659.2689791571581,41.373801916932905,1.1068005476951164,1613.526762209037,0.0,4227.326343830823
2026-08-31T04:15:00Z,2026-08-31T04:30:00Z,2026-08-31,2026-08-31_26,36.0,24,24,40,113.8116919453416,100.09517020621117,0.03810144927536231,3.6191999999999998,0.0,True,True,True,False,0.3125,calibrated_PETROM_full_month_P90,40.0,40,128.0,0.13714285714285715,calibrated_directional_minimum_full_month,24.0,24,175.0,0.13714285714285715,calibrated_directional_minimum_full_month,24.0,24,175.0,1939.5,659.2689791571581,41.373801916932905,1.1068005476951164,1028.1875746234596,0.0,3669.4371562452457
2026-08-31T04:30:00Z,2026-08-31T04:45:00Z,2026-08-31,2026-08-31_27,36.0,24,24,40,100.09517020621117,83.90381616894409,0.044975983436852995,5.896045714285714,0.0,True,True,True,False,0.3125,calibrated_PETROM_full_month_P90,40.0,40,128.0,0.13714285714285715,calibrated_directional_minimum_full_month,24.0,24,175.0,0.13714285714285715,calibrated_directional_minimum_full_month,24.0,24,175.0,1938.2400000000002,659.2689791571581,41.373801916932905,1.1068005476951164,1987.0113591967136,0.0,4627.0009408185
2026-08-31T04:45:00Z,2026-08-31T05:00:00Z,2026-08-31,2026-08-31_28,35.99999999999999,24,24,40,83.90381616894409,73.20384101366459,0.029722153209109727,1.10016,0.25618285714285716,True,True,True,False,0.3125,calibrated_PETROM_full_month_P90,40.0,40,128.0,0.13714285714285715,calibrated_directional_minimum_full_month,24.0,24,175.0,0.13714285714285715,calibrated_directional_minimum_full_month,24.0,24,175.0,1928.1599999999996,659.2689791571581,41.373801916932905,1.1068005476951164,262.94376339570977,-17.096493342896267,2875.756851674599
2026-08-31T05:00:00Z,2026-08-31T05:15:00Z,2026-08-31,2026-08-31_29,60.0,0,24,40,73.20384101366459,57.01353045465838,0.04497308488612836,0.0,0.10491428571428571,True,True,True,False,0.3125,calibrated_PETROM_full_month_P90,40.0,40,128.0,0.13714285714285715,calibrated_directional_minimum_full_month,24.0,24,175.0,0.13714285714285715,calibrated_directional_minimum_full_month,24.0,24,175.0,3340.35,659.2689791571581,0.0,1.1068005476951164,0.0,-7.834733259437961,3992.891046445415
2026-08-31T05:15:00Z,2026-08-31T05:30:00Z,2026-08-31,2026-08-31_30,60.0,0,24,40,57.01353045465838,40.764934181366456,0.04513498964803312,0.0,0.05129142857142857,True,True,True,False,0.3125,calibrated_PETROM_full_month_P90,40.0,40,128.0,0.13714285714285715,calibrated_directional_minimum_full_month,24.0,24,175.0,0.13714285714285715,calibrated_directional_minimum_full_month,24.0,24,175.0,3330.75,659.2689791571581,0.0,1.1068005476951164,0.0,-4.096759470561388,3987.0290202342917
2026-08-31T05:30:00Z,2026-08-31T05:45:00Z,2026-08-31,2026-08-31_31,0.0,0,24,40,40.764934181366456,40.80165006708074,0.00010198857142857141,0.0,0.039908571428571425,True,True,True,False,0.3125,calibrated_PETROM_full_month_P90,40.0,40,128.0,0.13714285714285715,calibrated_directional_minimum_full_month,24.0,24,175.0,0.13714285714285715,calibrated_directional_minimum_full_month,24.0,24,175.0,0.0,659.2689791571581,0.0,1.1068005476951164,0.0,-3.187585577361935,657.1881941274913
2026-08-31T05:45:00Z,2026-08-31T06:00:00Z,2026-08-31,2026-08-31_32,-2.8254772022683805,0,24,40,40.80165006708074,41.51383850931676,0.0019783012284333703,0.0,0.06774857142857144,True,True,True,False,0.3125,calibrated_PETROM_full_month_P90,40.0,40,128.0,0.13714285714285715,calibrated_directional_minimum_full_month,24.0,24,175.0,0.13714285714285715,calibrated_directional_minimum_full_month,24.0,24,175.0,-119.10799146162358,659.2689791571581,0.0,1.1068005476951164,0.0,-5.411227749885898,535.8565604933437
2026-08-31T06:00:00Z,2026-08-31T06:15:00Z,2026-08-31,2026-08-31_33,36.0,24,24,40,41.51383850931676,31.739130434782602,0.027151966873706,0.05430857142857143,0.06157714285714286,True,True,True,False,0.3125,calibrated_PETROM_full_month_P90,40.0,40,128.0,0.13714285714285715,calibrated_directional_minimum_full_month,24.0,24,175.0,0.13714285714285715,calibrated_directional_minimum_full_month,24.0,24,175.0,1832.22,659.2689791571581,41.96713829301689,1.1182108626198082,9.347335098128708,-4.918302145139206,2539.0033612657844
2026-08-31T06:15:00Z,2026-08-31T06:30:00Z,2026-08-31,2026-08-31_34,5.735394943530383,24,24,40,31.739130434782602,31.7391304347826,0.006474924256552189,0.036205714285714286,1.6646400000000001,True,True,True,False,0.3125,calibrated_PETROM_full_month_P90,40.0,40,128.0,0.13714285714285715,calibrated_directional_minimum_full_month,24.0,24,175.0,0.13714285714285715,calibrated_directional_minimum_full_month,24.0,24,175.0,250.32131231038358,659.2689791571581,41.96713829301689,1.1182108626198082,6.029865345243529,-17.234266362391605,941.4712396060303
2026-08-31T06:30:00Z,2026-08-31T06:45:00Z,2026-08-31,2026-08-31_35,1.0364843645410777,24,24,40,31.7391304347826,32.67071324223602,0.0038112322162382984,0.0,1.3084799999999999,True,True,True,False,0.3125,calibrated_PETROM_full_month_P90,40.0,40,128.0,0.13714285714285715,calibrated_directional_minimum_full_month,24.0,24,175.0,0.13714285714285715,calibrated_directional_minimum_full_month,24.0,24,175.0,41.591526338122094,659.2689791571581,41.96713829301689,1.1182108626198082,0.0,-72.28914048379734,671.6567141671196
2026-08-31T06:45:00Z,2026-08-31T07:00:00Z,2026-08-31,2026-08-31_36,-36.0,24,24,40,32.67071324223602,41.787229813664595,0.025323657142857142,0.0,0.9092571428571429,True,True,True,False,0.3125,calibrated_PETROM_full_month_P90,40.0,40,128.0,0.13714285714285715,calibrated_directional_minimum_full_month,24.0,24,175.0,0.13714285714285715,calibrated_directional_minimum_full_month,24.0,24,175.0,-1170.0,659.2689791571581,41.96713829301689,1.1182108626198082,0.0,-57.07307348242812,-524.7187451696333
2026-08-31T07:00:00Z,2026-08-31T07:15:00Z,2026-08-31,2026-08-31_37,36.0,24,24,40,41.787229813664595,31.739130434782606,0.027911387163561077,0.33216,0.08790857142857143,True,True,True,False,0.3125,calibrated_PETROM_full_month_P90,40.0,40,128.0,0.13714285714285715,calibrated_directional_minimum_full_month,24.0,24,175.0,0.13714285714285715,calibrated_directional_minimum_full_month,24.0,24,175.0,1602.8999999999999,659.2689791571581,41.78457325422181,1.1182108626198082,57.88884783204017,-6.478208384951425,2356.4824027210884
2026-08-31T07:15:00Z,2026-08-31T07:30:00Z,2026-08-31,2026-08-31_38,0.6876755375177062,24,24,40,31.739130434782606,31.739130434782602,0.0012112639746430422,0.03565714285714286,0.24397714285714284,True,True,True,False,0.3125,calibrated_PETROM_full_month_P90,40.0,40,128.0,0.13714285714285715,calibrated_directional_minimum_full_month,24.0,24,175.0,0.13714285714285715,calibrated_directional_minimum_full_month,24.0,24,175.0,23.86062196302061,659.2689791571581,41.78457325422181,1.1182108626198082,5.5247279128903966,-19.495529399491428,712.0615837504193
2026-08-31T07:30:00Z,2026-08-31T07:45:00Z,2026-08-31,2026-08-31_39,0.0,24,24,40,31.739130434782602,32.1442745242236,0.0025854416563146996,0.24178285714285713,0.7260342857142856,True,True,True,False,0.3125,calibrated_PETROM_full_month_P90,40.0,40,128.0,0.13714285714285715,calibrated_directional_minimum_full_month,24.0,24,175.0,0.13714285714285715,calibrated_directional_minimum_full_month,24.0,24,175.0,0.0,659.2689791571581,41.78457325422181,1.1182108626198082,41.182171845862946,-37.24695061615701,706.1069845037057
2026-08-31T07:45:00Z,2026-08-31T08:00:00Z,2026-08-31,2026-08-31_40,14.818618569973072,24,24,40,32.1442745242236,31.73913043478261,0.008047007615879141,0.0,3.5399314285714283,True,True,True,False,0.3125,calibrated_PETROM_full_month_P90,40.0,40,128.0,0.13714285714285715,calibrated_directional_minimum_full_month,24.0,24,175.0,0.13714285714285715,calibrated_directional_minimum_full_month,24.0,24,175.0,419.0334866124135,659.2689791571581,41.78457325422181,1.1182108626198082,0.0,-92.01909838951555,1029.1861514968978
2026-08-31T08:00:00Z,2026-08-31T08:15:00Z,2026-08-31,2026-08-31_41,2.11609541097089,24,24,40,31.73913043478261,31.739130434782606,0.0033018435243927125,0.08022857142857143,0.70848,True,True,True,False,0.3125,calibrated_PETROM_full_month_P90,40.0,40,128.0,0.13714285714285715,calibrated_directional_minimum_full_month,24.0,24,175.0,0.13714285714285715,calibrated_directional_minimum_full_month,24.0,24,175.0,60.08652919451841,659.2689791571581,41.077133728890914,1.1182108626198082,13.583641259698767,-30.55205476951164,744.5824394333744
2026-08-31T08:15:00Z,2026-08-31T08:30:00Z,2026-08-31,2026-08-31_42,0.0,24,24,40,31.739130434782606,32.75064677763975,0.0028097676190476186,0.0,1.0994742857142856,True,True,True,False,0.3125,calibrated_PETROM_full_month_P90,40.0,40,128.0,0.13714285714285715,calibrated_directional_minimum_full_month,24.0,24,175.0,0.13714285714285715,calibrated_directional_minimum_full_month,24.0,24,175.0,0.0,659.2689791571581,41.077133728890914,1.1182108626198082,0.0,-44.679629106083325,656.7846946425856
2026-08-31T08:30:00Z,2026-08-31T08:45:00Z,2026-08-31,2026-08-31_43,-36.0,24,24,40,32.75064677763975,42.44931832049689,0.026940754285714286,0.0,1.5420342857142857,True,True,True,False,0.3125,calibrated_PETROM_full_month_P90,40.0,40,128.0,0.13714285714285715,calibrated_directional_minimum_full_month,24.0,24,175.0,0.13714285714285715,calibrated_directional_minimum_full_month,24.0,24,175.0,-721.53,659.2689791571581,41.077133728890914,1.1182108626198082,0.0,-65.79305230488362,-85.85872855621474
2026-08-31T08:45:00Z,2026-08-31T09:00:00Z,2026-08-31,2026-08-31_44,0.0,24,24,40,42.44931832049689,43.717845863354036,0.0035236876190476193,0.0,1.3788342857142857,True,True,True,False,0.3125,calibrated_PETROM_full_month_P90,40.0,40,128.0,0.13714285714285715,calibrated_directional_minimum_full_month,24.0,24,175.0,0.13714285714285715,calibrated_directional_minimum_full_month,24.0,24,175.0,0.0,659.2689791571581,41.077133728890914,1.1182108626198082,0.0,70.21713075568886,771.6814545043577
2026-08-31T09:00:00Z,2026-08-31T09:15:00Z,2026-08-31,2026-08-31_45,0.0,24,24,40,43.717845863354036,45.245024834782605,0.004242163809523809,0.0,1.6599771428571426,True,True,True,False,0.3125,calibrated_PETROM_full_month_P90,40.0,40,128.0,0.13714285714285715,calibrated_directional_minimum_full_month,24.0,24,175.0,0.13714285714285715,calibrated_directional_minimum_full_month,24.0,24,175.0,0.0,659.2689791571581,41.716111364673665,4.233226837060704,0.0,5.227362222077328,710.4456795809698
2026-08-31T09:15:00Z,2026-08-31T09:30:00Z,2026-08-31,2026-08-31_46,-36.0,24,24,40,45.245024834782605,53.54546460621118,0.02305677714285714,0.010697142857142856,0.032914285714285715,True,True,True,False,0.3125,calibrated_PETROM_full_month_P90,40.0,40,128.0,0.13714285714285715,calibrated_directional_minimum_full_month,24.0,24,175.0,0.13714285714285715,calibrated_directional_minimum_full_month,24.0,24,175.0,-745.74,659.2689791571581,41.716111364673665,4.233226837060704,1.7358994849057832,-2.1253950577035923,-40.91117821390532
2026-08-31T09:30:00Z,2026-08-31T09:45:00Z,2026-08-31,2026-08-31_47,-36.0,24,24,40,53.54546460621118,61.85700746335404,0.023087619047619044,0.007954285714285714,0.04224,True,True,True,False,0.3125,calibrated_PETROM_full_month_P90,40.0,40,128.0,0.13714285714285715,calibrated_directional_minimum_full_month,24.0,24,175.0,0.13714285714285715,calibrated_directional_minimum_full_month,24.0,24,175.0,-780.66,659.2689791571581,41.716111364673665,4.233226837060704,1.2843787442133403,-2.712809858512095,-76.87011375540622
2026-08-31T09:45:00Z,2026-08-31T10:00:00Z,2026-08-31,2026-08-31_48,-36.0,24,24,40,61.85700746335404,70.18621432049689,0.023136685714285718,0.24370285714285717,0.2971885714285714,True,True,True,False,0.3125,calibrated_PETROM_full_month_P90,40.0,40,128.0,0.13714285714285715,calibrated_directional_minimum_full_month,24.0,24,175.0,0.13714285714285715,calibrated_directional_minimum_full_month,24.0,24,175.0,-682.65,659.2689791571581,41.716111364673665,4.233226837060704,41.41414537393232,-12.620058655538893,51.362404077285944
2026-08-31T10:00:00Z,2026-08-31T10:15:00Z,2026-08-31,2026-08-31_49,-24.0,24,0,40,70.18621432049689,75.42876334906832,0.01456263619047619,0.3015771428571428,0.0,True,True,True,False,0.3125,calibrated_PETROM_full_month_P90,40.0,40,128.0,0.13714285714285715,calibrated_directional_minimum_full_month,24.0,24,175.0,0.13714285714285715,calibrated_directional_minimum_full_month,24.0,24,175.0,-535.98,659.2689791571581,41.761752624372434,0.0,50.84113234661276,0.0,215.8918641281433
2026-08-31T10:15:00Z,2026-08-31T10:30:00Z,2026-08-31,2026-08-31_50,-60.0,24,0,40,75.42876334906832,88.87056266335405,0.037338331428571424,0.38934857142857143,0.0,True,True,True,False,0.3125,calibrated_PETROM_full_month_P90,40.0,40,128.0,0.13714285714285715,calibrated_directional_minimum_full_month,24.0,24,175.0,0.13714285714285715,calibrated_directional_minimum_full_month,24.0,24,175.0,-1231.2,659.2689791571581,41.761752624372434,0.0,65.67325033578926,0.0,-464.49601788268023
2026-08-31T10:30:00Z,2026-08-31T10:45:00Z,2026-08-31,2026-08-31_51,-60.0,24,0,40,88.87056266335405,102.66665134906833,0.038322468571428576,0.004251428571428571,0.0,True,True,True,False,0.3125,calibrated_PETROM_full_month_P90,40.0,40,128.0,0.13714285714285715,calibrated_directional_minimum_full_month,24.0,24,175.0,0.13714285714285715,calibrated_directional_minimum_full_month,24.0,24,175.0,-1207.35,659.2689791571581,41.761752624372434,0.0,0.68933635000326,0.0,-505.6299318684661
2026-08-31T10:45:00Z,2026-08-31T11:00:00Z,2026-08-31,2026-08-31_52,-60.0,24,0,40,102.66665134906833,116.46665134906833,0.03833333333333334,0.0,0.0,True,True,True,False,0.3125,calibrated_PETROM_full_month_P90,40.0,40,128.0,0.13714285714285715,calibrated_directional_minimum_full_month,24.0,24,175.0,0.13714285714285715,calibrated_directional_minimum_full_month,24.0,24,175.0,-1207.65,659.2689791571581,41.761752624372434,0.0,0.0,0.0,-506.61926821846953
2026-08-31T11:00:00Z,2026-08-31T11:15:00Z,2026-08-31,2026-08-31_53,0.0,24,24,40,116.46665134906833,118.6473983204969,0.006057630476190475,0.0,2.3703771428571425,True,True,True,False,0.3125,calibrated_PETROM_full_month_P90,40.0,40,128.0,0.13714285714285715,calibrated_directional_minimum_full_month,24.0,24,175.0,0.13714285714285715,calibrated_directional_minimum_full_month,24.0,24,175.0,0.0,659.2689791571581,41.761752624372434,4.860794157918758,0.0,-48.481298819847424,657.4102271196019
2026-08-31T11:15:00Z,2026-08-31T11:30:00Z,2026-08-31,2026-08-31_54,-36.0,24,24,40,118.6473983204969,127.49693614906833,0.024582049523809525,0.0,0.6190628571428571,True,True,True,False,0.3125,calibrated_PETROM_full_month_P90,40.0,40,128.0,0.13714285714285715,calibrated_directional_minimum_full_month,24.0,24,175.0,0.13714285714285715,calibrated_directional_minimum_full_month,24.0,24,175.0,-761.1299999999999,659.2689791571581,41.761752624372434,4.860794157918758,0.0,-28.30660911521158,-83.54508317576214
2026-08-31T11:30:00Z,2026-08-31T11:45:00Z,2026-08-31,2026-08-31_55,-36.0,24,24,40,127.49693614906833,137.04470666335405,0.026521584761904762,0.0,1.3780114285714284,True,True,True,False,0.3125,calibrated_PETROM_full_month_P90,40.0,40,128.0,0.13714285714285715,calibrated_directional_minimum_full_month,24.0,24,175.0,0.13714285714285715,calibrated_directional_minimum_full_month,24.0,24,175.0,-679.68,659.2689791571581,41.761752624372434,4.860794157918758,0.0,-39.25304234204864,-13.041516402599267
2026-08-31T11:45:00Z,2026-08-31T12:00:00Z,2026-08-31,2026-08-31_56,-36.0,24,24,40,137.04470666335405,147.60941889192546,0.02934642285714286,0.0,2.483382857142857,True,True,True,False,0.3125,calibrated_PETROM_full_month_P90,40.0,40,128.0,0.13714285714285715,calibrated_directional_minimum_full_month,24.0,24,175.0,0.13714285714285715,calibrated_directional_minimum_full_month,24.0,24,175.0,-760.41,659.2689791571581,41.761752624372434,4.860794157918758,0.0,-1.456951946273717,-55.975426006824364
2026-08-31T12:00:00Z,2026-08-31T12:15:00Z,2026-08-31,2026-08-31_57,36.0,24,24,40,147.60941889192546,142.82939404720497,0.01327784679089027,0.0,4.602377142857142,True,True,True,False,0.3125,calibrated_PETROM_full_month_P90,40.0,40,128.0,0.13714285714285715,calibrated_directional_minimum_full_month,24.0,24,175.0,0.13714285714285715,calibrated_directional_minimum_full_month,24.0,24,175.0,945.0,659.2689791571581,41.362391602008216,4.233226837060704,0.0,424.5881966747081,2074.452794270935
2026-08-31T12:15:00Z,2026-08-31T12:30:00Z,2026-08-31,2026-08-31_58,-36.0,24,24,40,142.82939404720497,153.67433301863355,0.03012483047619048,0.0,2.7879771428571427,True,True,True,False,0.3125,calibrated_PETROM_full_month_P90,40.0,40,128.0,0.13714285714285715,calibrated_directional_minimum_full_month,24.0,24,175.0,0.13714285714285715,calibrated_directional_minimum_full_month,24.0,24,175.0,-790.29,659.2689791571581,41.362391602008216,4.233226837060704,0.0,-20.282077746625806,-105.70748015039872
2026-08-31T12:30:00Z,2026-08-31T12:45:00Z,2026-08-31,2026-08-31_59,-36.0,24,24,40,153.67433301863355,162.58645187577642,0.02475588571428572,0.022902857142857145,0.7099885714285714,True,True,True,False,0.3125,calibrated_PETROM_full_month_P90,40.0,40,128.0,0.13714285714285715,calibrated_directional_minimum_full_month,24.0,24,175.0,0.13714285714285715,calibrated_directional_minimum_full_month,24.0,24,175.0,-588.78,659.2689791571581,41.362391602008216,4.233226837060704,3.901517219795267,-29.948761035404576,90.03735378061776
2026-08-31T12:45:00Z,2026-08-31T13:00:00Z,2026-08-31,2026-08-31_60,10.933232460029856,24,24,40,162.58645187577642,161.2309216993789,0.008278548442166793,0.0,1.6218514285714287,True,True,True,False,0.3125,calibrated_PETROM_full_month_P90,40.0,40,128.0,0.13714285714285715,calibrated_directional_minimum_full_month,24.0,24,175.0,0.13714285714285715,calibrated_directional_minimum_full_month,24.0,24,175.0,274.6701324771,659.2689791571581,41.362391602008216,4.233226837060704,0.0,-22.795179813522854,956.7395502598042
2026-08-31T13:00:00Z,2026-08-31T13:15:00Z,2026-08-31,2026-08-31_61,0.0,24,24,40,161.2309216993789,162.5932525714286,0.004233941863354037,0.07446857142857143,1.5687771428571429,True,True,True,False,0.3125,calibrated_PETROM_full_month_P90,40.0,40,128.0,0.13714285714285715,calibrated_directional_minimum_full_month,24.0,24,175.0,0.13714285714285715,calibrated_directional_minimum_full_month,24.0,24,175.0,0.0,659.2689791571581,41.30534002738476,3.0009128251939754,12.731485949012193,-35.58388957423225,680.7228283845168
2026-08-31T13:15:00Z,2026-08-31T13:30:00Z,2026-08-31,2026-08-31_62,-36.0,24,24,40,162.5932525714286,170.72172068571433,0.0225790780952381,0.1970742857142857,0.03236571428571429,True,True,True,False,0.3125,calibrated_PETROM_full_month_P90,40.0,40,128.0,0.13714285714285715,calibrated_directional_minimum_full_month,24.0,24,175.0,0.13714285714285715,calibrated_directional_minimum_full_month,24.0,24,175.0,-587.34,659.2689791571581,41.30534002738476,3.0009128251939754,34.07465519984351,-2.06099998695964,148.2488872226207
2026-08-31T13:30:00Z,2026-08-31T13:45:00Z,2026-08-31,2026-08-31_63,0.0,24,24,40,170.72172068571433,171.5962732919255,0.0024500167287784683,0.003428571428571429,0.9546514285714286,True,True,True,False,0.3125,calibrated_PETROM_full_month_P90,40.0,40,128.0,0.13714285714285715,calibrated_directional_minimum_full_month,24.0,24,175.0,0.13714285714285715,calibrated_directional_minimum_full_month,24.0,24,175.0,0.0,659.2689791571581,41.30534002738476,3.0009128251939754,0.5708287148725305,-21.8009969094347,682.3450638151747
2026-08-31T13:45:00Z,2026-08-31T14:00:00Z,2026-08-31,2026-08-31_64,36.0,24,24,40,171.5962732919255,162.7963229813665,0.024444306418219458,0.17225142857142856,1.0762971428571428,True,True,True,False,0.3125,calibrated_PETROM_full_month_P90,40.0,40,128.0,0.13714285714285715,calibrated_directional_minimum_full_month,24.0,24,175.0,0.13714285714285715,calibrated_directional_minimum_full_month,24.0,24,175.0,1476.81,659.2689791571581,41.30534002738476,3.0009128251939754,33.27518007433005,-36.35695888374519,2177.3034532003217
2026-08-31T14:00:00Z,2026-08-31T14:15:00Z,2026-08-31,2026-08-31_65,-34.382548031326024,24,24,40,162.7963229813665,171.60000000000008,0.02445465838509322,0.015360000000000002,0.988937142857143,True,True,True,False,0.3125,calibrated_PETROM_full_month_P90,40.0,40,128.0,0.13714285714285715,calibrated_directional_minimum_full_month,24.0,24,175.0,0.13714285714285715,calibrated_directional_minimum_full_month,24.0,24,175.0,-1128.3492700180418,659.2689791571581,41.22546782291192,1.1524418073938842,2.9014813327247837,-33.892875425441744,-457.69377532329486
2026-08-31T14:15:00Z,2026-08-31T14:30:00Z,2026-08-31,2026-08-31_66,-9.206936807294147,24,24,40,171.60000000000008,171.60000000000008,0.007705358484951513,2.0701714285714288,0.0,True,True,True,False,0.3125,calibrated_PETROM_full_month_P90,40.0,40,128.0,0.13714285714285715,calibrated_directional_minimum_full_month,24.0,24,175.0,0.13714285714285715,calibrated_directional_minimum_full_month,24.0,24,175.0,-358.7482926962165,659.2689791571581,41.22546782291192,1.1524418073938842,645.5420006520181,0.0,988.4405967432656
2026-08-31T14:30:00Z,2026-08-31T14:45:00Z,2026-08-31,2026-08-31_67,-5.12463145489384,24,24,40,171.60000000000008,171.60000000000008,0.0053245734249911265,1.1211428571428572,0.0,True,True,True,False,0.3125,calibrated_PETROM_full_month_P90,40.0,40,128.0,0.13714285714285715,calibrated_directional_minimum_full_month,24.0,24,175.0,0.13714285714285715,calibrated_directional_minimum_full_month,24.0,24,175.0,-239.52527420173809,659.2689791571581,41.22546782291192,1.1524418073938842,299.58888439720937,0.0,761.7104989829352
2026-08-31T14:45:00Z,2026-08-31T15:00:00Z,2026-08-31,2026-08-31_68,0.0,24,24,40,171.60000000000008,170.05147826086966,0.004301449275362319,1.42464,0.0,True,True,True,False,0.3125,calibrated_PETROM_full_month_P90,40.0,40,128.0,0.13714285714285715,calibrated_directional_minimum_full_month,24.0,24,175.0,0.13714285714285715,calibrated_directional_minimum_full_month,24.0,24,175.0,0.0,659.2689791571581,41.22546782291192,1.1524418073938842,408.31064536741206,0.0,1109.957534154876
2026-08-31T15:00:00Z,2026-08-31T15:15:00Z,2026-08-31,2026-08-31_69,-6.732703213610529,0,0,40,170.05147826086966,171.60000000000008,0.004301449275362283,0.0,0.0,True,False,True,False,0.3125,calibrated_PETROM_full_month_P90,40.0,40,128.0,0.13714285714285715,calibrated_directional_minimum_full_month,24.0,0.0,175.0,0.13714285714285715,calibrated_directional_minimum_full_month,24.0,0.0,175.0,-321.0657844990521,659.2689791571581,0.0,0.0,0.0,0.0,338.20319465810604
2026-08-31T15:15:00Z,2026-08-31T15:30:00Z,2026-08-31,2026-08-31_70,0.0,0,0,40,171.60000000000008,171.60000000000008,0.0,0.0,0.0,True,False,True,False,0.3125,calibrated_PETROM_full_month_P90,40.0,40,128.0,0.13714285714285715,calibrated_directional_minimum_full_month,24.0,0.0,175.0,0.13714285714285715,calibrated_directional_minimum_full_month,24.0,0.0,175.0,0.0,659.2689791571581,0.0,0.0,0.0,0.0,659.2689791571581
2026-08-31T15:30:00Z,2026-08-31T15:45:00Z,2026-08-31,2026-08-31_71,0.0,0,0,40,171.60000000000008,171.60000000000008,0.0,0.0,0.0,True,False,True,False,0.3125,calibrated_PETROM_full_month_P90,40.0,40,128.0,0.13714285714285715,calibrated_directional_minimum_full_month,24.0,0.0,175.0,0.13714285714285715,calibrated_directional_minimum_full_month,24.0,0.0,175.0,0.0,659.2689791571581,0.0,0.0,0.0,0.0,659.2689791571581
2026-08-31T15:45:00Z,2026-08-31T16:00:00Z,2026-08-31,2026-08-31_72,0.0,0,0,40,171.60000000000008,171.60000000000008,0.0,0.0,0.0,True,False,True,False,0.3125,calibrated_PETROM_full_month_P90,40.0,40,128.0,0.13714285714285715,calibrated_directional_minimum_full_month,24.0,0.0,175.0,0.13714285714285715,calibrated_directional_minimum_full_month,24.0,0.0,175.0,0.0,659.2689791571581,0.0,0.0,0.0,0.0,659.2689791571581
2026-08-31T16:00:00Z,2026-08-31T16:15:00Z,2026-08-31,2026-08-31_73,0.0,24,24,40,171.60000000000008,168.04472049689448,0.009875776397515528,3.270857142857143,0.0,True,True,True,False,0.3125,calibrated_PETROM_full_month_P90,40.0,40,128.0,0.13714285714285715,calibrated_directional_minimum_full_month,24.0,24,175.0,0.13714285714285715,calibrated_directional_minimum_full_month,24.0,24,175.0,0.0,659.2689791571581,41.91008671839342,1.1752624372432678,1449.955594966421,0.0,2152.3099232792156
2026-08-31T16:15:00Z,2026-08-31T16:30:00Z,2026-08-31,2026-08-31_74,36.0,24,24,40,168.04472049689448,154.3197018633541,0.03812505175983437,3.6270171428571425,0.0,True,True,True,False,0.3125,calibrated_PETROM_full_month_P90,40.0,40,128.0,0.13714285714285715,calibrated_directional_minimum_full_month,24.0,24,175.0,0.13714285714285715,calibrated_directional_minimum_full_month,24.0,24,175.0,2287.98,659.2689791571581,41.91008671839342,1.1752624372432678,1501.0542603116646,0.0,4491.38858862446
2026-08-31T16:30:00Z,2026-08-31T16:45:00Z,2026-08-31,2026-08-31_75,36.0,24,24,40,154.3197018633541,140.91383850931683,0.03723850931677018,3.333394285714286,0.0,True,True,True,False,0.3125,calibrated_PETROM_full_month_P90,40.0,40,128.0,0.13714285714285715,calibrated_directional_minimum_full_month,24.0,24,175.0,0.13714285714285715,calibrated_directional_minimum_full_month,24.0,24,175.0,2332.35,659.2689791571581,41.91008671839342,1.1752624372432678,1722.8984088674451,0.0,4757.60273718024
2026-08-31T16:45:00Z,2026-08-31T17:00:00Z,2026-08-31,2026-08-31_76,36.0,24,24,40,140.91383850931683,128.06742857142862,0.035684472049689435,2.8186971428571432,0.0,True,True,True,False,0.3125,calibrated_PETROM_full_month_P90,40.0,40,128.0,0.13714285714285715,calibrated_directional_minimum_full_month,24.0,24,175.0,0.13714285714285715,calibrated_directional_minimum_full_month,24.0,24,175.0,2528.0099999999998,659.2689791571581,41.91008671839342,1.1752624372432678,1169.846688322358,0.0,4400.211016635152
2026-08-31T17:00:00Z,2026-08-31T17:15:00Z,2026-08-31,2026-08-31_77,0.0,24,24,40,128.06742857142862,127.67026858136651,0.0011775231469979297,0.37769142857142857,0.014537142857142856,True,True,True,False,0.3125,calibrated_PETROM_full_month_P90,40.0,40,128.0,0.13714285714285715,calibrated_directional_minimum_full_month,24.0,24,175.0,0.13714285714285715,calibrated_directional_minimum_full_month,24.0,24,175.0,0.0,659.2689791571581,31.811958010041074,1.1752624372432678,115.59301334028818,-1.168000156484319,806.6812127882463
2026-08-31T17:15:00Z,2026-08-31T17:30:00Z,2026-08-31,2026-08-31_78,0.0,24,24,40,127.67026858136651,127.60075933416154,0.00024004505175983436,0.07172571428571428,0.00918857142857143,True,True,True,False,0.3125,calibrated_PETROM_full_month_P90,40.0,40,128.0,0.13714285714285715,calibrated_directional_minimum_full_month,24.0,24,175.0,0.13714285714285715,calibrated_directional_minimum_full_month,24.0,24,175.0,0.0,659.2689791571581,31.811958010041074,1.1752624372432678,16.701258368650976,-0.8737041142335529,708.0837538588598
2026-08-31T17:30:00Z,2026-08-31T17:45:00Z,2026-08-31,2026-08-31_79,0.0,24,24,40,127.60075933416154,123.9026723776398,0.010272463768115941,3.40224,0.0,True,True,True,False,0.3125,calibrated_PETROM_full_month_P90,40.0,40,128.0,0.13714285714285715,calibrated_directional_minimum_full_month,24.0,24,175.0,0.13714285714285715,calibrated_directional_minimum_full_month,24.0,24,175.0,0.0,659.2689791571581,31.811958010041074,1.1752624372432678,1427.7917093564581,0.0,2120.0479089609007
2026-08-31T17:45:00Z,2026-08-31T18:00:00Z,2026-08-31,2026-08-31_80,0.0,24,24,40,123.9026723776398,117.97750467577644,0.01645879917184265,5.451154285714286,0.0,True,True,True,False,0.3125,calibrated_PETROM_full_month_P90,40.0,40,128.0,0.13714285714285715,calibrated_directional_minimum_full_month,24.0,24,175.0,0.13714285714285715,calibrated_directional_minimum_full_month,24.0,24,175.0,0.0,659.2689791571581,31.811958010041074,1.1752624372432678,2552.803831988003,0.0,3245.0600315924453
2026-08-31T18:00:00Z,2026-08-31T18:15:00Z,2026-08-31,2026-08-31_81,36.0,24,24,40,117.97750467577644,105.34545498633545,0.03508902691511387,2.621485714285714,0.0,True,True,True,False,0.3125,calibrated_PETROM_full_month_P90,40.0,40,128.0,0.13714285714285715,calibrated_directional_minimum_full_month,24.0,24,175.0,0.13714285714285715,calibrated_directional_minimum_full_month,24.0,24,175.0,2291.7599999999998,659.2689791571581,40.90597900502054,1.1752624372432678,897.2955148986111,0.0,3890.4057354980328
2026-08-31T18:15:00Z,2026-08-31T18:30:00Z,2026-08-31,2026-08-31_82,17.86115393828588,24,24,40,105.34545498633545,98.85361967701864,0.018032875859213378,1.5071999999999999,0.0,True,True,True,False,0.3125,calibrated_PETROM_full_month_P90,40.0,40,128.0,0.13714285714285715,calibrated_directional_minimum_full_month,24.0,24,175.0,0.13714285714285715,calibrated_directional_minimum_full_month,24.0,24,175.0,1119.6264346214505,659.2689791571581,40.90597900502054,1.1752624372432678,485.6159762665449,0.0,2306.5926314874173
2026-08-31T18:30:00Z,2026-08-31T18:45:00Z,2026-08-31,2026-08-31_83,36.0,24,24,40,98.85361967701864,88.57133396273292,0.028561904761904764,0.45970285714285714,0.0,True,True,True,False,0.3125,calibrated_PETROM_full_month_P90,40.0,40,128.0,0.13714285714285715,calibrated_directional_minimum_full_month,24.0,24,175.0,0.13714285714285715,calibrated_directional_minimum_full_month,24.0,24,175.0,2291.7599999999998,659.2689791571581,40.90597900502054,1.1752624372432678,127.869937536676,0.0,3120.9801581360975
2026-08-31T18:45:00Z,2026-08-31T19:00:00Z,2026-08-31,2026-08-31_84,36.0,24,24,40,88.57133396273292,78.10420352795032,0.02907536231884058,0.6371657142857143,0.0074057142857142854,True,True,True,False,0.3125,calibrated_PETROM_full_month_P90,40.0,40,128.0,0.13714285714285715,calibrated_directional_minimum_full_month,24.0,24,175.0,0.13714285714285715,calibrated_directional_minimum_full_month,24.0,24,175.0,2415.69,659.2689791571581,40.90597900502054,1.1752624372432678,200.04912016691662,-0.706787715980961,3316.3825530503577
2026-08-31T19:00:00Z,2026-08-31T19:15:00Z,2026-08-31,2026-08-31_85,36.0,24,24,40,78.10420352795032,65.46544576397517,0.035107660455486536,2.6276571428571427,0.0,True,True,True,False,0.3125,calibrated_PETROM_full_month_P90,40.0,40,128.0,0.13714285714285715,calibrated_directional_minimum_full_month,24.0,24,175.0,0.13714285714285715,calibrated_directional_minimum_full_month,24.0,24,175.0,2350.7999999999997,659.2689791571581,41.03149246919215,1.1752624372432678,1003.6751813262046,0.0,4055.950915389798
2026-08-31T19:15:00Z,2026-08-31T19:30:00Z,2026-08-31,2026-08-31_86,36.0,24,24,40,65.46544576397517,52.85978116770188,0.03501573498964803,2.5972114285714283,0.0,True,True,True,False,0.3125,calibrated_PETROM_full_month_P90,40.0,40,128.0,0.13714285714285715,calibrated_directional_minimum_full_month,24.0,24,175.0,0.13714285714285715,calibrated_directional_minimum_full_month,24.0,24,175.0,2271.87,659.2689791571581,41.03149246919215,1.1752624372432678,926.9111922801069,0.0,3900.2569263437003
2026-08-31T19:30:00Z,2026-08-31T19:45:00Z,2026-08-31,2026-08-31_87,36.0,24,24,40,52.85978116770188,38.1692470062112,0.04080703933747412,4.5152914285714285,0.0,True,True,True,False,0.3125,calibrated_PETROM_full_month_P90,40.0,40,128.0,0.13714285714285715,calibrated_directional_minimum_full_month,24.0,24,175.0,0.13714285714285715,calibrated_directional_minimum_full_month,24.0,24,175.0,2304.54,659.2689791571581,41.03149246919215,1.1752624372432678,2371.074980191693,0.0,5377.090714255287
2026-08-31T19:45:00Z,2026-08-31T20:00:00Z,2026-08-31,2026-08-31_88,0.0,24,24,40,38.1692470062112,37.17391304347829,0.0031117879917184265,0.9731657142857142,0.06788571428571429,True,True,True,False,0.3125,calibrated_PETROM_full_month_P90,40.0,40,128.0,0.13714285714285715,calibrated_directional_minimum_full_month,24.0,24,175.0,0.13714285714285715,calibrated_directional_minimum_full_month,24.0,24,175.0,0.0,659.2689791571581,41.03149246919215,1.1752624372432678,320.0827610093238,-5.683504987937667,1015.8749900849797
2026-08-31T20:00:00Z,2026-08-31T20:15:00Z,2026-08-31,2026-08-31_89,100.0,0,0,0,37.17391304347829,10.000000000000028,0.0754830917874396,0.0,0.0,True,False,True,False,0.3125,calibrated_PETROM_full_month_P90,40.0,40,128.0,0.13714285714285715,calibrated_directional_minimum_full_month,24.0,0.0,175.0,0.13714285714285715,calibrated_directional_minimum_full_month,24.0,0.0,175.0,6313.75,0.0,0.0,0.0,0.0,0.0,6313.75
2026-08-31T20:15:00Z,2026-08-31T20:30:00Z,2026-08-31,2026-08-31_90,0.0,0,0,0,10.000000000000028,10.000000000000028,0.0,0.0,0.0,True,False,True,False,0.3125,calibrated_PETROM_full_month_P90,40.0,40,128.0,0.13714285714285715,calibrated_directional_minimum_full_month,24.0,0.0,175.0,0.13714285714285715,calibrated_directional_minimum_full_month,24.0,0.0,175.0,0.0,0.0,0.0,0.0,0.0,0.0,0.0
2026-08-31T20:30:00Z,2026-08-31T20:45:00Z,2026-08-31,2026-08-31_91,0.0,0,0,0,10.000000000000028,10.000000000000028,0.0,0.0,0.0,True,False,True,False,0.3125,calibrated_PETROM_full_month_P90,40.0,40,128.0,0.13714285714285715,calibrated_directional_minimum_full_month,24.0,0.0,175.0,0.13714285714285715,calibrated_directional_minimum_full_month,24.0,0.0,175.0,0.0,0.0,0.0,0.0,0.0,0.0,0.0
2026-08-31T20:45:00Z,2026-08-31T21:00:00Z,2026-08-31,2026-08-31_92,0.0,0,0,0,10.000000000000028,10.000000000000028,0.0,0.0,0.0,True,False,True,False,0.3125,calibrated_PETROM_full_month_P90,40.0,40,128.0,0.13714285714285715,calibrated_directional_minimum_full_month,24.0,0.0,175.0,0.13714285714285715,calibrated_directional_minimum_full_month,24.0,0.0,175.0,0.0,0.0,0.0,0.0,0.0,0.0,0.0
